<?xml:stylesheet href="poslog.xsl" type="text/xsl"?>
<poslog serialno="917921" trafo="#KR2210_2 S C2 FLR ZH210" date="11-28-2019" time="08:53:51" tick="4228351056" timestamp="40679402" trigger="ENABLING SWITCH">
<syn_motion>
<program>CELL</program>
<line>31</line>
<name>XHOME</name>
<base>
<pos x="0.000000" y="0.000000" z="0.000000" a="0.000000" b="0.000000" c="0.000000" /></base>
<tool>
<pos x="0.000000" y="-140.000000" z="549.000000" a="0.000000" b="0.000000" c="0.000000" /></tool>
<ipo_mode>base</ipo_mode>
<load>
<mass>220.000000</mass>
</load>
<bco_motion>true</bco_motion>
<interrupt>false</interrupt>
<ipo_cycle>4294967063</ipo_cycle>
</syn_motion>
<value>
<planned>
<robot_axis a1="64.944748" a2="-42.279522" a3="55.445328" a4="-179.494949" a5="-76.884827" a6="-26.149151" />
<external_axis />
</planned>
<actual>
<robot_axis a1="64.914749" a2="-42.175011" a3="55.379700" a4="-179.496140" a5="-76.834854" a6="-26.004875" />
<external_axis />
</actual>
<ipo_cycle>4294967090</ipo_cycle>
</value>
<value>
<planned>
<robot_axis a1="65.085114" a2="-42.679539" a3="55.669548" a4="-179.492798" a5="-77.060310" a6="-26.656769" />
<external_axis />
</planned>
<actual>
<robot_axis a1="65.039063" a2="-42.531738" a3="55.580120" a4="-179.494629" a5="-76.991562" a6="-26.457163" />
<external_axis />
</actual>
<ipo_cycle>4294967098</ipo_cycle>
</value>
<value>
<planned>
<robot_axis a1="65.231796" a2="-43.097488" a3="55.903805" a4="-179.490417" a5="-77.243675" a6="-27.187279" />
<external_axis />
</planned>
<actual>
<robot_axis a1="65.174011" a2="-42.926495" a3="55.807220" a4="-179.492477" a5="-77.168488" a6="-26.961521" />
<external_axis />
</actual>
<ipo_cycle>4294967105</ipo_cycle>
</value>
<value>
<planned>
<robot_axis a1="65.383705" a2="-43.530369" a3="56.146427" a4="-179.488052" a5="-77.433594" a6="-27.736732" />
<external_axis />
</planned>
<actual>
<robot_axis a1="65.322800" a2="-43.355526" a3="56.050774" a4="-179.490417" a5="-77.356636" a6="-27.508329" />
<external_axis />
</actual>
<ipo_cycle>4294967112</ipo_cycle>
</value>
<value>
<planned>
<robot_axis a1="65.535606" a2="-43.963249" a3="56.389145" a4="-179.485672" a5="-77.623619" a6="-28.286020" />
<external_axis />
</planned>
<actual>
<robot_axis a1="65.474701" a2="-43.789158" a3="56.293674" a4="-179.487610" a5="-77.547661" a6="-28.061069" />
<external_axis />
</actual>
<ipo_cycle>4294967119</ipo_cycle>
</value>
<value>
<planned>
<robot_axis a1="65.687607" a2="-44.396126" a3="56.631771" a4="-179.483307" a5="-77.813538" a6="-28.835472" />
<external_axis />
</planned>
<actual>
<robot_axis a1="65.626503" a2="-44.221848" a3="56.535648" a4="-179.485458" a5="-77.737801" a6="-28.612495" />
<external_axis />
</actual>
<ipo_cycle>4294967126</ipo_cycle>
</value>
<value>
<planned>
<robot_axis a1="65.839508" a2="-44.829102" a3="56.874485" a4="-179.480927" a5="-78.003456" a6="-29.384926" />
<external_axis />
</planned>
<actual>
<robot_axis a1="65.778908" a2="-44.655010" a3="56.778366" a4="-179.482544" a5="-77.927498" a6="-29.163578" />
<external_axis />
</actual>
<ipo_cycle>4294967133</ipo_cycle>
</value>
<value>
<planned>
<robot_axis a1="65.991409" a2="-45.261982" a3="57.117111" a4="-179.478546" a5="-78.193489" a6="-29.934378" />
<external_axis />
</planned>
<actual>
<robot_axis a1="65.930008" a2="-45.088173" a3="57.021271" a4="-179.480164" a5="-78.117523" a6="-29.713686" />
<external_axis />
</actual>
<ipo_cycle>4294967140</ipo_cycle>
</value>
<value>
<planned>
<robot_axis a1="66.143417" a2="-45.694954" a3="57.359829" a4="-179.476181" a5="-78.383408" a6="-30.483829" />
<external_axis />
</planned>
<actual>
<robot_axis a1="66.082916" a2="-45.520866" a3="57.262871" a4="-179.477478" a5="-78.307106" a6="-30.262966" />
<external_axis />
</actual>
<ipo_cycle>4294967147</ipo_cycle>
</value>
<value>
<planned>
<robot_axis a1="66.295319" a2="-46.127834" a3="57.602451" a4="-179.473801" a5="-78.573326" a6="-31.033283" />
<external_axis />
</planned>
<actual>
<robot_axis a1="66.234215" a2="-45.953838" a3="57.506145" a4="-179.474991" a5="-78.497475" a6="-30.812916" />
<external_axis />
</actual>
<ipo_cycle>4294967154</ipo_cycle>
</value>
<value>
<planned>
<robot_axis a1="66.447220" a2="-46.560810" a3="57.845169" a4="-179.471436" a5="-78.763359" a6="-31.582735" />
<external_axis />
</planned>
<actual>
<robot_axis a1="66.386314" a2="-46.386345" a3="57.748585" a4="-179.472397" a5="-78.687500" a6="-31.362858" />
<external_axis />
</actual>
<ipo_cycle>4294967161</ipo_cycle>
</value>
<value>
<planned>
<robot_axis a1="66.599220" a2="-46.993690" a3="58.087791" a4="-179.469055" a5="-78.953278" a6="-32.132187" />
<external_axis />
</planned>
<actual>
<robot_axis a1="66.538422" a2="-46.819035" a3="57.990742" a4="-179.469696" a5="-78.876976" a6="-31.912628" />
<external_axis />
</actual>
<ipo_cycle>4294967168</ipo_cycle>
</value>
<value>
<planned>
<robot_axis a1="66.751122" a2="-47.426662" a3="58.330509" a4="-179.466675" a5="-79.143303" a6="-32.681641" />
<external_axis />
</planned>
<actual>
<robot_axis a1="66.689720" a2="-47.252949" a3="58.233925" a4="-179.467224" a5="-79.067558" a6="-32.462418" />
<external_axis />
</actual>
<ipo_cycle>4294967175</ipo_cycle>
</value>
<value>
<planned>
<robot_axis a1="66.903023" a2="-47.859543" a3="58.573132" a4="-179.464310" a5="-79.333221" a6="-33.231094" />
<external_axis />
</planned>
<actual>
<robot_axis a1="66.842224" a2="-47.684891" a3="58.476269" a4="-179.464523" a5="-79.256477" a6="-33.010868" />
<external_axis />
</actual>
<ipo_cycle>4294967182</ipo_cycle>
</value>
<value>
<planned>
<robot_axis a1="67.055031" a2="-48.292519" a3="58.815849" a4="-179.461929" a5="-79.523140" a6="-33.780544" />
<external_axis />
</planned>
<actual>
<robot_axis a1="66.993927" a2="-48.118145" a3="58.718521" a4="-179.462143" a5="-79.447723" a6="-33.560337" />
<external_axis />
</actual>
<ipo_cycle>4294967189</ipo_cycle>
</value>
<value>
<planned>
<robot_axis a1="67.206932" a2="-48.725399" a3="59.058472" a4="-179.459564" a5="-79.713173" a6="-34.329998" />
<external_axis />
</planned>
<actual>
<robot_axis a1="67.145927" a2="-48.551399" a3="58.961609" a4="-179.459671" a5="-79.636642" a6="-34.110268" />
<external_axis />
</actual>
<ipo_cycle>4294967196</ipo_cycle>
</value>
<value>
<planned>
<robot_axis a1="67.358833" a2="-49.158279" a3="59.301189" a4="-179.457184" a5="-79.903091" a6="-34.879452" />
<external_axis />
</planned>
<actual>
<robot_axis a1="67.298134" a2="-48.984375" a3="59.203674" a4="-179.457291" a5="-79.827339" a6="-34.660385" />
<external_axis />
</actual>
<ipo_cycle>4294967203</ipo_cycle>
</value>
<value>
<planned>
<robot_axis a1="67.510834" a2="-49.591251" a3="59.543816" a4="-179.454819" a5="-80.093010" a6="-35.428902" />
<external_axis />
</planned>
<actual>
<robot_axis a1="67.449837" a2="-49.417068" a3="59.447044" a4="-179.455139" a5="-80.017372" a6="-35.209679" />
<external_axis />
</actual>
<ipo_cycle>4294967210</ipo_cycle>
</value>
<value>
<planned>
<robot_axis a1="67.662735" a2="-50.024132" a3="59.786530" a4="-179.452438" a5="-80.283035" a6="-35.978355" />
<external_axis />
</planned>
<actual>
<robot_axis a1="67.601837" a2="-49.849949" a3="59.689667" a4="-179.452545" a5="-80.206848" a6="-35.758793" />
<external_axis />
</actual>
<ipo_cycle>4294967217</ipo_cycle>
</value>
<value>
<planned>
<robot_axis a1="67.814644" a2="-50.457108" a3="60.029156" a4="-179.450058" a5="-80.472954" a6="-36.527809" />
<external_axis />
</planned>
<actual>
<robot_axis a1="67.753937" a2="-50.282639" a3="59.931732" a4="-179.450607" a5="-80.397102" a6="-36.307762" />
<external_axis />
</actual>
<ipo_cycle>4294967224</ipo_cycle>
</value>
<value>
<planned>
<robot_axis a1="67.966545" a2="-50.889988" a3="60.271873" a4="-179.447693" a5="-80.662872" a6="-37.077259" />
<external_axis />
</planned>
<actual>
<robot_axis a1="67.905441" a2="-50.716084" a3="60.174728" a4="-179.448441" a5="-80.586685" a6="-36.856884" />
<external_axis />
</actual>
<ipo_cycle>4294967231</ipo_cycle>
</value>
<value>
<planned>
<robot_axis a1="68.118546" a2="-51.322960" a3="60.514496" a4="-179.445313" a5="-80.852905" a6="-37.626713" />
<external_axis />
</planned>
<actual>
<robot_axis a1="68.057442" a2="-51.148399" a3="60.417538" a4="-179.446503" a5="-80.777054" a6="-37.407001" />
<external_axis />
</actual>
<ipo_cycle>4294967238</ipo_cycle>
</value>
<value>
<planned>
<robot_axis a1="68.270447" a2="-51.755840" a3="60.757214" a4="-179.442947" a5="-81.042824" a6="-38.176003" />
<external_axis />
</planned>
<actual>
<robot_axis a1="68.209442" a2="-51.581657" a3="60.659977" a4="-179.444229" a5="-80.967079" a6="-37.956455" />
<external_axis />
</actual>
<ipo_cycle>4294967245</ipo_cycle>
</value>
<value>
<planned>
<robot_axis a1="68.422348" a2="-52.188816" a3="60.999836" a4="-179.440567" a5="-81.232857" a6="-38.725456" />
<external_axis />
</planned>
<actual>
<robot_axis a1="68.361046" a2="-52.014629" a3="60.903439" a4="-179.442078" a5="-81.156448" a6="-38.506069" />
<external_axis />
</actual>
<ipo_cycle>4294967252</ipo_cycle>
</value>
<value>
<planned>
<robot_axis a1="68.574356" a2="-52.621696" a3="61.242554" a4="-179.438187" a5="-81.422775" a6="-39.274906" />
<external_axis />
</planned>
<actual>
<robot_axis a1="68.513550" a2="-52.447605" a3="61.145226" a4="-179.439590" a5="-81.347031" a6="-39.055035" />
<external_axis />
</actual>
<ipo_cycle>4294967259</ipo_cycle>
</value>
<value>
<planned>
<robot_axis a1="68.726257" a2="-53.054668" a3="61.485176" a4="-179.435822" a5="-81.612694" a6="-39.824360" />
<external_axis />
</planned>
<actual>
<robot_axis a1="68.665154" a2="-52.880672" a3="61.387756" a4="-179.437225" a5="-81.536285" a6="-39.604641" />
<external_axis />
</actual>
<ipo_cycle>4294967266</ipo_cycle>
</value>
<value>
<planned>
<robot_axis a1="68.878159" a2="-53.487549" a3="61.727894" a4="-179.433441" a5="-81.802719" a6="-40.373814" />
<external_axis />
</planned>
<actual>
<robot_axis a1="68.816956" a2="-53.313362" a3="61.631218" a4="-179.434845" a5="-81.727203" a6="-40.154106" />
<external_axis />
</actual>
<ipo_cycle>4294967273</ipo_cycle>
</value>
<value>
<planned>
<robot_axis a1="69.030159" a2="-53.920429" a3="61.970520" a4="-179.431076" a5="-81.992638" a6="-40.923264" />
<external_axis />
</planned>
<actual>
<robot_axis a1="68.969360" a2="-53.745586" a3="61.873470" a4="-179.432144" a5="-81.916115" a6="-40.703869" />
<external_axis />
</actual>
<ipo_cycle>4294967280</ipo_cycle>
</value>
<value>
<planned>
<robot_axis a1="69.181862" a2="-54.352840" a3="62.212864" a4="-179.428696" a5="-82.182335" a6="-41.472057" />
<external_axis />
</planned>
<actual>
<robot_axis a1="69.120956" a2="-54.179405" a3="62.116184" a4="-179.429993" a5="-82.107147" a6="-41.253178" />
<external_axis />
</actual>
<ipo_cycle>4294967287</ipo_cycle>
</value>
<value>
<planned>
<robot_axis a1="69.325439" a2="-54.762058" a3="62.442287" a4="-179.426437" a5="-82.361923" a6="-41.991371" />
<external_axis />
</planned>
<actual>
<robot_axis a1="69.266037" a2="-54.600361" a3="62.356670" a4="-179.427841" a5="-82.292625" a6="-41.789455" />
<external_axis />
</actual>
<ipo_cycle>4294967294</ipo_cycle>
</value>
</poslog>
