<?xml:stylesheet href="poslog.xsl" type="text/xsl"?>
<poslog serialno="917921" trafo="#KR2210_2 S C2 FLR ZH210" date="11-28-2019" time="08:25:50" tick="4227510642" timestamp="38998574" trigger="ENABLING SWITCH">
<syn_motion>
<program>DEJAR_DARSENA1</program>
<line>59</line>
<name>XAPROXIMACION_DEJADA</name>
<base>
<pos x="-248.523102" y="-1156.965942" z="-595.421875" a="179.909500" b="0.141500" c="-0.202500" /></base>
<tool>
<pos x="0.000000" y="-140.000000" z="549.000000" a="0.000000" b="0.000000" c="0.000000" /></tool>
<ipo_mode>base</ipo_mode>
<load>
<mass>220.000000</mass>
</load>
<bco_motion>false</bco_motion>
<interrupt>false</interrupt>
<ipo_cycle>4294963436</ipo_cycle>
</syn_motion>
<value>
<planned>
<robot_axis a1="115.543266" a2="-63.052792" a3="84.354385" a4="-180.048203" a5="-68.942078" a6="-64.528862" />
<external_axis />
</planned>
<actual>
<robot_axis a1="115.536339" a2="-63.230167" a3="84.300659" a4="-180.048096" a5="-69.171997" a6="-64.537674" />
<external_axis />
</actual>
<ipo_cycle>4294963776</ipo_cycle>
</value>
<value>
<planned>
<robot_axis a1="115.560722" a2="-62.614277" a3="84.486855" a4="-180.048416" a5="-68.370956" a6="-64.510902" />
<external_axis />
</planned>
<actual>
<robot_axis a1="115.553696" a2="-62.790245" a3="84.434517" a4="-180.048309" a5="-68.598763" a6="-64.520508" />
<external_axis />
</actual>
<ipo_cycle>4294963783</ipo_cycle>
</value>
<value>
<planned>
<robot_axis a1="115.578079" a2="-62.179520" a3="84.618210" a4="-180.048523" a5="-67.804939" a6="-64.493179" />
<external_axis />
</planned>
<actual>
<robot_axis a1="115.570953" a2="-62.353703" a3="84.565872" a4="-180.048523" a5="-68.031303" a6="-64.503090" />
<external_axis />
</actual>
<ipo_cycle>4294963790</ipo_cycle>
</value>
<value>
<planned>
<robot_axis a1="115.595238" a2="-61.748611" a3="84.748444" a4="-180.048737" a5="-67.243813" a6="-64.475517" />
<external_axis />
</planned>
<actual>
<robot_axis a1="115.588112" a2="-61.921291" a3="84.696198" a4="-180.048630" a5="-67.467728" a6="-64.485558" />
<external_axis />
</actual>
<ipo_cycle>4294963797</ipo_cycle>
</value>
<value>
<planned>
<robot_axis a1="115.612190" a2="-61.321739" a3="84.877380" a4="-180.048859" a5="-66.688019" a6="-64.457932" />
<external_axis />
</planned>
<actual>
<robot_axis a1="115.605270" a2="-61.492733" a3="84.826714" a4="-180.048859" a5="-66.909492" a6="-64.467613" />
<external_axis />
</actual>
<ipo_cycle>4294963804</ipo_cycle>
</value>
<value>
<planned>
<robot_axis a1="115.629044" a2="-60.898811" a3="85.005196" a4="-180.048965" a5="-66.137329" a6="-64.440735" />
<external_axis />
</planned>
<actual>
<robot_axis a1="115.622421" a2="-61.068302" a3="84.954163" a4="-180.049072" a5="-66.356804" a6="-64.449905" />
<external_axis />
</actual>
<ipo_cycle>4294963811</ipo_cycle>
</value>
<value>
<planned>
<robot_axis a1="115.645699" a2="-60.480019" a3="85.131714" a4="-180.049179" a5="-65.591972" a6="-64.423454" />
<external_axis />
</planned>
<actual>
<robot_axis a1="115.639183" a2="-60.647820" a3="85.080956" a4="-180.049072" a5="-65.809563" a6="-64.431602" />
<external_axis />
</actual>
<ipo_cycle>4294963818</ipo_cycle>
</value>
<value>
<planned>
<robot_axis a1="115.662254" a2="-60.065353" a3="85.257019" a4="-180.049286" a5="-65.052063" a6="-64.406570" />
<external_axis />
</planned>
<actual>
<robot_axis a1="115.655632" a2="-60.231560" a3="85.207664" a4="-180.049286" a5="-65.267647" a6="-64.413712" />
<external_axis />
</actual>
<ipo_cycle>4294963825</ipo_cycle>
</value>
<value>
<planned>
<robot_axis a1="115.678612" a2="-59.654915" a3="85.381027" a4="-180.049500" a5="-64.517700" a6="-64.389755" />
<external_axis />
</planned>
<actual>
<robot_axis a1="115.672089" a2="-59.819336" a3="85.331673" a4="-180.049500" a5="-64.731071" a6="-64.395561" />
<external_axis />
</actual>
<ipo_cycle>4294963832</ipo_cycle>
</value>
<value>
<planned>
<robot_axis a1="115.694763" a2="-59.248703" a3="85.503738" a4="-180.049606" a5="-63.988785" a6="-64.373184" />
<external_axis />
</planned>
<actual>
<robot_axis a1="115.688339" a2="-59.411247" a3="85.454193" a4="-180.049500" a5="-64.199707" a6="-64.378952" />
<external_axis />
</actual>
<ipo_cycle>4294963839</ipo_cycle>
</value>
<value>
<planned>
<robot_axis a1="115.710815" a2="-58.846809" a3="85.625237" a4="-180.049713" a5="-63.465420" a6="-64.356682" />
<external_axis />
</planned>
<actual>
<robot_axis a1="115.704292" a2="-59.007664" a3="85.577080" a4="-180.049820" a5="-63.674122" a6="-64.362915" />
<external_axis />
</actual>
<ipo_cycle>4294963846</ipo_cycle>
</value>
<value>
<planned>
<robot_axis a1="115.726570" a2="-58.449142" a3="85.745338" a4="-180.049927" a5="-62.947609" a6="-64.340424" />
<external_axis />
</planned>
<actual>
<robot_axis a1="115.720245" a2="-58.608494" a3="85.697464" a4="-180.050140" a5="-63.154091" a6="-64.346626" />
<external_axis />
</actual>
<ipo_cycle>4294963853</ipo_cycle>
</value>
<value>
<planned>
<robot_axis a1="115.742325" a2="-58.055794" a3="85.864235" a4="-180.050034" a5="-62.435352" a6="-64.324234" />
<external_axis />
</planned>
<actual>
<robot_axis a1="115.735802" a2="-58.213360" a3="85.815987" a4="-180.050140" a5="-62.639500" a6="-64.331223" />
<external_axis />
</actual>
<ipo_cycle>4294963860</ipo_cycle>
</value>
<value>
<planned>
<robot_axis a1="115.757774" a2="-57.666767" a3="85.981735" a4="-180.050140" a5="-61.928871" a6="-64.308289" />
<external_axis />
</planned>
<actual>
<robot_axis a1="115.751450" a2="-57.822830" a3="85.934975" a4="-180.050247" a5="-62.130909" a6="-64.315910" />
<external_axis />
</actual>
<ipo_cycle>4294963867</ipo_cycle>
</value>
<value>
<planned>
<robot_axis a1="115.773125" a2="-57.282059" a3="86.097931" a4="-180.050247" a5="-61.427944" a6="-64.292580" />
<external_axis />
</planned>
<actual>
<robot_axis a1="115.766899" a2="-57.436619" a3="86.051361" a4="-180.050476" a5="-61.627983" a6="-64.300499" />
<external_axis />
</actual>
<ipo_cycle>4294963874</ipo_cycle>
</value>
<value>
<planned>
<robot_axis a1="115.790382" a2="-56.847771" a3="86.229195" a4="-180.050476" a5="-60.862484" a6="-64.274864" />
<external_axis />
</planned>
<actual>
<robot_axis a1="115.783958" a2="-56.999981" a3="86.182617" a4="-180.050583" a5="-61.059414" a6="-64.283234" />
<external_axis />
</actual>
<ipo_cycle>4294963882</ipo_cycle>
</value>
<value>
<planned>
<robot_axis a1="115.807434" a2="-56.419304" a3="86.358681" a4="-180.050583" a5="-60.304466" a6="-64.257240" />
<external_axis />
</planned>
<actual>
<robot_axis a1="115.801216" a2="-56.569260" a3="86.313507" a4="-180.050583" a5="-60.498840" a6="-64.265251" />
<external_axis />
</actual>
<ipo_cycle>4294963890</ipo_cycle>
</value>
<value>
<planned>
<robot_axis a1="115.824295" a2="-55.996468" a3="86.486412" a4="-180.050797" a5="-59.753891" a6="-64.239891" />
<external_axis />
</planned>
<actual>
<robot_axis a1="115.818275" a2="-56.144550" a3="86.441322" a4="-180.051010" a5="-59.945934" a6="-64.247704" />
<external_axis />
</actual>
<ipo_cycle>4294963898</ipo_cycle>
</value>
<value>
<planned>
<robot_axis a1="115.840851" a2="-55.579552" a3="86.612373" a4="-180.050903" a5="-59.210979" a6="-64.222801" />
<external_axis />
</planned>
<actual>
<robot_axis a1="115.834724" a2="-55.725471" a3="86.567749" a4="-180.051010" a5="-59.400356" a6="-64.229431" />
<external_axis />
</actual>
<ipo_cycle>4294963906</ipo_cycle>
</value>
<value>
<planned>
<robot_axis a1="115.857300" a2="-55.168362" a3="86.736565" a4="-180.051010" a5="-58.675617" a6="-64.205971" />
<external_axis />
</planned>
<actual>
<robot_axis a1="115.851082" a2="-55.312126" a3="86.693153" a4="-180.051224" a5="-58.862553" a6="-64.210930" />
<external_axis />
</actual>
<ipo_cycle>4294963914</ipo_cycle>
</value>
<value>
<planned>
<robot_axis a1="115.873352" a2="-54.763088" a3="86.859085" a4="-180.051224" a5="-58.147923" a6="-64.189415" />
<external_axis />
</planned>
<actual>
<robot_axis a1="115.867332" a2="-54.904411" a3="86.815857" a4="-180.051437" a5="-58.331635" a6="-64.194168" />
<external_axis />
</actual>
<ipo_cycle>4294963922</ipo_cycle>
</value>
<value>
<planned>
<robot_axis a1="115.889305" a2="-54.363731" a3="86.979744" a4="-180.051331" a5="-57.627892" a6="-64.173126" />
<external_axis />
</planned>
<actual>
<robot_axis a1="115.883385" a2="-54.503643" a3="86.937080" a4="-180.051437" a5="-57.809158" a6="-64.178009" />
<external_axis />
</actual>
<ipo_cycle>4294963930</ipo_cycle>
</value>
<value>
<planned>
<robot_axis a1="115.904961" a2="-53.970291" a3="87.098640" a4="-180.051437" a5="-57.115635" a6="-64.156937" />
<external_axis />
</planned>
<actual>
<robot_axis a1="115.899139" a2="-54.108040" a3="87.056625" a4="-180.051544" a5="-57.293571" a6="-64.162102" />
<external_axis />
</actual>
<ipo_cycle>4294963938</ipo_cycle>
</value>
<value>
<planned>
<robot_axis a1="115.920410" a2="-53.582764" a3="87.215675" a4="-180.051651" a5="-56.611042" a6="-64.141182" />
<external_axis />
</planned>
<actual>
<robot_axis a1="115.914688" a2="-53.718262" a3="87.174957" a4="-180.051773" a5="-56.786869" a6="-64.146812" />
<external_axis />
</actual>
<ipo_cycle>4294963946</ipo_cycle>
</value>
<value>
<planned>
<robot_axis a1="115.937469" a2="-53.154015" a3="87.345169" a4="-180.051773" a5="-56.052803" a6="-64.123558" />
<external_axis />
</planned>
<actual>
<robot_axis a1="115.931946" a2="-53.287540" a3="87.304451" a4="-180.051880" a5="-56.225517" a6="-64.130127" />
<external_axis />
</actual>
<ipo_cycle>4294963955</ipo_cycle>
</value>
<value>
<planned>
<robot_axis a1="115.954224" a2="-52.732967" a3="87.472427" a4="-180.051987" a5="-55.504448" a6="-64.106232" />
<external_axis />
</planned>
<actual>
<robot_axis a1="115.948807" a2="-52.863865" a3="87.432640" a4="-180.051987" a5="-55.674053" a6="-64.113747" />
<external_axis />
</actual>
<ipo_cycle>4294963964</ipo_cycle>
</value>
<value>
<planned>
<robot_axis a1="115.970673" a2="-52.319523" a3="87.597366" a4="-180.052094" a5="-54.966091" a6="-64.089371" />
<external_axis />
</planned>
<actual>
<robot_axis a1="115.965462" a2="-52.447884" a3="87.558792" a4="-180.052200" a5="-55.132694" a6="-64.096512" />
<external_axis />
</actual>
<ipo_cycle>4294963973</ipo_cycle>
</value>
<value>
<planned>
<robot_axis a1="115.986832" a2="-51.913876" a3="87.719978" a4="-180.052200" a5="-54.437840" a6="-64.072807" />
<external_axis />
</planned>
<actual>
<robot_axis a1="115.981613" a2="-52.039700" a3="87.681122" a4="-180.052414" a5="-54.601002" a6="-64.079414" />
<external_axis />
</actual>
<ipo_cycle>4294963982</ipo_cycle>
</value>
<value>
<planned>
<robot_axis a1="116.002686" a2="-51.515926" a3="87.840179" a4="-180.052414" a5="-53.919697" a6="-64.056541" />
<external_axis />
</planned>
<actual>
<robot_axis a1="115.997467" a2="-51.639404" a3="87.802994" a4="-180.052414" a5="-54.079971" a6="-64.062614" />
<external_axis />
</actual>
<ipo_cycle>4294963991</ipo_cycle>
</value>
<value>
<planned>
<robot_axis a1="116.018234" a2="-51.125862" a3="87.958054" a4="-180.052521" a5="-53.411770" a6="-64.040573" />
<external_axis />
</planned>
<actual>
<robot_axis a1="116.013016" a2="-51.247089" a3="87.921333" a4="-180.052734" a5="-53.568935" a6="-64.045624" />
<external_axis />
</actual>
<ipo_cycle>4294964000</ipo_cycle>
</value>
<value>
<planned>
<robot_axis a1="116.033485" a2="-50.743690" a3="88.073509" a4="-180.052628" a5="-52.914173" a6="-64.024910" />
<external_axis />
</planned>
<actual>
<robot_axis a1="116.028465" a2="-50.862755" a3="88.036972" a4="-180.052841" a5="-53.068119" a6="-64.029266" />
<external_axis />
</actual>
<ipo_cycle>4294964009</ipo_cycle>
</value>
<value>
<planned>
<robot_axis a1="116.049942" a2="-50.328274" a3="88.198997" a4="-180.052841" a5="-52.373260" a6="-64.007843" />
<external_axis />
</planned>
<actual>
<robot_axis a1="116.044922" a2="-50.444149" a3="88.163490" a4="-180.052841" a5="-52.523872" a6="-64.011826" />
<external_axis />
</actual>
<ipo_cycle>4294964019</ipo_cycle>
</value>
<value>
<planned>
<robot_axis a1="116.066093" a2="-49.922722" a3="88.321518" a4="-180.052948" a5="-51.845234" a6="-63.991283" />
<external_axis />
</planned>
<actual>
<robot_axis a1="116.061279" a2="-50.035870" a3="88.287590" a4="-180.053055" a5="-51.992069" a6="-63.994888" />
<external_axis />
</actual>
<ipo_cycle>4294964029</ipo_cycle>
</value>
<value>
<planned>
<robot_axis a1="116.081841" a2="-49.527119" a3="88.441063" a4="-180.053055" a5="-51.330200" a6="-63.975060" />
<external_axis />
</planned>
<actual>
<robot_axis a1="116.077126" a2="-49.637547" a3="88.406670" a4="-180.053284" a5="-51.473148" a6="-63.978775" />
<external_axis />
</actual>
<ipo_cycle>4294964039</ipo_cycle>
</value>
<value>
<planned>
<robot_axis a1="116.097198" a2="-49.141563" a3="88.557549" a4="-180.053162" a5="-50.828049" a6="-63.959171" />
<external_axis />
</planned>
<actual>
<robot_axis a1="116.092682" a2="-49.249172" a3="88.524544" a4="-180.053284" a5="-50.967220" a6="-63.963326" />
<external_axis />
</actual>
<ipo_cycle>4294964049</ipo_cycle>
</value>
<value>
<planned>
<robot_axis a1="116.113647" a2="-48.728966" a3="88.682205" a4="-180.053391" a5="-50.290802" a6="-63.942322" />
<external_axis />
</planned>
<actual>
<robot_axis a1="116.109131" a2="-48.833195" a3="88.650597" a4="-180.053497" a5="-50.425865" a6="-63.947407" />
<external_axis />
</actual>
<ipo_cycle>4294964060</ipo_cycle>
</value>
<value>
<planned>
<robot_axis a1="116.129601" a2="-48.328671" a3="88.803146" a4="-180.053497" a5="-49.769550" a6="-63.926014" />
<external_axis />
</planned>
<actual>
<robot_axis a1="116.125084" a2="-48.429893" a3="88.771629" a4="-180.053711" a5="-49.901058" a6="-63.931709" />
<external_axis />
</actual>
<ipo_cycle>4294964071</ipo_cycle>
</value>
<value>
<planned>
<robot_axis a1="116.145050" a2="-47.940769" a3="88.920364" a4="-180.053604" a5="-49.264400" a6="-63.910084" />
<external_axis />
</planned>
<actual>
<robot_axis a1="116.140739" a2="-48.038895" a3="88.890343" a4="-180.053711" a5="-49.391579" a6="-63.915718" />
<external_axis />
</actual>
<ipo_cycle>4294964082</ipo_cycle>
</value>
<value>
<planned>
<robot_axis a1="116.161308" a2="-47.531643" a3="89.043999" a4="-180.053818" a5="-48.731819" a6="-63.893299" />
<external_axis />
</planned>
<actual>
<robot_axis a1="116.157295" a2="-47.626484" a3="89.015373" a4="-180.053925" a5="-48.854439" a6="-63.899200" />
<external_axis />
</actual>
<ipo_cycle>4294964094</ipo_cycle>
</value>
<value>
<planned>
<robot_axis a1="116.177055" a2="-47.137547" a3="89.163078" a4="-180.053925" a5="-48.218563" a6="-63.877262" />
<external_axis />
</planned>
<actual>
<robot_axis a1="116.173447" a2="-47.228535" a3="89.134918" a4="-180.054245" a5="-48.336411" a6="-63.882446" />
<external_axis />
</actual>
<ipo_cycle>4294964106</ipo_cycle>
</value>
<value>
<planned>
<robot_axis a1="116.193314" a2="-46.727390" a3="89.286995" a4="-180.054031" a5="-47.684536" a6="-63.860455" />
<external_axis />
</planned>
<actual>
<robot_axis a1="116.189697" a2="-46.814812" a3="89.260040" a4="-180.054245" a5="-47.797382" a6="-63.865406" />
<external_axis />
</actual>
<ipo_cycle>4294964119</ipo_cycle>
</value>
<value>
<planned>
<robot_axis a1="116.208961" a2="-46.335075" a3="89.405518" a4="-180.054245" a5="-47.173611" a6="-63.844284" />
<external_axis />
</planned>
<actual>
<robot_axis a1="116.205650" a2="-46.418552" a3="89.380424" a4="-180.054352" a5="-47.281460" a6="-63.848843" />
<external_axis />
</actual>
<ipo_cycle>4294964132</ipo_cycle>
</value>
<value>
<planned>
<robot_axis a1="116.225014" a2="-45.932430" a3="89.527206" a4="-180.054352" a5="-46.649471" a6="-63.827774" />
<external_axis />
</planned>
<actual>
<robot_axis a1="116.221809" a2="-46.011963" a3="89.502480" a4="-180.054672" a5="-46.751991" a6="-63.831280" />
<external_axis />
</actual>
<ipo_cycle>4294964146</ipo_cycle>
</value>
<value>
<planned>
<robot_axis a1="116.240166" a2="-45.550632" a3="89.642471" a4="-180.054459" a5="-46.152317" a6="-63.812279" />
<external_axis />
</planned>
<actual>
<robot_axis a1="116.236855" a2="-45.625938" a3="89.618584" a4="-180.054672" a5="-46.249950" a6="-63.815884" />
<external_axis />
</actual>
<ipo_cycle>4294964160</ipo_cycle>
</value>
<syn_motion>
<program>DEJAR_DARSENA1</program>
<line>69</line>
<name>XDEJADA</name>
<base>
<pos x="0.000000" y="0.000000" z="0.000000" a="0.000000" b="0.000000" c="0.000000" /></base>
<tool>
<pos x="0.000000" y="0.000000" z="0.000000" a="0.000000" b="0.000000" c="0.000000" /></tool>
<ipo_mode>tool</ipo_mode>
<load>
<mass>220.000000</mass>
</load>
<bco_motion>false</bco_motion>
<interrupt>false</interrupt>
<ipo_cycle>4294964169</ipo_cycle>
</syn_motion>
<value>
<planned>
<robot_axis a1="116.255615" a2="-45.164795" a3="89.758949" a4="-180.054672" a5="-45.649948" a6="-63.796391" />
<external_axis />
</planned>
<actual>
<robot_axis a1="116.252304" a2="-45.235596" a3="89.736923" a4="-180.054794" a5="-45.742027" a6="-63.799423" />
<external_axis />
</actual>
<ipo_cycle>4294964175</ipo_cycle>
</value>
<value>
<planned>
<robot_axis a1="116.271568" a2="-44.777737" a3="89.869850" a4="-180.054794" a5="-45.145798" a6="-63.780148" />
<external_axis />
</planned>
<actual>
<robot_axis a1="116.267960" a2="-44.844315" a3="89.850609" a4="-180.055008" a5="-45.232548" a6="-63.783440" />
<external_axis />
</actual>
<ipo_cycle>4294964191</ipo_cycle>
</value>
<value>
<planned>
<robot_axis a1="116.288925" a2="-44.391243" a3="89.965691" a4="-180.054901" a5="-44.642204" a6="-63.762600" />
<external_axis />
</planned>
<actual>
<robot_axis a1="116.285316" a2="-44.453594" a3="89.949516" a4="-180.055008" a5="-44.722954" a6="-63.766464" />
<external_axis />
</actual>
<ipo_cycle>4294964208</ipo_cycle>
</value>
<value>
<planned>
<robot_axis a1="116.307693" a2="-44.009727" a3="90.041824" a4="-180.055008" a5="-44.144833" a6="-63.743820" />
<external_axis />
</planned>
<actual>
<robot_axis a1="116.304382" a2="-44.067852" a3="90.029274" a4="-180.054901" a5="-44.220028" a6="-63.748104" />
<external_axis />
</actual>
<ipo_cycle>4294964226</ipo_cycle>
</value>
<value>
<planned>
<robot_axis a1="116.329262" a2="-43.618820" a3="90.096115" a4="-180.055115" a5="-43.635242" a6="-63.722752" />
<external_axis />
</planned>
<actual>
<robot_axis a1="116.325546" a2="-43.672157" a3="90.087563" a4="-180.055115" a5="-43.703548" a6="-63.727108" />
<external_axis />
</actual>
<ipo_cycle>4294964246</ipo_cycle>
</value>
<value>
<planned>
<robot_axis a1="116.353546" a2="-43.209793" a3="90.118797" a4="-180.055222" a5="-43.127094" a6="-63.699242" />
<external_axis />
</planned>
<actual>
<robot_axis a1="116.350128" a2="-43.262001" a3="90.115639" a4="-180.055328" a5="-43.188293" a6="-63.703011" />
<external_axis />
</actual>
<ipo_cycle>4294964268</ipo_cycle>
</value>
<value>
<planned>
<robot_axis a1="116.382034" a2="-42.745644" a3="90.097603" a4="-180.055328" a5="-42.616390" a6="-63.670940" />
<external_axis />
</planned>
<actual>
<robot_axis a1="116.378723" a2="-42.798038" a3="90.101974" a4="-180.055435" a5="-42.670261" a6="-63.674122" />
<external_axis />
</actual>
<ipo_cycle>4294964293</ipo_cycle>
</value>
<value>
<planned>
<robot_axis a1="116.413841" a2="-42.244308" a3="90.018585" a4="-180.055328" a5="-42.144451" a6="-63.637093" />
<external_axis />
</planned>
<actual>
<robot_axis a1="116.410126" a2="-42.296612" a3="90.028069" a4="-180.055435" a5="-42.190437" a6="-63.640003" />
<external_axis />
</actual>
<ipo_cycle>4294964320</ipo_cycle>
</value>
<value>
<planned>
<robot_axis a1="116.447655" a2="-41.742977" a3="89.881195" a4="-180.055328" a5="-41.755260" a6="-63.599922" />
<external_axis />
</planned>
<actual>
<robot_axis a1="116.443840" a2="-41.794998" a3="89.896347" a4="-180.055435" a5="-41.792358" a6="-63.605335" />
<external_axis />
</actual>
<ipo_cycle>4294964347</ipo_cycle>
</value>
<syn_motion>
<program>DEJAR_DARSENA1</program>
<line>69</line>
<name>XDEJADA</name>
<base>
<pos x="0.000000" y="0.000000" z="0.000000" a="0.000000" b="0.000000" c="0.000000" /></base>
<tool>
<pos x="0.000000" y="0.000000" z="0.000000" a="0.000000" b="0.000000" c="0.000000" /></tool>
<ipo_mode>tool</ipo_mode>
<load>
<mass>220.000000</mass>
</load>
<bco_motion>false</bco_motion>
<interrupt>false</interrupt>
<ipo_cycle>4294964449</ipo_cycle>
</syn_motion>
<value>
<planned>
<robot_axis a1="116.484077" a2="-41.263241" a3="89.695366" a4="-180.055222" a5="-41.459923" a6="-63.561382" />
<external_axis />
</planned>
<actual>
<robot_axis a1="116.480965" a2="-41.293289" a3="89.711731" a4="-180.055328" a5="-41.478027" a6="-63.554901" />
<external_axis />
</actual>
<ipo_cycle>4294964468</ipo_cycle>
</value>
<value>
<planned>
<robot_axis a1="116.526817" a2="-40.758713" a3="89.441772" a4="-180.055115" a5="-41.231895" a6="-63.517345" />
<external_axis />
</planned>
<actual>
<robot_axis a1="116.522400" a2="-40.808952" a3="89.467522" a4="-180.055328" a5="-41.251778" a6="-63.520893" />
<external_axis />
</actual>
<ipo_cycle>4294964496</ipo_cycle>
</value>
<value>
<planned>
<robot_axis a1="116.573769" a2="-40.257381" a3="89.131569" a4="-180.055008" a5="-41.087948" a6="-63.470173" />
<external_axis />
</planned>
<actual>
<robot_axis a1="116.569252" a2="-40.308369" a3="89.163734" a4="-180.055328" a5="-41.098389" a6="-63.476707" />
<external_axis />
</actual>
<ipo_cycle>4294964523</ipo_cycle>
</value>
<value>
<planned>
<robot_axis a1="116.625244" a2="-39.756046" a3="88.763077" a4="-180.054794" a5="-41.026745" a6="-63.419674" />
<external_axis />
</planned>
<actual>
<robot_axis a1="116.620224" a2="-39.807411" a3="88.802124" a4="-180.055115" a5="-41.028969" a6="-63.425117" />
<external_axis />
</actual>
<ipo_cycle>4294964550</ipo_cycle>
</value>
<value>
<planned>
<robot_axis a1="116.679115" a2="-39.252274" a3="88.353127" a4="-180.054565" a5="-41.023415" a6="-63.367653" />
<external_axis />
</planned>
<actual>
<robot_axis a1="116.672997" a2="-39.309177" a3="88.398674" a4="-180.054794" a5="-41.025303" a6="-63.373421" />
<external_axis />
</actual>
<ipo_cycle>4294964576</ipo_cycle>
</value>
<value>
<planned>
<robot_axis a1="116.732498" a2="-38.736103" a3="87.926628" a4="-180.054352" a5="-41.017193" a6="-63.315926" />
<external_axis />
</planned>
<actual>
<robot_axis a1="116.726273" a2="-38.799202" a3="87.977943" a4="-180.054565" a5="-41.013306" a6="-63.322762" />
<external_axis />
</actual>
<ipo_cycle>4294964600</ipo_cycle>
</value>
<value>
<planned>
<robot_axis a1="116.784569" a2="-38.218525" a3="87.495392" a4="-180.054031" a5="-40.965542" a6="-63.264736" />
<external_axis />
</planned>
<actual>
<robot_axis a1="116.778145" a2="-38.286884" a3="87.551819" a4="-180.054352" a5="-40.976650" a6="-63.270626" />
<external_axis />
</actual>
<ipo_cycle>4294964622</ipo_cycle>
</value>
<syn_motion>
<program>DEJAR_DARSENA1</program>
<line>69</line>
<name>XDEJADA</name>
<base>
<pos x="-248.523102" y="-1156.965942" z="-595.421875" a="179.909500" b="0.141500" c="-0.202500" /></base>
<tool>
<pos x="0.000000" y="-140.000000" z="549.000000" a="0.000000" b="0.000000" c="0.000000" /></tool>
<ipo_mode>base</ipo_mode>
<load>
<mass>220.000000</mass>
</load>
<bco_motion>false</bco_motion>
<interrupt>false</interrupt>
<ipo_cycle>4294964628</ipo_cycle>
</syn_motion>
<value>
<planned>
<robot_axis a1="116.834335" a2="-37.712967" a3="87.082649" a4="-180.053818" a5="-40.874798" a6="-63.215153" />
<external_axis />
</planned>
<actual>
<robot_axis a1="116.827011" a2="-37.785927" a3="87.141029" a4="-180.054031" a5="-40.890793" a6="-63.224552" />
<external_axis />
</actual>
<ipo_cycle>4294964642</ipo_cycle>
</value>
<value>
<planned>
<robot_axis a1="116.883797" a2="-37.206657" a3="86.672142" a4="-180.053604" a5="-40.779053" a6="-63.165672" />
<external_axis />
</planned>
<actual>
<robot_axis a1="116.876167" a2="-37.283279" a3="86.734428" a4="-180.053818" a5="-40.793159" a6="-63.172585" />
<external_axis />
</actual>
<ipo_cycle>4294964661</ipo_cycle>
</value>
<value>
<planned>
<robot_axis a1="116.932755" a2="-36.702599" a3="86.258286" a4="-180.053391" a5="-40.688862" a6="-63.116917" />
<external_axis />
</planned>
<actual>
<robot_axis a1="116.925133" a2="-36.783634" a3="86.324661" a4="-180.053497" a5="-40.702747" a6="-63.126286" />
<external_axis />
</actual>
<ipo_cycle>4294964679</ipo_cycle>
</value>
<value>
<planned>
<robot_axis a1="116.983826" a2="-36.174786" a3="85.819519" a4="-180.053162" a5="-40.599895" a6="-63.066051" />
<external_axis />
</planned>
<actual>
<robot_axis a1="116.975800" a2="-36.259392" a3="85.889793" a4="-180.053284" a5="-40.614113" a6="-63.074276" />
<external_axis />
</actual>
<ipo_cycle>4294964697</ipo_cycle>
</value>
<value>
<planned>
<robot_axis a1="117.032990" a2="-35.662468" a3="85.388092" a4="-180.052948" a5="-40.519035" a6="-63.016930" />
<external_axis />
</planned>
<actual>
<robot_axis a1="117.024963" a2="-35.747444" a3="85.459396" a4="-180.053055" a5="-40.532139" a6="-63.025467" />
<external_axis />
</actual>
<ipo_cycle>4294964714</ipo_cycle>
</value>
<value>
<planned>
<robot_axis a1="117.080444" a2="-35.165642" a3="84.964760" a4="-180.052734" a5="-40.445503" a6="-62.969547" />
<external_axis />
</planned>
<actual>
<robot_axis a1="117.072319" a2="-35.246956" a3="85.033920" a4="-180.052841" a5="-40.458500" a6="-62.979069" />
<external_axis />
</actual>
<ipo_cycle>4294964731</ipo_cycle>
</value>
<value>
<planned>
<robot_axis a1="117.128304" a2="-34.662239" a3="84.530731" a4="-180.052414" a5="-40.376194" a6="-62.921890" />
<external_axis />
</planned>
<actual>
<robot_axis a1="117.120476" a2="-34.739616" a3="84.597382" a4="-180.052734" a5="-40.387302" a6="-62.928600" />
<external_axis />
</actual>
<ipo_cycle>4294964749</ipo_cycle>
</value>
<value>
<planned>
<robot_axis a1="117.176064" a2="-34.156120" a3="84.089081" a4="-180.052200" a5="-40.311661" a6="-62.874302" />
<external_axis />
</planned>
<actual>
<robot_axis a1="117.168541" a2="-34.229832" a3="84.153412" a4="-180.052414" a5="-40.320881" a6="-62.884098" />
<external_axis />
</actual>
<ipo_cycle>4294964768</ipo_cycle>
</value>
<move>
<key_image k2="+1" />
<mouse_override m1="0.000000" m2="0.000000" m3="0.000000" m4="0.000000" m5="0.000000" m6="0.000000" />
<mode>BASE</mode>
<base>
<pos x="0.000000" y="0.000000" z="0.000000" a="0.000000" b="0.000000" c="0.000000" /></base>
<tool>
<pos x="0.000000" y="0.000000" z="0.000000" a="0.000000" b="0.000000" c="0.000000" /></tool>
<ipo_mode>tool</ipo_mode>
<ipo_cycle>4294965637</ipo_cycle>
</move>
<value>
<planned>
<robot_axis a1="117.176765" a2="-33.729343" a3="83.604576" a4="-180.052094" a5="-40.369419" a6="-62.873760" />
<external_axis />
</planned>
<actual>
<robot_axis a1="117.191414" a2="-33.747089" a3="83.647156" a4="-180.051880" a5="-40.337093" a6="-62.858898" />
<external_axis />
</actual>
<ipo_cycle>4294965662</ipo_cycle>
</value>
<value>
<planned>
<robot_axis a1="117.071716" a2="-33.521729" a3="83.076385" a4="-180.052414" a5="-40.689857" a6="-62.978710" />
<external_axis />
</planned>
<actual>
<robot_axis a1="117.096497" a2="-33.565300" a3="83.191742" a4="-180.051987" a5="-40.613995" a6="-62.948673" />
<external_axis />
</actual>
<ipo_cycle>4294965678</ipo_cycle>
</value>
<value>
<planned>
<robot_axis a1="116.969376" a2="-33.316086" a3="82.554970" a4="-180.052734" a5="-41.005634" a6="-63.080975" />
<external_axis />
</planned>
<actual>
<robot_axis a1="116.997871" a2="-33.364632" a3="82.687065" a4="-180.052307" a5="-40.925549" a6="-63.054325" />
<external_axis />
</actual>
<ipo_cycle>4294965689</ipo_cycle>
</value>
<value>
<planned>
<robot_axis a1="116.869949" a2="-33.113075" a3="82.041748" a4="-180.053055" a5="-41.315853" a6="-63.180378" />
<external_axis />
</planned>
<actual>
<robot_axis a1="116.897240" a2="-33.158993" a3="82.166588" a4="-180.052521" a5="-41.241211" a6="-63.156422" />
<external_axis />
</actual>
<ipo_cycle>4294965700</ipo_cycle>
</value>
<move>
<key_image k2="+1" />
<mouse_override m1="0.000000" m2="0.000000" m3="0.000000" m4="0.000000" m5="0.000000" m6="0.000000" />
<mode>BASE</mode>
<base>
<pos x="0.000000" y="0.000000" z="0.000000" a="0.000000" b="0.000000" c="0.000000" /></base>
<tool>
<pos x="0.000000" y="0.000000" z="0.000000" a="0.000000" b="0.000000" c="0.000000" /></tool>
<ipo_mode>tool</ipo_mode>
<ipo_cycle>4294965715</ipo_cycle>
</move>
<value>
<planned>
<robot_axis a1="116.781555" a2="-32.930061" a3="81.580200" a4="-180.053391" a5="-41.594311" a6="-63.268864" />
<external_axis />
</planned>
<actual>
<robot_axis a1="116.795006" a2="-32.961990" a3="81.661263" a4="-180.052948" a5="-41.540550" a6="-63.250763" />
<external_axis />
</actual>
<ipo_cycle>4294965748</ipo_cycle>
</value>
<value>
<planned>
<robot_axis a1="116.684738" a2="-32.726768" a3="81.068832" a4="-180.053711" a5="-41.902309" a6="-63.365616" />
<external_axis />
</planned>
<actual>
<robot_axis a1="116.707916" a2="-32.777756" a3="81.199257" a4="-180.053162" a5="-41.820560" a6="-63.340580" />
<external_axis />
</actual>
<ipo_cycle>4294965760</ipo_cycle>
</value>
<value>
<planned>
<robot_axis a1="116.604469" a2="-32.555870" a3="80.639915" a4="-180.053925" a5="-42.160328" a6="-63.445793" />
<external_axis />
</planned>
<actual>
<robot_axis a1="116.623734" a2="-32.572117" a3="80.695602" a4="-180.053497" a5="-42.135113" a6="-63.440205" />
<external_axis />
</actual>
<ipo_cycle>4294965771</ipo_cycle>
</value>
<syn_motion>
<program>DEJAR_DARSENA1</program>
<line>69</line>
<name>XDEJADA</name>
<base>
<pos x="0.000000" y="0.000000" z="0.000000" a="0.000000" b="0.000000" c="0.000000" /></base>
<tool>
<pos x="0.000000" y="0.000000" z="0.000000" a="0.000000" b="0.000000" c="0.000000" /></tool>
<ipo_mode>tool</ipo_mode>
<load>
<mass>0.000000</mass>
</load>
<bco_motion>true</bco_motion>
<interrupt>false</interrupt>
<ipo_cycle>4294965953</ipo_cycle>
</syn_motion>
<value>
<planned>
<robot_axis a1="116.702995" a2="-32.765266" a3="81.165695" a4="-180.053604" a5="-41.843998" a6="-63.347294" />
<external_axis />
</planned>
<actual>
<robot_axis a1="116.684334" a2="-32.723015" a3="81.063721" a4="-180.053925" a5="-41.909977" a6="-63.369820" />
<external_axis />
</actual>
<ipo_cycle>4294965985</ipo_cycle>
</value>
<value>
<planned>
<robot_axis a1="116.798012" a2="-32.964149" a3="81.666283" a4="-180.053391" a5="-41.542439" a6="-63.252434" />
<external_axis />
</planned>
<actual>
<robot_axis a1="116.772926" a2="-32.911377" a3="81.535484" a4="-180.053818" a5="-41.624302" a6="-63.276649" />
<external_axis />
</actual>
<ipo_cycle>4294965996</ipo_cycle>
</value>
<value>
<planned>
<robot_axis a1="116.896538" a2="-33.167629" a3="82.179695" a4="-180.053055" a5="-41.232441" a6="-63.153851" />
<external_axis />
</planned>
<actual>
<robot_axis a1="116.870552" a2="-33.116173" a3="82.050392" a4="-180.053497" a5="-41.311413" a6="-63.178356" />
<external_axis />
</actual>
<ipo_cycle>4294966007</ipo_cycle>
</value>
<value>
<planned>
<robot_axis a1="116.995468" a2="-33.368576" a3="82.688278" a4="-180.052734" a5="-40.924995" a6="-63.054977" />
<external_axis />
</planned>
<actual>
<robot_axis a1="116.970078" a2="-33.317871" a3="82.559898" a4="-180.053391" a5="-41.002193" a6="-63.082085" />
<external_axis />
</actual>
<ipo_cycle>4294966018</ipo_cycle>
</value>
<value>
<planned>
<robot_axis a1="117.094994" a2="-33.567833" a3="83.193886" a4="-180.052414" a5="-40.618660" a6="-62.955463" />
<external_axis />
</planned>
<actual>
<robot_axis a1="117.069412" a2="-33.517879" a3="83.065689" a4="-180.053162" a5="-40.696415" a6="-62.982906" />
<external_axis />
</actual>
<ipo_cycle>4294966029</ipo_cycle>
</value>
<value>
<planned>
<robot_axis a1="117.189705" a2="-33.754696" a3="83.669273" a4="-180.052094" a5="-40.330208" a6="-62.860775" />
<external_axis />
</planned>
<actual>
<robot_axis a1="117.166832" a2="-33.722019" a3="83.579384" a4="-180.052628" a5="-40.379860" a6="-62.877186" />
<external_axis />
</actual>
<ipo_cycle>4294966041</ipo_cycle>
</value>
<syn_motion>
<program>DEJAR_DARSENA1</program>
<line>69</line>
<name>XDEJADA</name>
<base>
<pos x="-248.523102" y="-1156.965942" z="-595.421875" a="179.909500" b="0.141500" c="-0.202500" /></base>
<tool>
<pos x="0.000000" y="-140.000000" z="549.000000" a="0.000000" b="0.000000" c="0.000000" /></tool>
<ipo_mode>base</ipo_mode>
<load>
<mass>220.000000</mass>
</load>
<bco_motion>false</bco_motion>
<interrupt>false</interrupt>
<ipo_cycle>4294966109</ipo_cycle>
</syn_motion>
<value>
<planned>
<robot_axis a1="117.261948" a2="-33.239464" a3="83.276154" a4="-180.051773" a5="-40.208031" a6="-62.788807" />
<external_axis />
</planned>
<actual>
<robot_axis a1="117.255226" a2="-33.305664" a3="83.332115" a4="-180.051880" a5="-40.215916" a6="-62.795963" />
<external_axis />
</actual>
<ipo_cycle>4294966144</ipo_cycle>
</value>
<value>
<planned>
<robot_axis a1="117.309906" a2="-32.723015" a3="82.810707" a4="-180.051437" a5="-40.157158" a6="-62.740906" />
<external_axis />
</planned>
<actual>
<robot_axis a1="117.303680" a2="-32.784893" a3="82.864059" a4="-180.051651" a5="-40.163822" a6="-62.746407" />
<external_axis />
</actual>
<ipo_cycle>4294966167</ipo_cycle>
</value>
<value>
<planned>
<robot_axis a1="117.355858" a2="-32.224777" a3="82.356506" a4="-180.051224" a5="-40.113174" a6="-62.695065" />
<external_axis />
</planned>
<actual>
<robot_axis a1="117.350540" a2="-32.281212" a3="82.406334" a4="-180.051544" a5="-40.117840" a6="-62.699230" />
<external_axis />
</actual>
<ipo_cycle>4294966191</ipo_cycle>
</value>
<value>
<planned>
<robot_axis a1="117.402809" a2="-31.714054" a3="81.885666" a4="-180.051010" a5="-40.073299" a6="-62.648460" />
<external_axis />
</planned>
<actual>
<robot_axis a1="117.397797" a2="-31.765324" a3="81.931587" a4="-180.051224" a5="-40.077854" a6="-62.655243" />
<external_axis />
</actual>
<ipo_cycle>4294966218</ipo_cycle>
</value>
<move>
<key_image k3="+1" />
<mouse_override m1="0.000000" m2="0.000000" m3="0.000000" m4="0.000000" m5="0.000000" m6="0.000000" />
<mode>BASE</mode>
<base>
<pos x="0.000000" y="0.000000" z="0.000000" a="0.000000" b="0.000000" c="0.000000" /></base>
<tool>
<pos x="0.000000" y="0.000000" z="0.000000" a="0.000000" b="0.000000" c="0.000000" /></tool>
<ipo_mode>tool</ipo_mode>
<ipo_cycle>4294966957</ipo_cycle>
</move>
<value>
<planned>
<robot_axis a1="117.439133" a2="-32.024864" a3="81.690636" a4="-180.050247" a5="-40.579220" a6="-62.612911" />
<external_axis />
</planned>
<actual>
<robot_axis a1="117.438934" a2="-31.950497" a3="81.672974" a4="-180.050583" a5="-40.521687" a6="-62.613129" />
<external_axis />
</actual>
<ipo_cycle>4294967009</ipo_cycle>
</value>
<value>
<planned>
<robot_axis a1="117.439331" a2="-32.547890" a3="81.808975" a4="-180.049820" a5="-40.983849" a6="-62.613228" />
<external_axis />
</planned>
<actual>
<robot_axis a1="117.439034" a2="-32.473614" a3="81.792801" a4="-180.050369" a5="-40.926762" a6="-62.613293" />
<external_axis />
</actual>
<ipo_cycle>4294967029</ipo_cycle>
</value>
<value>
<planned>
<robot_axis a1="117.439636" a2="-33.067909" a3="81.918663" a4="-180.049393" a5="-41.394142" a6="-62.613625" />
<external_axis />
</planned>
<actual>
<robot_axis a1="117.439133" a2="-32.994480" a3="81.903145" a4="-180.049606" a5="-41.336052" a6="-62.613506" />
<external_axis />
</actual>
<ipo_cycle>4294967049</ipo_cycle>
</value>
<value>
<planned>
<robot_axis a1="117.439835" a2="-33.584831" a3="82.019714" a4="-180.049072" a5="-41.810097" a6="-62.613930" />
<external_axis />
</planned>
<actual>
<robot_axis a1="117.439430" a2="-33.512432" a3="82.005211" a4="-180.049072" a5="-41.751343" a6="-62.613968" />
<external_axis />
</actual>
<ipo_cycle>4294967069</ipo_cycle>
</value>
<value>
<planned>
<robot_axis a1="117.440033" a2="-34.098652" a3="82.112022" a4="-180.048630" a5="-42.231499" a6="-62.614147" />
<external_axis />
</planned>
<actual>
<robot_axis a1="117.439636" a2="-34.026253" a3="82.098915" a4="-180.048630" a5="-42.171631" a6="-62.614330" />
<external_axis />
</actual>
<ipo_cycle>4294967089</ipo_cycle>
</value>
<value>
<planned>
<robot_axis a1="117.440239" a2="-34.609280" a3="82.195686" a4="-180.048203" a5="-42.658562" a6="-62.614437" />
<external_axis />
</planned>
<actual>
<robot_axis a1="117.440033" a2="-34.538200" a3="82.183601" a4="-180.048309" a5="-42.598919" a6="-62.614788" />
<external_axis />
</actual>
<ipo_cycle>4294967109</ipo_cycle>
</value>
<value>
<planned>
<robot_axis a1="117.440536" a2="-35.116718" a3="82.270607" a4="-180.047882" a5="-43.090958" a6="-62.614799" />
<external_axis />
</planned>
<actual>
<robot_axis a1="117.440239" a2="-35.045918" a3="82.259735" a4="-180.047775" a5="-43.030090" a6="-62.615299" />
<external_axis />
</actual>
<ipo_cycle>4294967129</ipo_cycle>
</value>
<value>
<planned>
<robot_axis a1="117.440735" a2="-35.620773" a3="82.336891" a4="-180.047455" a5="-43.528687" a6="-62.615070" />
<external_axis />
</planned>
<actual>
<robot_axis a1="117.440536" a2="-35.550068" a3="82.326851" a4="-180.047455" a5="-43.467598" a6="-62.616058" />
<external_axis />
</actual>
<ipo_cycle>4294967149</ipo_cycle>
</value>
<value>
<planned>
<robot_axis a1="117.440941" a2="-36.121544" a3="82.394615" a4="-180.047012" a5="-43.971855" a6="-62.615410" />
<external_axis />
</planned>
<actual>
<robot_axis a1="117.440834" a2="-36.050930" a3="82.385971" a4="-180.047012" a5="-43.909100" a6="-62.616211" />
<external_axis />
</actual>
<ipo_cycle>4294967169</ipo_cycle>
</value>
<value>
<planned>
<robot_axis a1="117.441139" a2="-36.643536" a3="82.445747" a4="-180.046692" a5="-44.442680" a6="-62.615795" />
<external_axis />
</planned>
<actual>
<robot_axis a1="117.441040" a2="-36.573769" a3="82.438126" a4="-180.046692" a5="-44.379482" a6="-62.616428" />
<external_axis />
</actual>
<ipo_cycle>4294967190</ipo_cycle>
</value>
<value>
<planned>
<robot_axis a1="117.441437" a2="-37.161770" a3="82.487389" a4="-180.046265" a5="-44.919281" a6="-62.616093" />
<external_axis />
</planned>
<actual>
<robot_axis a1="117.441338" a2="-37.092472" a3="82.480888" a4="-180.046265" a5="-44.855972" a6="-62.616722" />
<external_axis />
</actual>
<ipo_cycle>4294967211</ipo_cycle>
</value>
<value>
<planned>
<robot_axis a1="117.441643" a2="-37.676064" a3="82.519554" a4="-180.045837" a5="-45.401440" a6="-62.616299" />
<external_axis />
</planned>
<actual>
<robot_axis a1="117.441544" a2="-37.607517" a3="82.514626" a4="-180.045944" a5="-45.336685" a6="-62.616913" />
<external_axis />
</actual>
<ipo_cycle>4294967232</ipo_cycle>
</value>
<value>
<planned>
<robot_axis a1="117.441940" a2="-38.186409" a3="82.542145" a4="-180.045502" a5="-45.889149" a6="-62.616745" />
<external_axis />
</planned>
<actual>
<robot_axis a1="117.441841" a2="-38.118523" a3="82.538330" a4="-180.045502" a5="-45.823616" a6="-62.617184" />
<external_axis />
</actual>
<ipo_cycle>4294967253</ipo_cycle>
</value>
<value>
<planned>
<robot_axis a1="117.442139" a2="-38.692627" a3="82.555069" a4="-180.045074" a5="-46.382408" a6="-62.616936" />
<external_axis />
</planned>
<actual>
<robot_axis a1="117.442039" a2="-38.624832" a3="82.552460" a4="-180.045074" a5="-46.316322" a6="-62.617531" />
<external_axis />
</actual>
<ipo_cycle>4294967274</ipo_cycle>
</value>
<value>
<planned>
<robot_axis a1="117.442345" a2="-39.149544" a3="82.558693" a4="-180.044754" a5="-46.835796" a6="-62.617252" />
<external_axis />
</planned>
<actual>
<robot_axis a1="117.442345" a2="-39.122032" a3="82.579330" a4="-180.044968" a5="-46.820694" a6="-62.617874" />
<external_axis />
</actual>
<ipo_cycle>0</ipo_cycle>
</value>
</poslog>
