<?xml:stylesheet href="poslog.xsl" type="text/xsl"?>
<poslog serialno="917921" trafo="#KR2210_2 S C2 FLR ZH210" date="11-27-2019" time="15:10:40" tick="4219862178" timestamp="23715638" trigger="ENABLING SWITCH">
<move>
<key_image k2="+1" />
<mouse_override m1="0.000000" m2="0.000000" m3="0.000000" m4="0.000000" m5="0.000000" m6="0.000000" />
<mode>BASE</mode>
<base>
<pos x="0.000000" y="0.000000" z="0.000000" a="0.000000" b="0.000000" c="0.000000" /></base>
<tool>
<pos x="0.000000" y="0.000000" z="0.000000" a="0.000000" b="0.000000" c="0.000000" /></tool>
<ipo_mode>tool</ipo_mode>
<ipo_cycle>4294957215</ipo_cycle>
</move>
<value>
<planned>
<robot_axis a1="106.984665" a2="-22.318302" a3="71.641548" a4="-180.145538" a5="-40.910137" a6="-72.993813" />
<external_axis />
</planned>
<actual>
<robot_axis a1="106.999916" a2="-22.375301" a3="71.794373" a4="-180.145752" a5="-40.813286" a6="-72.978096" />
<external_axis />
</actual>
<ipo_cycle>4294957515</ipo_cycle>
</value>
<value>
<planned>
<robot_axis a1="106.929878" a2="-22.115385" a3="71.094292" a4="-180.144791" a5="-41.254341" a6="-73.049721" />
<external_axis />
</planned>
<actual>
<robot_axis a1="106.944931" a2="-22.173227" a3="71.248138" a4="-180.145111" a5="-41.157269" a6="-73.032364" />
<external_axis />
</actual>
<ipo_cycle>4294957525</ipo_cycle>
</value>
<value>
<planned>
<robot_axis a1="106.875404" a2="-21.910213" a3="70.543320" a4="-180.144135" a5="-41.600101" a6="-73.105156" />
<external_axis />
</planned>
<actual>
<robot_axis a1="106.890755" a2="-21.968431" a3="70.698380" a4="-180.144455" a5="-41.502693" a6="-73.090584" />
<external_axis />
</actual>
<ipo_cycle>4294957535</ipo_cycle>
</value>
<value>
<planned>
<robot_axis a1="106.821320" a2="-21.702881" a3="69.988541" a4="-180.143494" a5="-41.947414" a6="-73.160286" />
<external_axis />
</planned>
<actual>
<robot_axis a1="106.836472" a2="-21.761850" a3="70.144989" a4="-180.143707" a5="-41.850342" a6="-73.142273" />
<external_axis />
</actual>
<ipo_cycle>4294957545</ipo_cycle>
</value>
<value>
<planned>
<robot_axis a1="106.772964" a2="-21.514423" a3="69.485909" a4="-180.142944" a5="-42.261410" a6="-73.209732" />
<external_axis />
</planned>
<actual>
<robot_axis a1="106.788414" a2="-21.573862" a3="69.642921" a4="-180.143280" a5="-42.163334" a6="-73.195801" />
<external_axis />
</actual>
<ipo_cycle>4294957554</ipo_cycle>
</value>
<value>
<planned>
<robot_axis a1="106.724800" a2="-21.324087" a3="68.980118" a4="-180.142410" a5="-42.576847" a6="-73.258858" />
<external_axis />
</planned>
<actual>
<robot_axis a1="106.740150" a2="-21.383808" a3="69.138245" a4="-180.142410" a5="-42.477882" a6="-73.241798" />
<external_axis />
</actual>
<ipo_cycle>4294957563</ipo_cycle>
</value>
<value>
<planned>
<robot_axis a1="106.676949" a2="-21.131779" a3="68.470978" a4="-180.141876" a5="-42.893726" a6="-73.307518" />
<external_axis />
</planned>
<actual>
<robot_axis a1="106.691895" a2="-21.192251" a3="68.630219" a4="-180.141983" a5="-42.794319" a6="-73.292419" />
<external_axis />
</actual>
<ipo_cycle>4294957572</ipo_cycle>
</value>
<value>
<planned>
<robot_axis a1="106.629387" a2="-20.937687" a3="67.958496" a4="-180.141220" a5="-43.211941" a6="-73.356194" />
<external_axis />
</planned>
<actual>
<robot_axis a1="106.644440" a2="-20.998817" a3="68.118477" a4="-180.141434" a5="-43.112755" a6="-73.342079" />
<external_axis />
</actual>
<ipo_cycle>4294957581</ipo_cycle>
</value>
<value>
<planned>
<robot_axis a1="106.582031" a2="-20.741625" a3="67.442574" a4="-180.140686" a5="-43.531712" a6="-73.404396" />
<external_axis />
</planned>
<actual>
<robot_axis a1="106.596779" a2="-20.803223" a3="67.603859" a4="-180.140900" a5="-43.431747" a6="-73.387329" />
<external_axis />
</actual>
<ipo_cycle>4294957590</ipo_cycle>
</value>
<value>
<planned>
<robot_axis a1="106.534973" a2="-20.543589" a3="66.923111" a4="-180.140137" a5="-43.853035" a6="-73.452461" />
<external_axis />
</planned>
<actual>
<robot_axis a1="106.549927" a2="-20.605469" a3="67.085510" a4="-180.140366" a5="-43.751961" a6="-73.439636" />
<external_axis />
</actual>
<ipo_cycle>4294957599</ipo_cycle>
</value>
<value>
<planned>
<robot_axis a1="106.488121" a2="-20.343580" a3="66.400124" a4="-180.139603" a5="-44.175915" a6="-73.500214" />
<external_axis />
</planned>
<actual>
<robot_axis a1="106.503273" a2="-20.406118" a3="66.563637" a4="-180.139923" a5="-44.075066" a6="-73.484116" />
<external_axis />
</actual>
<ipo_cycle>4294957608</ipo_cycle>
</value>
<value>
<planned>
<robot_axis a1="106.441666" a2="-20.141415" a3="65.873413" a4="-180.139069" a5="-44.500462" a6="-73.547668" />
<external_axis />
</planned>
<actual>
<robot_axis a1="106.456512" a2="-20.204327" a3="66.037956" a4="-180.139175" a5="-44.399498" a6="-73.532707" />
<external_axis />
</actual>
<ipo_cycle>4294957617</ipo_cycle>
</value>
<value>
<planned>
<robot_axis a1="106.395317" a2="-19.937275" a3="65.342987" a4="-180.138519" a5="-44.826672" a6="-73.594810" />
<external_axis />
</planned>
<actual>
<robot_axis a1="106.410362" a2="-20.001034" a3="65.509018" a4="-180.138733" a5="-44.724487" a6="-73.581314" />
<external_axis />
</actual>
<ipo_cycle>4294957626</ipo_cycle>
</value>
<value>
<planned>
<robot_axis a1="106.349258" a2="-19.730976" a3="64.808754" a4="-180.137985" a5="-45.154549" a6="-73.641808" />
<external_axis />
</planned>
<actual>
<robot_axis a1="106.364609" a2="-19.795860" a3="64.975990" a4="-180.138199" a5="-45.051590" a6="-73.625191" />
<external_axis />
</actual>
<ipo_cycle>4294957635</ipo_cycle>
</value>
<value>
<planned>
<robot_axis a1="106.303513" a2="-19.522612" a3="64.270515" a4="-180.137558" a5="-45.484318" a6="-73.688515" />
<external_axis />
</planned>
<actual>
<robot_axis a1="106.318657" a2="-19.588154" a3="64.438866" a4="-180.137558" a5="-45.381577" a6="-73.675171" />
<external_axis />
</actual>
<ipo_cycle>4294957644</ipo_cycle>
</value>
<value>
<planned>
<robot_axis a1="106.262474" a2="-19.333027" a3="63.782574" a4="-180.137009" a5="-45.782650" a6="-73.730362" />
<external_axis />
</planned>
<actual>
<robot_axis a1="106.276924" a2="-19.381010" a3="63.909649" a4="-180.137222" a5="-45.709564" a6="-73.719719" />
<external_axis />
</actual>
<ipo_cycle>4294957653</ipo_cycle>
</value>
<move>
<key_image k2="+1" />
<mouse_override m1="0.000000" m2="0.000000" m3="0.000000" m4="0.000000" m5="0.000000" m6="0.000000" />
<mode>BASE</mode>
<base>
<pos x="0.000000" y="0.000000" z="0.000000" a="0.000000" b="0.000000" c="0.000000" /></base>
<tool>
<pos x="0.000000" y="0.000000" z="0.000000" a="0.000000" b="0.000000" c="0.000000" /></tool>
<ipo_mode>tool</ipo_mode>
<ipo_cycle>4294957733</ipo_cycle>
</move>
<value>
<planned>
<robot_axis a1="106.224350" a2="-19.154240" a3="63.323448" a4="-180.136688" a5="-46.062878" a6="-73.769356" />
<external_axis />
</planned>
<actual>
<robot_axis a1="106.230972" a2="-19.186825" a3="63.408878" a4="-180.136688" a5="-46.005898" a6="-73.762360" />
<external_axis />
</actual>
<ipo_cycle>4294957764</ipo_cycle>
</value>
<value>
<planned>
<robot_axis a1="106.181305" a2="-18.949633" a3="62.799438" a4="-180.136154" a5="-46.382313" a6="-73.813293" />
<external_axis />
</planned>
<actual>
<robot_axis a1="106.191238" a2="-19.002592" a3="62.937481" a4="-180.136688" a5="-46.294460" a6="-73.803268" />
<external_axis />
</actual>
<ipo_cycle>4294957776</ipo_cycle>
</value>
<value>
<planned>
<robot_axis a1="106.138367" a2="-18.742018" a3="62.269012" a4="-180.135712" a5="-46.704971" a6="-73.857109" />
<external_axis />
</planned>
<actual>
<robot_axis a1="106.151405" a2="-18.806997" a3="62.439034" a4="-180.136688" a5="-46.599350" a6="-73.842262" />
<external_axis />
</actual>
<ipo_cycle>4294957785</ipo_cycle>
</value>
<value>
<planned>
<robot_axis a1="106.094215" a2="-18.525578" a3="61.717949" a4="-180.135178" a5="-47.039513" a6="-73.902069" />
<external_axis />
</planned>
<actual>
<robot_axis a1="106.107361" a2="-18.591496" a3="61.888622" a4="-180.136475" a5="-46.934669" a6="-73.886421" />
<external_axis />
</actual>
<ipo_cycle>4294957794</ipo_cycle>
</value>
<value>
<planned>
<robot_axis a1="106.050674" a2="-18.308575" a3="61.166885" a4="-180.134644" a5="-47.373501" a6="-73.946533" />
<external_axis />
</planned>
<actual>
<robot_axis a1="106.063614" a2="-18.375151" a3="61.337837" a4="-180.135834" a5="-47.269211" a6="-73.934166" />
<external_axis />
</actual>
<ipo_cycle>4294957803</ipo_cycle>
</value>
<value>
<planned>
<robot_axis a1="106.017464" a2="-18.140400" a3="60.740852" a4="-180.134323" a5="-47.631294" a6="-73.980469" />
<external_axis />
</planned>
<actual>
<robot_axis a1="106.027496" a2="-18.162466" a3="60.806759" a4="-180.134537" a5="-47.597862" a6="-73.975761" />
<external_axis />
</actual>
<ipo_cycle>4294957812</ipo_cycle>
</value>
<move>
<key_image k2="+1" />
<mouse_override m1="0.000000" m2="0.000000" m3="0.000000" m4="0.000000" m5="0.000000" m6="0.000000" />
<mode>BASE</mode>
<base>
<pos x="0.000000" y="0.000000" z="0.000000" a="0.000000" b="0.000000" c="0.000000" /></base>
<tool>
<pos x="0.000000" y="0.000000" z="0.000000" a="0.000000" b="0.000000" c="0.000000" /></tool>
<ipo_mode>tool</ipo_mode>
<ipo_cycle>4294957860</ipo_cycle>
</move>
<move>
<key_image k2="+1" />
<mouse_override m1="0.000000" m2="0.000000" m3="0.000000" m4="0.000000" m5="0.000000" m6="0.000000" />
<mode>BASE</mode>
<base>
<pos x="0.000000" y="0.000000" z="0.000000" a="0.000000" b="0.000000" c="0.000000" /></base>
<tool>
<pos x="0.000000" y="0.000000" z="0.000000" a="0.000000" b="0.000000" c="0.000000" /></tool>
<ipo_mode>tool</ipo_mode>
<ipo_cycle>4294957893</ipo_cycle>
</move>
<value>
<planned>
<robot_axis a1="105.978432" a2="-17.940298" a3="60.235153" a4="-180.133881" a5="-47.936848" a6="-74.020287" />
<external_axis />
</planned>
<actual>
<robot_axis a1="105.985161" a2="-17.958326" a3="60.285816" a4="-180.134323" a5="-47.905304" a6="-74.017738" />
<external_axis />
</actual>
<ipo_cycle>4294957928</ipo_cycle>
</value>
<move>
<key_image k3="+1" />
<mouse_override m1="0.000000" m2="0.000000" m3="0.000000" m4="0.000000" m5="0.000000" m6="0.000000" />
<mode>BASE</mode>
<base>
<pos x="0.000000" y="0.000000" z="0.000000" a="0.000000" b="0.000000" c="0.000000" /></base>
<tool>
<pos x="0.000000" y="0.000000" z="0.000000" a="0.000000" b="0.000000" c="0.000000" /></tool>
<ipo_mode>tool</ipo_mode>
<ipo_cycle>4294965645</ipo_cycle>
</move>
<value>
<planned>
<robot_axis a1="105.974419" a2="-18.458534" a3="60.442173" a4="-180.133347" a5="-48.248177" a6="-74.025421" />
<external_axis />
</planned>
<actual>
<robot_axis a1="105.973824" a2="-18.385386" a3="60.407501" a4="-180.133774" a5="-48.211414" a6="-74.026573" />
<external_axis />
</actual>
<ipo_cycle>4294965691</ipo_cycle>
</value>
<value>
<planned>
<robot_axis a1="105.974922" a2="-18.975548" a3="60.687214" a4="-180.132690" a5="-48.520184" a6="-74.025772" />
<external_axis />
</planned>
<actual>
<robot_axis a1="105.973923" a2="-18.902964" a3="60.654491" a4="-180.133133" a5="-48.481976" a6="-74.027069" />
<external_axis />
</actual>
<ipo_cycle>4294965711</ipo_cycle>
</value>
<value>
<planned>
<robot_axis a1="105.975426" a2="-19.489088" a3="60.922123" a4="-180.132156" a5="-48.798744" a6="-74.026047" />
<external_axis />
</planned>
<actual>
<robot_axis a1="105.974022" a2="-19.416691" a3="60.890331" a4="-180.132690" a5="-48.758652" a6="-74.026985" />
<external_axis />
</actual>
<ipo_cycle>4294965731</ipo_cycle>
</value>
<value>
<planned>
<robot_axis a1="105.975929" a2="-19.998873" a3="61.146992" a4="-180.131622" a5="-49.083752" a6="-74.026405" />
<external_axis />
</planned>
<actual>
<robot_axis a1="105.974121" a2="-19.927603" a3="61.116314" a4="-180.132050" a5="-49.043434" a6="-74.026688" />
<external_axis />
</actual>
<ipo_cycle>4294965751</ipo_cycle>
</value>
<value>
<planned>
<robot_axis a1="105.976425" a2="-20.505089" a3="61.361820" a4="-180.130966" a5="-49.375195" a6="-74.026848" />
<external_axis />
</planned>
<actual>
<robot_axis a1="105.974525" a2="-20.434946" a3="61.332447" a4="-180.131516" a5="-49.334324" a6="-74.026962" />
<external_axis />
</actual>
<ipo_cycle>4294965771</ipo_cycle>
</value>
<value>
<planned>
<robot_axis a1="105.976929" a2="-21.007738" a3="61.566704" a4="-180.130432" a5="-49.672863" a6="-74.027214" />
<external_axis />
</planned>
<actual>
<robot_axis a1="105.975128" a2="-20.937031" a3="61.538258" a4="-180.130859" a5="-49.629990" a6="-74.027138" />
<external_axis />
</actual>
<ipo_cycle>4294965791</ipo_cycle>
</value>
<move>
<key_image k3="+1" />
<mouse_override m1="0.000000" m2="0.000000" m3="0.000000" m4="0.000000" m5="0.000000" m6="0.000000" />
<mode>BASE</mode>
<base>
<pos x="0.000000" y="0.000000" z="0.000000" a="0.000000" b="0.000000" c="0.000000" /></base>
<tool>
<pos x="0.000000" y="0.000000" z="0.000000" a="0.000000" b="0.000000" c="0.000000" /></tool>
<ipo_mode>tool</ipo_mode>
<ipo_cycle>4294965827</ipo_cycle>
</move>
<value>
<planned>
<robot_axis a1="105.977432" a2="-21.505690" a3="61.761265" a4="-180.129898" a5="-49.976192" a6="-74.027649" />
<external_axis />
</planned>
<actual>
<robot_axis a1="105.976929" a2="-21.446251" a3="61.732079" a4="-180.129669" a5="-49.934875" a6="-74.028076" />
<external_axis />
</actual>
<ipo_cycle>4294965865</ipo_cycle>
</value>
<value>
<planned>
<robot_axis a1="105.977936" a2="-22.025709" a3="61.955364" a4="-180.129242" a5="-50.302071" a6="-74.028061" />
<external_axis />
</planned>
<actual>
<robot_axis a1="105.977234" a2="-21.957163" a3="61.930359" a4="-180.129669" a5="-50.257645" a6="-74.028458" />
<external_axis />
</actual>
<ipo_cycle>4294965886</ipo_cycle>
</value>
<value>
<planned>
<robot_axis a1="105.978539" a2="-22.541597" a3="62.138683" a4="-180.128601" a5="-50.634724" a6="-74.028404" />
<external_axis />
</planned>
<actual>
<robot_axis a1="105.977531" a2="-22.472111" a3="62.115440" a4="-180.129456" a5="-50.589188" a6="-74.028946" />
<external_axis />
</actual>
<ipo_cycle>4294965907</ipo_cycle>
</value>
<value>
<planned>
<robot_axis a1="105.979034" a2="-23.053448" a3="62.311306" a4="-180.127945" a5="-50.974041" a6="-74.028992" />
<external_axis />
</planned>
<actual>
<robot_axis a1="105.978035" a2="-22.985464" a3="62.288998" a4="-180.127838" a5="-50.928391" a6="-74.029198" />
<external_axis />
</actual>
<ipo_cycle>4294965928</ipo_cycle>
</value>
<value>
<planned>
<robot_axis a1="105.979538" a2="-23.561260" a3="62.473148" a4="-180.127411" a5="-51.319912" a6="-74.029343" />
<external_axis />
</planned>
<actual>
<robot_axis a1="105.978539" a2="-23.493839" a3="62.451862" a4="-180.127304" a5="-51.272594" a6="-74.029861" />
<external_axis />
</actual>
<ipo_cycle>4294965949</ipo_cycle>
</value>
<value>
<planned>
<robot_axis a1="105.980042" a2="-24.064941" a3="62.624302" a4="-180.126755" a5="-51.672447" a6="-74.029953" />
<external_axis />
</planned>
<actual>
<robot_axis a1="105.979034" a2="-23.997896" a3="62.604874" a4="-180.126755" a5="-51.624908" a6="-74.030624" />
<external_axis />
</actual>
<ipo_cycle>4294965970</ipo_cycle>
</value>
<value>
<planned>
<robot_axis a1="105.980644" a2="-24.564491" a3="62.764950" a4="-180.126114" a5="-52.031311" a6="-74.030312" />
<external_axis />
</planned>
<actual>
<robot_axis a1="105.979538" a2="-24.498291" a3="62.746078" a4="-180.126221" a5="-51.983219" a6="-74.030983" />
<external_axis />
</actual>
<ipo_cycle>4294965991</ipo_cycle>
</value>
<value>
<planned>
<robot_axis a1="105.981148" a2="-25.083384" a3="62.900856" a4="-180.125473" a5="-52.414280" a6="-74.030830" />
<external_axis />
</planned>
<actual>
<robot_axis a1="105.980141" a2="-25.017653" a3="62.883564" a4="-180.125473" a5="-52.364521" a6="-74.031311" />
<external_axis />
</actual>
<ipo_cycle>4294966013</ipo_cycle>
</value>
<value>
<planned>
<robot_axis a1="105.981743" a2="-25.597582" a3="63.025143" a4="-180.124817" a5="-52.804245" a6="-74.031441" />
<external_axis />
</planned>
<actual>
<robot_axis a1="105.980843" a2="-25.531382" a3="63.009151" a4="-180.124924" a5="-52.754375" a6="-74.032089" />
<external_axis />
</actual>
<ipo_cycle>4294966035</ipo_cycle>
</value>
<value>
<planned>
<robot_axis a1="105.982246" a2="-26.107178" a3="63.137901" a4="-180.124176" a5="-53.200989" a6="-74.031982" />
<external_axis />
</planned>
<actual>
<robot_axis a1="105.981644" a2="-26.041918" a3="63.123119" a4="-180.124176" a5="-53.150005" a6="-74.032280" />
<external_axis />
</actual>
<ipo_cycle>4294966057</ipo_cycle>
</value>
<value>
<planned>
<robot_axis a1="105.982849" a2="-26.611986" a3="63.239136" a4="-180.123520" a5="-53.604614" a6="-74.032448" />
<external_axis />
</planned>
<actual>
<robot_axis a1="105.982346" a2="-26.547665" a3="63.226307" a4="-180.123520" a5="-53.551968" a6="-74.032730" />
<external_axis />
</actual>
<ipo_cycle>4294966079</ipo_cycle>
</value>
<value>
<planned>
<robot_axis a1="105.983353" a2="-27.112192" a3="63.328934" a4="-180.122879" a5="-54.015018" a6="-74.033005" />
<external_axis />
</planned>
<actual>
<robot_axis a1="105.982948" a2="-27.048246" a3="63.317219" a4="-180.122879" a5="-53.962925" a6="-74.033623" />
<external_axis />
</actual>
<ipo_cycle>4294966101</ipo_cycle>
</value>
<value>
<planned>
<robot_axis a1="105.983955" a2="-27.629957" a3="63.410553" a4="-180.122116" a5="-54.451187" a6="-74.033577" />
<external_axis />
</planned>
<actual>
<robot_axis a1="105.983551" a2="-27.567139" a3="63.399860" a4="-180.122223" a5="-54.397430" a6="-74.034172" />
<external_axis />
</actual>
<ipo_cycle>4294966124</ipo_cycle>
</value>
<value>
<planned>
<robot_axis a1="105.984558" a2="-28.142372" a3="63.479622" a4="-180.121475" a5="-54.894577" a6="-74.034088" />
<external_axis />
</planned>
<actual>
<robot_axis a1="105.984352" a2="-28.080116" a3="63.470139" a4="-180.121475" a5="-54.840263" a6="-74.035164" />
<external_axis />
</actual>
<ipo_cycle>4294966147</ipo_cycle>
</value>
<value>
<planned>
<robot_axis a1="105.985054" a2="-28.649527" a3="63.536140" a4="-180.120834" a5="-55.345188" a6="-74.034691" />
<external_axis />
</planned>
<actual>
<robot_axis a1="105.984856" a2="-28.587833" a3="63.528332" a4="-180.120941" a5="-55.289543" a6="-74.035583" />
<external_axis />
</actual>
<ipo_cycle>4294966170</ipo_cycle>
</value>
<value>
<planned>
<robot_axis a1="105.985657" a2="-29.151236" a3="63.580296" a4="-180.120178" a5="-55.802795" a6="-74.035385" />
<external_axis />
</planned>
<actual>
<robot_axis a1="105.985458" a2="-29.090014" a3="63.573696" a4="-180.120178" a5="-55.746704" a6="-74.036278" />
<external_axis />
</actual>
<ipo_cycle>4294966193</ipo_cycle>
</value>
<value>
<planned>
<robot_axis a1="105.986259" a2="-29.669003" a3="63.613018" a4="-180.119537" a5="-56.287727" a6="-74.035957" />
<external_axis />
</planned>
<actual>
<robot_axis a1="105.986061" a2="-29.608624" a3="63.608742" a4="-180.119537" a5="-56.230968" a6="-74.036346" />
<external_axis />
</actual>
<ipo_cycle>4294966217</ipo_cycle>
</value>
<value>
<planned>
<robot_axis a1="105.986862" a2="-30.180664" a3="63.632168" a4="-180.118774" a5="-56.780319" a6="-74.036629" />
<external_axis />
</planned>
<actual>
<robot_axis a1="105.986664" a2="-30.120663" a3="63.629192" a4="-180.118881" a5="-56.722229" a6="-74.036667" />
<external_axis />
</actual>
<ipo_cycle>4294966241</ipo_cycle>
</value>
<value>
<planned>
<robot_axis a1="105.987465" a2="-30.686317" a3="63.637836" a4="-180.118134" a5="-57.280247" a6="-74.037231" />
<external_axis />
</planned>
<actual>
<robot_axis a1="105.987366" a2="-30.627348" a3="63.636349" a4="-180.118134" a5="-57.221600" a6="-74.037430" />
<external_axis />
</actual>
<ipo_cycle>4294966265</ipo_cycle>
</value>
<value>
<planned>
<robot_axis a1="105.988068" a2="-31.185678" a3="63.629841" a4="-180.117477" a5="-57.787613" a6="-74.037933" />
<external_axis />
</planned>
<actual>
<robot_axis a1="105.987869" a2="-31.127930" a3="63.633469" a4="-180.117584" a5="-57.727966" a6="-74.037796" />
<external_axis />
</actual>
<ipo_cycle>4294966289</ipo_cycle>
</value>
<value>
<planned>
<robot_axis a1="105.988670" a2="-31.678936" a3="63.608368" a4="-180.116837" a5="-58.302311" a6="-74.038574" />
<external_axis />
</planned>
<actual>
<robot_axis a1="105.988571" a2="-31.621281" a3="63.613945" a4="-180.116943" a5="-58.241112" a6="-74.038582" />
<external_axis />
</actual>
<ipo_cycle>4294966313</ipo_cycle>
</value>
<value>
<planned>
<robot_axis a1="105.989273" a2="-32.145622" a3="63.575089" a4="-180.116180" a5="-58.802345" a6="-74.039185" />
<external_axis />
</planned>
<actual>
<robot_axis a1="105.989174" a2="-32.088623" a3="63.580387" a4="-180.116302" a5="-58.740704" a6="-74.039505" />
<external_axis />
</actual>
<ipo_cycle>4294966336</ipo_cycle>
</value>
<value>
<planned>
<robot_axis a1="105.989876" a2="-32.606388" a3="63.529354" a4="-180.115540" a5="-59.308937" a6="-74.039711" />
<external_axis />
</planned>
<actual>
<robot_axis a1="105.989670" a2="-32.549953" a3="63.536045" a4="-180.115540" a5="-59.246181" a6="-74.040024" />
<external_axis />
</actual>
<ipo_cycle>4294966359</ipo_cycle>
</value>
<value>
<planned>
<robot_axis a1="105.990372" a2="-33.061241" a3="63.471069" a4="-180.115005" a5="-59.821968" a6="-74.040337" />
<external_axis />
</planned>
<actual>
<robot_axis a1="105.990273" a2="-33.006027" a3="63.478970" a4="-180.115005" a5="-59.758102" a6="-74.041122" />
<external_axis />
</actual>
<ipo_cycle>4294966382</ipo_cycle>
</value>
<value>
<planned>
<robot_axis a1="105.990974" a2="-33.510086" a3="63.400326" a4="-180.114349" a5="-60.341553" a6="-74.041039" />
<external_axis />
</planned>
<actual>
<robot_axis a1="105.990875" a2="-33.455154" a3="63.409344" a4="-180.114456" a5="-60.278244" a6="-74.041672" />
<external_axis />
</actual>
<ipo_cycle>4294966405</ipo_cycle>
</value>
<value>
<planned>
<robot_axis a1="105.991577" a2="-33.933670" a3="63.320938" a4="-180.113815" a5="-60.844479" a6="-74.041519" />
<external_axis />
</planned>
<actual>
<robot_axis a1="105.991379" a2="-33.879677" a3="63.331348" a4="-180.113922" a5="-60.780170" a6="-74.042465" />
<external_axis />
</actual>
<ipo_cycle>4294966427</ipo_cycle>
</value>
<value>
<planned>
<robot_axis a1="105.992081" a2="-34.351524" a3="63.230118" a4="-180.113281" a5="-61.353291" a6="-74.042244" />
<external_axis />
</planned>
<actual>
<robot_axis a1="105.991982" a2="-34.298191" a3="63.241737" a4="-180.113281" a5="-61.287647" a6="-74.043175" />
<external_axis />
</actual>
<ipo_cycle>4294966449</ipo_cycle>
</value>
<value>
<planned>
<robot_axis a1="105.992584" a2="-34.763748" a3="63.127769" a4="-180.112625" a5="-61.867764" a6="-74.042717" />
<external_axis />
</planned>
<actual>
<robot_axis a1="105.992584" a2="-34.711067" a3="63.140503" a4="-180.112732" a5="-61.801903" a6="-74.043648" />
<external_axis />
</actual>
<ipo_cycle>4294966471</ipo_cycle>
</value>
<move>
<key_image k3="+1" />
<mouse_override m1="0.000000" m2="0.000000" m3="0.000000" m4="0.000000" m5="0.000000" m6="0.000000" />
<mode>BASE</mode>
<base>
<pos x="0.000000" y="0.000000" z="0.000000" a="0.000000" b="0.000000" c="0.000000" /></base>
<tool>
<pos x="0.000000" y="0.000000" z="0.000000" a="0.000000" b="0.000000" c="0.000000" /></tool>
<ipo_mode>tool</ipo_mode>
<ipo_cycle>4294966496</ipo_cycle>
</move>
<value>
<planned>
<robot_axis a1="105.993080" a2="-35.141788" a3="63.022259" a4="-180.112198" a5="-62.351254" a6="-74.043274" />
<external_axis />
</planned>
<actual>
<robot_axis a1="105.993286" a2="-35.109863" a3="63.028118" a4="-180.111984" a5="-62.303936" a6="-74.043785" />
<external_axis />
</actual>
<ipo_cycle>4294966529</ipo_cycle>
</value>
<value>
<planned>
<robot_axis a1="105.993584" a2="-35.532131" a3="62.901134" a4="-180.111649" a5="-62.862732" a6="-74.043869" />
<external_axis />
</planned>
<actual>
<robot_axis a1="105.993484" a2="-35.482647" a3="62.916843" a4="-180.112091" a5="-62.795315" a6="-74.043961" />
<external_axis />
</actual>
<ipo_cycle>4294966551</ipo_cycle>
</value>
<value>
<planned>
<robot_axis a1="105.994186" a2="-35.909424" a3="62.771641" a4="-180.111221" a5="-63.369545" a6="-74.044403" />
<external_axis />
</planned>
<actual>
<robot_axis a1="105.993790" a2="-35.859188" a3="62.788376" a4="-180.111755" a5="-63.301128" a6="-74.044479" />
<external_axis />
</actual>
<ipo_cycle>4294966572</ipo_cycle>
</value>
<value>
<planned>
<robot_axis a1="105.994690" a2="-36.281269" a3="62.631645" a4="-180.110687" a5="-63.881355" a6="-74.045006" />
<external_axis />
</planned>
<actual>
<robot_axis a1="105.994286" a2="-36.231876" a3="62.649864" a4="-180.110687" a5="-63.811825" a6="-74.046211" />
<external_axis />
</actual>
<ipo_cycle>4294966593</ipo_cycle>
</value>
<value>
<planned>
<robot_axis a1="105.995193" a2="-36.647480" a3="62.480957" a4="-180.110245" a5="-64.398277" a6="-74.045677" />
<external_axis />
</planned>
<actual>
<robot_axis a1="105.994987" a2="-36.598839" a3="62.500759" a4="-180.110245" a5="-64.328522" a6="-74.046555" />
<external_axis />
</actual>
<ipo_cycle>4294966614</ipo_cycle>
</value>
<value>
<planned>
<robot_axis a1="105.995689" a2="-37.008057" a3="62.319672" a4="-180.109711" a5="-64.920189" a6="-74.046249" />
<external_axis />
</planned>
<actual>
<robot_axis a1="105.995491" a2="-36.959885" a3="62.340588" a4="-180.109818" a5="-64.849548" a6="-74.046783" />
<external_axis />
</actual>
<ipo_cycle>4294966635</ipo_cycle>
</value>
<value>
<planned>
<robot_axis a1="105.996193" a2="-37.346191" a3="62.156067" a4="-180.109283" a5="-65.421898" a6="-74.046722" />
<external_axis />
</planned>
<actual>
<robot_axis a1="105.995995" a2="-37.299240" a3="62.178841" a4="-180.109390" a5="-65.351700" a6="-74.047096" />
<external_axis />
</actual>
<ipo_cycle>4294966655</ipo_cycle>
</value>
<value>
<planned>
<robot_axis a1="105.996696" a2="-37.679161" a3="61.982697" a4="-180.108856" a5="-65.928154" a6="-74.047417" />
<external_axis />
</planned>
<actual>
<robot_axis a1="105.996597" a2="-37.632492" a3="62.006866" a4="-180.108856" a5="-65.857071" a6="-74.047943" />
<external_axis />
</actual>
<ipo_cycle>4294966675</ipo_cycle>
</value>
<value>
<planned>
<robot_axis a1="105.997200" a2="-38.006779" a3="61.799473" a4="-180.108414" a5="-66.438965" a6="-74.047836" />
<external_axis />
</planned>
<actual>
<robot_axis a1="105.997101" a2="-37.961239" a3="61.825779" a4="-180.108414" a5="-66.366547" a6="-74.048187" />
<external_axis />
</actual>
<ipo_cycle>4294966695</ipo_cycle>
</value>
<value>
<planned>
<robot_axis a1="105.997696" a2="-38.329044" a3="61.606491" a4="-180.107986" a5="-66.954216" a6="-74.048492" />
<external_axis />
</planned>
<actual>
<robot_axis a1="105.997597" a2="-38.283504" a3="61.633728" a4="-180.108093" a5="-66.881248" a6="-74.048828" />
<external_axis />
</actual>
<ipo_cycle>4294966715</ipo_cycle>
</value>
<value>
<planned>
<robot_axis a1="105.998199" a2="-38.645866" a3="61.403652" a4="-180.107559" a5="-67.474030" a6="-74.049034" />
<external_axis />
</planned>
<actual>
<robot_axis a1="105.998100" a2="-38.601448" a3="61.432842" a4="-180.107559" a5="-67.400497" a6="-74.049202" />
<external_axis />
</actual>
<ipo_cycle>4294966735</ipo_cycle>
</value>
<value>
<planned>
<robot_axis a1="105.998703" a2="-38.957237" a3="61.190777" a4="-180.107117" a5="-67.998169" a6="-74.049637" />
<external_axis />
</planned>
<actual>
<robot_axis a1="105.998604" a2="-38.913387" a3="61.220242" a4="-180.107224" a5="-67.924080" a6="-74.050125" />
<external_axis />
</actual>
<ipo_cycle>4294966755</ipo_cycle>
</value>
<value>
<planned>
<robot_axis a1="105.999207" a2="-39.247952" a3="60.979385" a4="-180.106796" a5="-68.500313" a6="-74.050117" />
<external_axis />
</planned>
<actual>
<robot_axis a1="105.999107" a2="-39.205040" a3="61.010990" a4="-180.106903" a5="-68.425453" a6="-74.050919" />
<external_axis />
</actual>
<ipo_cycle>4294966774</ipo_cycle>
</value>
<value>
<planned>
<robot_axis a1="105.999702" a2="-39.533596" a3="60.758884" a4="-180.106476" a5="-69.006462" a6="-74.050644" />
<external_axis />
</planned>
<actual>
<robot_axis a1="105.999504" a2="-39.491249" a3="60.791420" a4="-180.106369" a5="-68.931488" a6="-74.051277" />
<external_axis />
</actual>
<ipo_cycle>4294966793</ipo_cycle>
</value>
<value>
<planned>
<robot_axis a1="106.000206" a2="-39.814079" a3="60.529182" a4="-180.106049" a5="-69.516609" a6="-74.051224" />
<external_axis />
</planned>
<actual>
<robot_axis a1="106.000008" a2="-39.772385" a3="60.563671" a4="-180.106155" a5="-69.441414" a6="-74.052185" />
<external_axis />
</actual>
<ipo_cycle>4294966812</ipo_cycle>
</value>
<value>
<planned>
<robot_axis a1="106.000610" a2="-40.089298" a3="60.290371" a4="-180.105713" a5="-70.030754" a6="-74.051697" />
<external_axis />
</planned>
<actual>
<robot_axis a1="106.000511" a2="-40.048546" a3="60.325787" a4="-180.105713" a5="-69.954666" a6="-74.052643" />
<external_axis />
</actual>
<ipo_cycle>4294966831</ipo_cycle>
</value>
<value>
<planned>
<robot_axis a1="106.001114" a2="-40.359356" a3="60.042263" a4="-180.105392" a5="-70.548897" a6="-74.052223" />
<external_axis />
</planned>
<actual>
<robot_axis a1="106.001007" a2="-40.319824" a3="60.078979" a4="-180.105392" a5="-70.472366" a6="-74.053162" />
<external_axis />
</actual>
<ipo_cycle>4294966850</ipo_cycle>
</value>
<value>
<planned>
<robot_axis a1="106.001610" a2="-40.624153" a3="59.784859" a4="-180.105072" a5="-71.071037" a6="-74.052795" />
<external_axis />
</planned>
<actual>
<robot_axis a1="106.001411" a2="-40.584717" a3="59.823715" a4="-180.105179" a5="-70.992844" a6="-74.053558" />
<external_axis />
</actual>
<ipo_cycle>4294966869</ipo_cycle>
</value>
<value>
<planned>
<robot_axis a1="106.002014" a2="-40.883507" a3="59.517971" a4="-180.104752" a5="-71.597176" a6="-74.053429" />
<external_axis />
</planned>
<actual>
<robot_axis a1="106.001915" a2="-40.845383" a3="59.558224" a4="-180.104645" a5="-71.518311" a6="-74.054176" />
<external_axis />
</actual>
<ipo_cycle>4294966888</ipo_cycle>
</value>
<value>
<planned>
<robot_axis a1="106.002518" a2="-41.124172" a3="59.256477" a4="-180.104431" a5="-72.099434" a6="-74.053909" />
<external_axis />
</planned>
<actual>
<robot_axis a1="106.002411" a2="-41.087177" a3="59.297565" a4="-180.104431" a5="-72.021019" a6="-74.054993" />
<external_axis />
</actual>
<ipo_cycle>4294966906</ipo_cycle>
</value>
<value>
<planned>
<robot_axis a1="106.002914" a2="-41.359959" a3="58.986431" a4="-180.104095" a5="-72.605247" a6="-74.054428" />
<external_axis />
</planned>
<actual>
<robot_axis a1="106.002914" a2="-41.323429" a3="59.029285" a4="-180.104202" a5="-72.525719" a6="-74.055336" />
<external_axis />
</actual>
<ipo_cycle>4294966924</ipo_cycle>
</value>
<value>
<planned>
<robot_axis a1="106.003418" a2="-41.590672" a3="58.707737" a4="-180.103775" a5="-73.114616" a6="-74.054840" />
<external_axis />
</planned>
<actual>
<robot_axis a1="106.003319" a2="-41.554707" a3="58.751892" a4="-180.103882" a5="-73.034531" a6="-74.056229" />
<external_axis />
</actual>
<ipo_cycle>4294966942</ipo_cycle>
</value>
<value>
<planned>
<robot_axis a1="106.003822" a2="-41.816311" a3="58.420399" a4="-180.103561" a5="-73.627647" a6="-74.055458" />
<external_axis />
</planned>
<actual>
<robot_axis a1="106.003822" a2="-41.781757" a3="58.465580" a4="-180.103561" a5="-73.547897" a6="-74.056366" />
<external_axis />
</actual>
<ipo_cycle>4294966960</ipo_cycle>
</value>
<value>
<planned>
<robot_axis a1="106.004318" a2="-42.036884" a3="58.124233" a4="-180.103241" a5="-74.144463" a6="-74.055969" />
<external_axis />
</planned>
<actual>
<robot_axis a1="106.004219" a2="-42.002327" a3="58.170712" a4="-180.103348" a5="-74.063934" a6="-74.056694" />
<external_axis />
</actual>
<ipo_cycle>4294966978</ipo_cycle>
</value>
<value>
<planned>
<robot_axis a1="106.004723" a2="-42.252293" a3="57.819138" a4="-180.103027" a5="-74.664825" a6="-74.056526" />
<external_axis />
</planned>
<actual>
<robot_axis a1="106.004723" a2="-42.219143" a3="57.867477" a4="-180.103134" a5="-74.583412" a6="-74.057076" />
<external_axis />
</actual>
<ipo_cycle>4294966996</ipo_cycle>
</value>
<value>
<planned>
<robot_axis a1="106.005226" a2="-42.462345" a3="57.505123" a4="-180.102814" a5="-75.188965" a6="-74.056969" />
<external_axis />
</planned>
<actual>
<robot_axis a1="106.005226" a2="-42.429764" a3="57.555321" a4="-180.102814" a5="-75.106659" a6="-74.057175" />
<external_axis />
</actual>
<ipo_cycle>4294967014</ipo_cycle>
</value>
<value>
<planned>
<robot_axis a1="106.005623" a2="-42.667141" a3="57.182087" a4="-180.102478" a5="-75.716774" a6="-74.057457" />
<external_axis />
</planned>
<actual>
<robot_axis a1="106.005623" a2="-42.635403" a3="57.233589" a4="-180.102478" a5="-75.634132" a6="-74.057503" />
<external_axis />
</actual>
<ipo_cycle>4294967032</ipo_cycle>
</value>
<value>
<planned>
<robot_axis a1="106.006126" a2="-42.855598" a3="56.868629" a4="-180.102264" a5="-76.218811" a6="-74.058098" />
<external_axis />
</planned>
<actual>
<robot_axis a1="106.006027" a2="-42.824142" a3="56.921246" a4="-180.102264" a5="-76.135063" a6="-74.058289" />
<external_axis />
</actual>
<ipo_cycle>4294967049</ipo_cycle>
</value>
<value>
<planned>
<robot_axis a1="106.006531" a2="-43.039177" a3="56.546898" a4="-180.102051" a5="-76.724068" a6="-74.058449" />
<external_axis />
</planned>
<actual>
<robot_axis a1="106.006432" a2="-43.009033" a3="56.600163" a4="-180.102051" a5="-76.640099" a6="-74.058800" />
<external_axis />
</actual>
<ipo_cycle>4294967066</ipo_cycle>
</value>
<value>
<planned>
<robot_axis a1="106.006927" a2="-43.217869" a3="56.216801" a4="-180.101837" a5="-77.232880" a6="-74.059013" />
<external_axis />
</planned>
<actual>
<robot_axis a1="106.006828" a2="-43.188007" a3="56.271553" a4="-180.101944" a5="-77.148911" a6="-74.059532" />
<external_axis />
</actual>
<ipo_cycle>4294967083</ipo_cycle>
</value>
<value>
<planned>
<robot_axis a1="106.007332" a2="-43.391582" a3="55.878242" a4="-180.101624" a5="-77.745026" a6="-74.059464" />
<external_axis />
</planned>
<actual>
<robot_axis a1="106.007233" a2="-43.362942" a3="55.934483" a4="-180.101730" a5="-77.659943" a6="-74.060127" />
<external_axis />
</actual>
<ipo_cycle>4294967100</ipo_cycle>
</value>
<value>
<planned>
<robot_axis a1="106.007835" a2="-43.560135" a3="55.531132" a4="-180.101410" a5="-78.260727" a6="-74.060120" />
<external_axis />
</planned>
<actual>
<robot_axis a1="106.007629" a2="-43.531963" a3="55.589325" a4="-180.101624" a5="-78.175201" a6="-74.061272" />
<external_axis />
</actual>
<ipo_cycle>4294967117</ipo_cycle>
</value>
<value>
<planned>
<robot_axis a1="106.008232" a2="-43.723614" a3="55.175468" a4="-180.101303" a5="-78.779869" a6="-74.060493" />
<external_axis />
</planned>
<actual>
<robot_axis a1="106.008034" a2="-43.697041" a3="55.235054" a4="-180.101410" a5="-78.694565" a6="-74.061653" />
<external_axis />
</actual>
<ipo_cycle>4294967134</ipo_cycle>
</value>
<value>
<planned>
<robot_axis a1="106.008636" a2="-43.881931" a3="54.810974" a4="-180.101074" a5="-79.302673" a6="-74.061081" />
<external_axis />
</planned>
<actual>
<robot_axis a1="106.008438" a2="-43.855450" a3="54.872234" a4="-180.101181" a5="-79.216042" a6="-74.062386" />
<external_axis />
</actual>
<ipo_cycle>4294967151</ipo_cycle>
</value>
<value>
<planned>
<robot_axis a1="106.009033" a2="-44.034893" a3="54.437649" a4="-180.100861" a5="-79.829041" a6="-74.061554" />
<external_axis />
</planned>
<actual>
<robot_axis a1="106.008835" a2="-44.009636" a3="54.500492" a4="-180.100967" a5="-79.741180" a6="-74.062515" />
<external_axis />
</actual>
<ipo_cycle>4294967168</ipo_cycle>
</value>
<value>
<planned>
<robot_axis a1="106.009438" a2="-44.182503" a3="54.055214" a4="-180.100754" a5="-80.359070" a6="-74.062080" />
<external_axis />
</planned>
<actual>
<robot_axis a1="106.009239" a2="-44.158371" a3="54.119450" a4="-180.100754" a5="-80.271324" a6="-74.063362" />
<external_axis />
</actual>
<ipo_cycle>4294967185</ipo_cycle>
</value>
<value>
<planned>
<robot_axis a1="106.009842" a2="-44.316502" a3="53.687004" a4="-180.100647" a5="-80.861214" a6="-74.062553" />
<external_axis />
</planned>
<actual>
<robot_axis a1="106.009735" a2="-44.292744" a3="53.753098" a4="-180.100647" a5="-80.772919" a6="-74.063667" />
<external_axis />
</actual>
<ipo_cycle>4294967201</ipo_cycle>
</value>
<value>
<planned>
<robot_axis a1="106.010239" a2="-44.445614" a3="53.310612" a4="-180.100433" a5="-81.366806" a6="-74.063080" />
<external_axis />
</planned>
<actual>
<robot_axis a1="106.010139" a2="-44.422890" a3="53.378006" a4="-180.100540" a5="-81.277733" a6="-74.064186" />
<external_axis />
</actual>
<ipo_cycle>4294967217</ipo_cycle>
</value>
<value>
<planned>
<robot_axis a1="106.010643" a2="-44.569843" a3="52.925758" a4="-180.100327" a5="-81.875732" a6="-74.063644" />
<external_axis />
</planned>
<actual>
<robot_axis a1="106.010544" a2="-44.547684" a3="52.994640" a4="-180.100433" a5="-81.786324" a6="-74.064751" />
<external_axis />
</actual>
<ipo_cycle>4294967233</ipo_cycle>
</value>
<value>
<planned>
<robot_axis a1="106.011040" a2="-44.689003" a3="52.532539" a4="-180.100220" a5="-82.388214" a6="-74.064095" />
<external_axis />
</planned>
<actual>
<robot_axis a1="106.010941" a2="-44.668156" a3="52.602726" a4="-180.100220" a5="-82.298248" a6="-74.065193" />
<external_axis />
</actual>
<ipo_cycle>4294967249</ipo_cycle>
</value>
<value>
<planned>
<robot_axis a1="106.011444" a2="-44.802998" a3="52.130676" a4="-180.100113" a5="-82.904137" a6="-74.064598" />
<external_axis />
</planned>
<actual>
<robot_axis a1="106.011345" a2="-44.782619" a3="52.202164" a4="-180.100113" a5="-82.812721" a6="-74.065338" />
<external_axis />
</actual>
<ipo_cycle>4294967265</ipo_cycle>
</value>
<value>
<planned>
<robot_axis a1="106.011848" a2="-44.911827" a3="51.720078" a4="-180.100006" a5="-83.423615" a6="-74.065140" />
<external_axis />
</planned>
<actual>
<robot_axis a1="106.011749" a2="-44.892860" a3="51.793236" a4="-180.100006" a5="-83.331757" a6="-74.065552" />
<external_axis />
</actual>
<ipo_cycle>4294967281</ipo_cycle>
</value>
<value>
<planned>
<robot_axis a1="106.012245" a2="-45.009109" a3="51.326950" a4="-180.099899" a5="-83.913879" a6="-74.065620" />
<external_axis />
</planned>
<actual>
<robot_axis a1="106.012047" a2="-44.996620" a3="51.376312" a4="-180.100006" a5="-83.853233" a6="-74.066124" />
<external_axis />
</actual>
<ipo_cycle>1</ipo_cycle>
</value>
</poslog>
