<?xml:stylesheet href="poslog.xsl" type="text/xsl"?>
<poslog serialno="917921" trafo="#KR2210_2 S C2 FLR ZH210" date="11-28-2019" time="07:35:48" tick="4226009556" timestamp="35996402" trigger="ENABLING SWITCH">
<value>
<planned>
<robot_axis a1="-5.190062" a2="-103.961838" a3="126.347755" a4="-178.323715" a5="-67.714363" a6="-6.368050" />
<external_axis />
</planned>
<actual>
<robot_axis a1="-5.188557" a2="-103.929535" a3="126.397118" a4="-178.321442" a5="-67.634384" a6="-6.370399" />
<external_axis />
</actual>
<ipo_cycle>4294966180</ipo_cycle>
</value>
<value>
<planned>
<robot_axis a1="-5.196884" a2="-104.157623" a3="126.047127" a4="-178.329529" a5="-68.210876" a6="-6.359334" />
<external_axis />
</planned>
<actual>
<robot_axis a1="-5.195379" a2="-104.127945" a3="126.093605" a4="-178.327057" a5="-68.136337" a6="-6.361099" />
<external_axis />
</actual>
<ipo_cycle>4294966198</ipo_cycle>
</value>
<value>
<planned>
<robot_axis a1="-5.203907" a2="-104.354904" a3="125.735619" a4="-178.335358" a5="-68.719719" a6="-6.350455" />
<external_axis />
</planned>
<actual>
<robot_axis a1="-5.202302" a2="-104.328613" a3="125.778381" a4="-178.333527" a5="-68.651291" a6="-6.351325" />
<external_axis />
</actual>
<ipo_cycle>4294966218</ipo_cycle>
</value>
<value>
<planned>
<robot_axis a1="-5.211031" a2="-104.548431" a3="125.420670" a4="-178.341080" a5="-69.228119" a6="-6.341733" />
<external_axis />
</planned>
<actual>
<robot_axis a1="-5.209526" a2="-104.524673" a3="125.459343" a4="-178.339890" a5="-69.164696" a6="-6.342841" />
<external_axis />
</actual>
<ipo_cycle>4294966240</ipo_cycle>
</value>
<value>
<planned>
<robot_axis a1="-5.217954" a2="-104.733139" a3="125.111115" a4="-178.346481" a5="-69.722298" a6="-6.333310" />
<external_axis />
</planned>
<actual>
<robot_axis a1="-5.216650" a2="-104.712662" a3="125.146164" a4="-178.345291" a5="-69.666985" a6="-6.338952" />
<external_axis />
</actual>
<ipo_cycle>4294966264</ipo_cycle>
</value>
<value>
<planned>
<robot_axis a1="-5.224977" a2="-104.915962" a3="124.795708" a4="-178.351654" a5="-70.220589" a6="-6.325103" />
<external_axis />
</planned>
<actual>
<robot_axis a1="-5.223773" a2="-104.897835" a3="124.826012" a4="-178.351120" a5="-70.174606" a6="-6.328090" />
<external_axis />
</actual>
<ipo_cycle>4294966292</ipo_cycle>
</value>
<value>
<planned>
<robot_axis a1="-5.231900" a2="-105.093521" a3="124.479919" a4="-178.356735" a5="-70.713882" a6="-6.316992" />
<external_axis />
</planned>
<actual>
<robot_axis a1="-5.230997" a2="-105.079155" a3="124.504646" a4="-178.356293" a5="-70.677559" a6="-6.319289" />
<external_axis />
</actual>
<ipo_cycle>4294966326</ipo_cycle>
</value>
<value>
<planned>
<robot_axis a1="-5.238924" a2="-105.266861" a3="124.162376" a4="-178.361588" a5="-71.204727" a6="-6.309010" />
<external_axis />
</planned>
<actual>
<robot_axis a1="-5.238121" a2="-105.257759" a3="124.178642" a4="-178.361267" a5="-71.183067" a6="-6.310193" />
<external_axis />
</actual>
<ipo_cycle>4294966374</ipo_cycle>
</value>
<value>
<planned>
<robot_axis a1="-4.730743" a2="-105.248741" a3="123.784027" a4="-178.371506" a5="-71.565643" a6="-6.554946" />
<external_axis />
</planned>
<actual>
<robot_axis a1="-4.766261" a2="-105.256721" a3="123.796204" a4="-178.370758" a5="-71.559090" a6="-6.538783" />
<external_axis />
</actual>
<ipo_cycle>4294966548</ipo_cycle>
</value>
<value>
<planned>
<robot_axis a1="-4.230489" a2="-105.131554" a3="123.601364" a4="-178.378525" a5="-71.631653" a6="-6.799698" />
<external_axis />
</planned>
<actual>
<robot_axis a1="-4.280755" a2="-105.143196" a3="123.619026" a4="-178.377121" a5="-71.624649" a6="-6.775816" />
<external_axis />
</actual>
<ipo_cycle>4294966580</ipo_cycle>
</value>
<value>
<planned>
<robot_axis a1="-3.722409" a2="-105.012581" a3="123.415909" a4="-178.385651" a5="-71.698776" a6="-7.048236" />
<external_axis />
</planned>
<actual>
<robot_axis a1="-3.784113" a2="-105.026573" a3="123.438309" a4="-178.383713" a5="-71.690323" a6="-7.017608" />
<external_axis />
</actual>
<ipo_cycle>4294966605</ipo_cycle>
</value>
<value>
<planned>
<robot_axis a1="-3.216536" a2="-104.893990" a3="123.231201" a4="-178.392654" a5="-71.765564" a6="-7.295622" />
<external_axis />
</planned>
<actual>
<robot_axis a1="-3.287872" a2="-104.910797" a3="123.257133" a4="-178.391800" a5="-71.756340" a6="-7.259420" />
<external_axis />
</actual>
<ipo_cycle>4294966626</ipo_cycle>
</value>
<value>
<planned>
<robot_axis a1="-2.696617" a2="-104.772202" a3="123.041374" a4="-178.399994" a5="-71.834137" a6="-7.549921" />
<external_axis />
</planned>
<actual>
<robot_axis a1="-2.776682" a2="-104.791260" a3="123.071030" a4="-178.398270" a5="-71.823242" a6="-7.509261" />
<external_axis />
</actual>
<ipo_cycle>4294966645</ipo_cycle>
</value>
<value>
<planned>
<robot_axis a1="-2.181614" a2="-104.651627" a3="122.853317" a4="-178.407120" a5="-71.902145" a6="-7.801914" />
<external_axis />
</planned>
<actual>
<robot_axis a1="-2.269705" a2="-104.671631" a3="122.885109" a4="-178.405182" a5="-71.889473" a6="-7.758113" />
<external_axis />
</actual>
<ipo_cycle>4294966662</ipo_cycle>
</value>
<value>
<planned>
<robot_axis a1="-1.653969" a2="-104.527962" a3="122.660706" a4="-178.414459" a5="-71.971825" a6="-8.059999" />
<external_axis />
</planned>
<actual>
<robot_axis a1="-1.749084" a2="-104.549843" a3="122.695198" a4="-178.412079" a5="-71.958481" a6="-8.013232" />
<external_axis />
</actual>
<ipo_cycle>4294966678</ipo_cycle>
</value>
<value>
<planned>
<robot_axis a1="-1.121809" a2="-104.403358" a3="122.466423" a4="-178.421906" a5="-72.042061" a6="-8.320222" />
<external_axis />
</planned>
<actual>
<robot_axis a1="-1.223747" a2="-104.426834" a3="122.503418" a4="-178.419754" a5="-72.027939" a6="-8.269514" />
<external_axis />
</actual>
<ipo_cycle>4294966693</ipo_cycle>
</value>
<value>
<planned>
<robot_axis a1="-0.592459" a2="-104.279312" a3="122.273163" a4="-178.429352" a5="-72.111961" a6="-8.579130" />
<external_axis />
</planned>
<actual>
<robot_axis a1="-0.700817" a2="-104.304482" a3="122.312576" a4="-178.427841" a5="-72.097176" a6="-8.524649" />
<external_axis />
</actual>
<ipo_cycle>4294966707</ipo_cycle>
</value>
<value>
<planned>
<robot_axis a1="-0.072841" a2="-104.157623" a3="122.083427" a4="-178.436584" a5="-72.180634" a6="-8.833265" />
<external_axis />
</planned>
<actual>
<robot_axis a1="-0.186717" a2="-104.184380" a3="122.125076" a4="-178.435501" a5="-72.165192" a6="-8.777305" />
<external_axis />
</actual>
<ipo_cycle>4294966720</ipo_cycle>
</value>
<value>
<planned>
<robot_axis a1="0.430825" a2="-104.039589" a3="121.899559" a4="-178.443588" a5="-72.247093" a6="-9.079662" />
<external_axis />
</planned>
<actual>
<robot_axis a1="0.311430" a2="-104.068321" a3="121.943527" a4="-178.442841" a5="-72.230759" a6="-9.021070" />
<external_axis />
</actual>
<ipo_cycle>4294966732</ipo_cycle>
</value>
<value>
<planned>
<robot_axis a1="0.957265" a2="-103.916298" a3="121.707314" a4="-178.450928" a5="-72.316551" a6="-9.337252" />
<external_axis />
</planned>
<actual>
<robot_axis a1="0.832453" a2="-103.946533" a3="121.752869" a4="-178.449966" a5="-72.299774" a6="-9.275372" />
<external_axis />
</actual>
<ipo_cycle>4294966744</ipo_cycle>
</value>
<value>
<planned>
<robot_axis a1="1.459927" a2="-103.798546" a3="121.523811" a4="-178.457947" a5="-72.383003" a6="-9.582994" />
<external_axis />
</planned>
<actual>
<robot_axis a1="1.330199" a2="-103.829155" a3="121.571037" a4="-178.456116" a5="-72.365448" a6="-9.518307" />
<external_axis />
</actual>
<ipo_cycle>4294966755</ipo_cycle>
</value>
<value>
<planned>
<robot_axis a1="1.981653" a2="-103.676285" a3="121.333344" a4="-178.465286" a5="-72.451797" a6="-9.838279" />
<external_axis />
</planned>
<actual>
<robot_axis a1="1.847007" a2="-103.708023" a3="121.382515" a4="-178.462265" a5="-72.433678" a6="-9.770948" />
<external_axis />
</actual>
<ipo_cycle>4294966766</ipo_cycle>
</value>
<value>
<planned>
<robot_axis a1="2.522441" a2="-103.549614" a3="121.135895" a4="-178.472839" a5="-72.523254" a6="-10.102783" />
<external_axis />
</planned>
<actual>
<robot_axis a1="2.383080" a2="-103.582954" a3="121.186745" a4="-178.469391" a5="-72.505020" a6="-10.033971" />
<external_axis />
</actual>
<ipo_cycle>4294966777</ipo_cycle>
</value>
<value>
<planned>
<robot_axis a1="3.030421" a2="-103.430649" a3="120.950439" a4="-178.479965" a5="-72.590263" a6="-10.351156" />
<external_axis />
</planned>
<actual>
<robot_axis a1="2.886645" a2="-103.464073" a3="121.003151" a4="-178.476501" a5="-72.572029" a6="-10.280540" />
<external_axis />
</actual>
<ipo_cycle>4294966787</ipo_cycle>
</value>
<value>
<planned>
<robot_axis a1="3.553952" a2="-103.308014" a3="120.759315" a4="-178.487183" a5="-72.659386" a6="-10.607265" />
<external_axis />
</planned>
<actual>
<robot_axis a1="3.405862" a2="-103.342758" a3="120.813698" a4="-178.483414" a5="-72.638710" a6="-10.533826" />
<external_axis />
</actual>
<ipo_cycle>4294966797</ipo_cycle>
</value>
<value>
<planned>
<robot_axis a1="4.093034" a2="-103.181717" a3="120.562523" a4="-178.494751" a5="-72.730621" a6="-10.870946" />
<external_axis />
</planned>
<actual>
<robot_axis a1="3.940731" a2="-103.217865" a3="120.618576" a4="-178.491501" a5="-72.709389" a6="-10.795539" />
<external_axis />
</actual>
<ipo_cycle>4294966807</ipo_cycle>
</value>
<value>
<planned>
<robot_axis a1="4.647468" a2="-103.051849" a3="120.360054" a4="-178.502518" a5="-72.803856" a6="-11.142035" />
<external_axis />
</planned>
<actual>
<robot_axis a1="4.490649" a2="-103.088753" a3="120.417503" a4="-178.500137" a5="-72.781960" a6="-11.064496" />
<external_axis />
</actual>
<ipo_cycle>4294966817</ipo_cycle>
</value>
<value>
<planned>
<robot_axis a1="5.159561" a2="-102.931847" a3="120.173119" a4="-178.509628" a5="-72.871422" a6="-11.392547" />
<external_axis />
</planned>
<actual>
<robot_axis a1="4.998829" a2="-102.969597" a3="120.232048" a4="-178.508347" a5="-72.849197" a6="-11.313375" />
<external_axis />
</actual>
<ipo_cycle>4294966826</ipo_cycle>
</value>
<value>
<planned>
<robot_axis a1="5.683995" a2="-102.809029" a3="119.981621" a4="-178.516968" a5="-72.940659" a6="-11.649150" />
<external_axis />
</planned>
<actual>
<robot_axis a1="5.519651" a2="-102.847900" a3="120.041763" a4="-178.515900" a5="-72.918655" a6="-11.567688" />
<external_axis />
</actual>
<ipo_cycle>4294966835</ipo_cycle>
</value>
<value>
<planned>
<robot_axis a1="6.220670" a2="-102.683296" a3="119.785660" a4="-178.524414" a5="-73.011559" a6="-11.911678" />
<external_axis />
</planned>
<actual>
<robot_axis a1="6.052413" a2="-102.723198" a3="119.847382" a4="-178.522797" a5="-72.990112" a6="-11.828743" />
<external_axis />
</actual>
<ipo_cycle>4294966844</ipo_cycle>
</value>
<value>
<planned>
<robot_axis a1="6.769685" a2="-102.554649" a3="119.585243" a4="-178.532181" a5="-73.084015" a6="-12.180133" />
<external_axis />
</planned>
<actual>
<robot_axis a1="6.597415" a2="-102.595215" a3="119.648170" a4="-178.529282" a5="-73.062340" a6="-12.095541" />
<external_axis />
</actual>
<ipo_cycle>4294966853</ipo_cycle>
</value>
<value>
<planned>
<robot_axis a1="7.330841" a2="-102.423187" a3="119.380356" a4="-178.539963" a5="-73.158134" a6="-12.454676" />
<external_axis />
</planned>
<actual>
<robot_axis a1="7.154859" a2="-102.464600" a3="119.444962" a4="-178.536179" a5="-73.134789" a6="-12.367922" />
<external_axis />
</actual>
<ipo_cycle>4294966862</ipo_cycle>
</value>
<value>
<planned>
<robot_axis a1="7.839924" a2="-102.304031" a3="119.194534" a4="-178.547073" a5="-73.225258" a6="-12.703707" />
<external_axis />
</planned>
<actual>
<robot_axis a1="7.660631" a2="-102.346848" a3="119.260437" a4="-178.543091" a5="-73.201134" a6="-12.615464" />
<external_axis />
</actual>
<ipo_cycle>4294966870</ipo_cycle>
</value>
<value>
<planned>
<robot_axis a1="8.358438" a2="-102.182526" a3="119.005173" a4="-178.554306" a5="-73.293823" a6="-12.957348" />
<external_axis />
</planned>
<actual>
<robot_axis a1="8.176036" a2="-102.225342" a3="119.072105" a4="-178.550217" a5="-73.268700" a6="-12.868271" />
<external_axis />
</actual>
<ipo_cycle>4294966878</ipo_cycle>
</value>
<value>
<planned>
<robot_axis a1="8.886585" a2="-102.058853" a3="118.812378" a4="-178.561646" a5="-73.363503" a6="-13.215596" />
<external_axis />
</planned>
<actual>
<robot_axis a1="8.700470" a2="-102.102798" a3="118.880424" a4="-178.557541" a5="-73.338600" a6="-13.123571" />
<external_axis />
</actual>
<ipo_cycle>4294966886</ipo_cycle>
</value>
<value>
<planned>
<robot_axis a1="9.423962" a2="-101.932938" a3="118.616142" a4="-178.569199" a5="-73.434402" a6="-13.478454" />
<external_axis />
</planned>
<actual>
<robot_axis a1="9.234636" a2="-101.977730" a3="118.685303" a4="-178.564880" a5="-73.409058" a6="-13.385601" />
<external_axis />
</actual>
<ipo_cycle>4294966894</ipo_cycle>
</value>
<value>
<planned>
<robot_axis a1="9.970770" a2="-101.804855" a3="118.416557" a4="-178.576859" a5="-73.506638" a6="-13.745921" />
<external_axis />
</planned>
<actual>
<robot_axis a1="9.778234" a2="-101.850021" a3="118.487762" a4="-178.573090" a5="-73.481628" a6="-13.651767" />
<external_axis />
</actual>
<ipo_cycle>4294966902</ipo_cycle>
</value>
<value>
<planned>
<robot_axis a1="10.526709" a2="-101.674614" a3="118.213623" a4="-178.584625" a5="-73.580093" a6="-14.017832" />
<external_axis />
</planned>
<actual>
<robot_axis a1="10.330861" a2="-101.720718" a3="118.285759" a4="-178.581726" a5="-73.553535" a6="-13.920879" />
<external_axis />
</actual>
<ipo_cycle>4294966910</ipo_cycle>
</value>
<value>
<planned>
<robot_axis a1="11.091577" a2="-101.542313" a3="118.007347" a4="-178.592514" a5="-73.654663" a6="-14.294186" />
<external_axis />
</planned>
<actual>
<robot_axis a1="10.892718" a2="-101.589447" a3="118.080597" a4="-178.590790" a5="-73.627892" a6="-14.197407" />
<external_axis />
</actual>
<ipo_cycle>4294966918</ipo_cycle>
</value>
<value>
<planned>
<robot_axis a1="11.593235" a2="-101.424751" a3="117.824219" a4="-178.599518" a5="-73.720901" a6="-14.539433" />
<external_axis />
</planned>
<actual>
<robot_axis a1="11.391768" a2="-101.472076" a3="117.898216" a4="-178.596939" a5="-73.693230" a6="-14.440173" />
<external_axis />
</actual>
<ipo_cycle>4294966925</ipo_cycle>
</value>
<value>
<planned>
<robot_axis a1="12.101516" a2="-101.305679" a3="117.638580" a4="-178.606537" a5="-73.788017" a6="-14.788134" />
<external_axis />
</planned>
<actual>
<robot_axis a1="11.897241" a2="-101.353668" a3="117.714340" a4="-178.603088" a5="-73.759903" a6="-14.687712" />
<external_axis />
</actual>
<ipo_cycle>4294966932</ipo_cycle>
</value>
<value>
<planned>
<robot_axis a1="12.616519" a2="-101.185020" a3="117.450615" a4="-178.613770" a5="-73.855919" a6="-15.039964" />
<external_axis />
</planned>
<actual>
<robot_axis a1="12.409635" a2="-101.234222" a3="117.526375" a4="-178.609665" a5="-73.827797" a6="-14.937567" />
<external_axis />
</actual>
<ipo_cycle>4294966939</ipo_cycle>
</value>
<value>
<planned>
<robot_axis a1="13.138043" a2="-101.062859" a3="117.260231" a4="-178.621109" a5="-73.924820" a6="-15.295086" />
<external_axis />
</planned>
<actual>
<robot_axis a1="12.928651" a2="-101.112434" a3="117.337486" a4="-178.616257" a5="-73.897583" a6="-15.192201" />
<external_axis />
</actual>
<ipo_cycle>4294966946</ipo_cycle>
</value>
<value>
<planned>
<robot_axis a1="13.665989" a2="-100.939194" a3="117.067436" a4="-178.628448" a5="-73.994499" a6="-15.553334" />
<external_axis />
</planned>
<actual>
<robot_axis a1="13.453888" a2="-100.989334" a3="117.145332" a4="-178.623474" a5="-73.967598" a6="-15.449469" />
<external_axis />
</actual>
<ipo_cycle>4294966953</ipo_cycle>
</value>
<value>
<planned>
<robot_axis a1="14.200255" a2="-100.814018" a3="116.872406" a4="-178.635895" a5="-74.065071" a6="-15.814711" />
<external_axis />
</planned>
<actual>
<robot_axis a1="13.985646" a2="-100.865387" a3="116.951607" a4="-178.630493" a5="-74.036942" a6="-15.709021" />
<external_axis />
</actual>
<ipo_cycle>4294966960</ipo_cycle>
</value>
<value>
<planned>
<robot_axis a1="14.740943" a2="-100.687447" a3="116.674965" a4="-178.643448" a5="-74.136414" a6="-16.079050" />
<external_axis />
</planned>
<actual>
<robot_axis a1="14.523826" a2="-100.738617" a3="116.754723" a4="-178.638580" a5="-74.107735" a6="-15.972702" />
<external_axis />
</actual>
<ipo_cycle>4294966967</ipo_cycle>
</value>
<value>
<planned>
<robot_axis a1="15.287651" a2="-100.559273" a3="116.475380" a4="-178.651108" a5="-74.208649" a6="-16.346516" />
<external_axis />
</planned>
<actual>
<robot_axis a1="15.068025" a2="-100.611572" a3="116.556068" a4="-178.647110" a5="-74.178528" a6="-16.238520" />
<external_axis />
</actual>
<ipo_cycle>4294966974</ipo_cycle>
</value>
<value>
<planned>
<robot_axis a1="15.840580" a2="-100.429779" a3="116.273468" a4="-178.658768" a5="-74.281662" a6="-16.616945" />
<external_axis />
</planned>
<actual>
<robot_axis a1="15.618546" a2="-100.482742" a3="116.354439" a4="-178.656387" a5="-74.251656" a6="-16.507820" />
<external_axis />
</actual>
<ipo_cycle>4294966981</ipo_cycle>
</value>
<value>
<planned>
<robot_axis a1="16.399529" a2="-100.298882" a3="116.069427" a4="-178.666641" a5="-74.355453" a6="-16.890337" />
<external_axis />
</planned>
<actual>
<robot_axis a1="16.175186" a2="-100.351936" a3="116.152252" a4="-178.664490" a5="-74.325897" a6="-16.780237" />
<external_axis />
</actual>
<ipo_cycle>4294966988</ipo_cycle>
</value>
<value>
<planned>
<robot_axis a1="16.964396" a2="-100.166580" a3="115.863243" a4="-178.674515" a5="-74.430016" a6="-17.166691" />
<external_axis />
</planned>
<actual>
<robot_axis a1="16.737745" a2="-100.220291" a3="115.945885" a4="-178.671829" a5="-74.401016" a6="-17.055281" />
<external_axis />
</actual>
<ipo_cycle>4294966995</ipo_cycle>
</value>
<value>
<planned>
<robot_axis a1="17.535082" a2="-100.032867" a3="115.654823" a4="-178.682510" a5="-74.505363" a6="-17.445845" />
<external_axis />
</planned>
<actual>
<robot_axis a1="17.305824" a2="-100.087234" a3="115.740067" a4="-178.678619" a5="-74.475021" a6="-17.333582" />
<external_axis />
</actual>
<ipo_cycle>4294967002</ipo_cycle>
</value>
<value>
<planned>
<robot_axis a1="18.111488" a2="-99.897835" a3="115.444366" a4="-178.690491" a5="-74.581490" a6="-17.727795" />
<external_axis />
</planned>
<actual>
<robot_axis a1="17.880123" a2="-99.951920" a3="115.528679" a4="-178.686279" a5="-74.550369" a6="-17.613552" />
<external_axis />
</actual>
<ipo_cycle>4294967009</ipo_cycle>
</value>
<value>
<planned>
<robot_axis a1="18.693514" a2="-99.761490" a3="115.231857" a4="-178.698685" a5="-74.658279" a6="-18.012379" />
<external_axis />
</planned>
<actual>
<robot_axis a1="18.460142" a2="-99.816521" a3="115.318687" a4="-178.694153" a5="-74.626045" a6="-17.898281" />
<external_axis />
</actual>
<ipo_cycle>4294967016</ipo_cycle>
</value>
<value>
<planned>
<robot_axis a1="19.196777" a2="-99.643555" a3="115.048172" a4="-178.705704" a5="-74.724739" a6="-18.258612" />
<external_axis />
</planned>
<actual>
<robot_axis a1="18.961199" a2="-99.699425" a3="115.134254" a4="-178.701065" a5="-74.692276" a6="-18.142872" />
<external_axis />
</actual>
<ipo_cycle>4294967022</ipo_cycle>
</value>
<value>
<planned>
<robot_axis a1="19.703955" a2="-99.524773" a3="114.862999" a4="-178.712723" a5="-74.791748" a6="-18.506657" />
<external_axis />
</planned>
<actual>
<robot_axis a1="19.466669" a2="-99.581017" a3="114.950844" a4="-178.707977" a5="-74.759735" a6="-18.390265" />
<external_axis />
</actual>
<ipo_cycle>4294967028</ipo_cycle>
</value>
<value>
<planned>
<robot_axis a1="20.215044" a2="-99.405045" a3="114.676430" a4="-178.719849" a5="-74.859200" a6="-18.756676" />
<external_axis />
</planned>
<actual>
<robot_axis a1="19.975653" a2="-99.462044" a3="114.763718" a4="-178.715424" a5="-74.827972" a6="-18.639313" />
<external_axis />
</actual>
<ipo_cycle>4294967034</ipo_cycle>
</value>
<value>
<planned>
<robot_axis a1="20.729847" a2="-99.284477" a3="114.488464" a4="-178.727066" a5="-74.927216" a6="-19.008341" />
<external_axis />
</planned>
<actual>
<robot_axis a1="20.488850" a2="-99.342041" a3="114.577332" a4="-178.722870" a5="-74.896202" a6="-18.890165" />
<external_axis />
</actual>
<ipo_cycle>4294967040</ipo_cycle>
</value>
<value>
<planned>
<robot_axis a1="21.248260" a2="-99.163071" a3="114.299202" a4="-178.734299" a5="-74.995560" a6="-19.261980" />
<external_axis />
</planned>
<actual>
<robot_axis a1="21.005459" a2="-99.220345" a3="114.387878" a4="-178.731598" a5="-74.963783" a6="-19.143154" />
<external_axis />
</actual>
<ipo_cycle>4294967046</ipo_cycle>
</value>
<value>
<planned>
<robot_axis a1="21.770187" a2="-99.040718" a3="114.108635" a4="-178.741638" a5="-75.064568" a6="-19.517269" />
<external_axis />
</planned>
<actual>
<robot_axis a1="21.525879" a2="-99.097809" a3="114.198990" a4="-178.739273" a5="-75.032349" a6="-19.397947" />
<external_axis />
</actual>
<ipo_cycle>4294967052</ipo_cycle>
</value>
<value>
<planned>
<robot_axis a1="22.295624" a2="-98.917709" a3="113.916763" a4="-178.748978" a5="-75.133919" a6="-19.774364" />
<external_axis />
</planned>
<actual>
<robot_axis a1="22.049711" a2="-98.976112" a3="114.006752" a4="-178.745850" a5="-75.100578" a6="-19.653217" />
<external_axis />
</actual>
<ipo_cycle>4294967058</ipo_cycle>
</value>
<value>
<planned>
<robot_axis a1="22.824472" a2="-98.793755" a3="113.723686" a4="-178.756317" a5="-75.203705" a6="-20.032942" />
<external_axis />
</planned>
<actual>
<robot_axis a1="22.577156" a2="-98.852165" a3="113.815903" a4="-178.752319" a5="-75.170479" a6="-19.911295" />
<external_axis />
</actual>
<ipo_cycle>4294967064</ipo_cycle>
</value>
<value>
<planned>
<robot_axis a1="23.356432" a2="-98.669151" a3="113.529495" a4="-178.763763" a5="-75.273941" a6="-20.293167" />
<external_axis />
</planned>
<actual>
<robot_axis a1="23.107609" a2="-98.728027" a3="113.620407" a4="-178.759659" a5="-75.240707" a6="-20.171354" />
<external_axis />
</actual>
<ipo_cycle>4294967070</ipo_cycle>
</value>
<value>
<planned>
<robot_axis a1="23.891703" a2="-98.543793" a3="113.334091" a4="-178.771210" a5="-75.344620" a6="-20.555037" />
<external_axis />
</planned>
<actual>
<robot_axis a1="23.641575" a2="-98.602669" a3="113.427055" a4="-178.766357" a5="-75.312050" a6="-20.432570" />
<external_axis />
</actual>
<ipo_cycle>4294967076</ipo_cycle>
</value>
<value>
<planned>
<robot_axis a1="24.429981" a2="-98.417686" a3="113.137489" a4="-178.778763" a5="-75.415741" a6="-20.818224" />
<external_axis />
</planned>
<actual>
<robot_axis a1="24.178450" a2="-98.477501" a3="113.229424" a4="-178.773468" a5="-75.382057" a6="-20.694754" />
<external_axis />
</actual>
<ipo_cycle>4294967082</ipo_cycle>
</value>
<value>
<planned>
<robot_axis a1="24.971272" a2="-98.290825" a3="112.939949" a4="-178.786316" a5="-75.487198" a6="-21.083057" />
<external_axis />
</planned>
<actual>
<robot_axis a1="24.718035" a2="-98.350456" a3="113.033554" a4="-178.780807" a5="-75.453293" a6="-20.959253" />
<external_axis />
</actual>
<ipo_cycle>4294967088</ipo_cycle>
</value>
<value>
<planned>
<robot_axis a1="25.515471" a2="-98.163406" a3="112.741203" a4="-178.793869" a5="-75.558990" a6="-21.349205" />
<external_axis />
</planned>
<actual>
<robot_axis a1="25.261030" a2="-98.223686" a3="112.834625" a4="-178.789017" a5="-75.524086" a6="-21.224575" />
<external_axis />
</actual>
<ipo_cycle>4294967094</ipo_cycle>
</value>
<value>
<planned>
<robot_axis a1="26.062479" a2="-98.035233" a3="112.541527" a4="-178.801529" a5="-75.631226" a6="-21.616673" />
<external_axis />
</planned>
<actual>
<robot_axis a1="25.806534" a2="-98.095512" a3="112.636246" a4="-178.798080" a5="-75.596771" a6="-21.491899" />
<external_axis />
</actual>
<ipo_cycle>4294967100</ipo_cycle>
</value>
<value>
<planned>
<robot_axis a1="26.612198" a2="-97.906494" a3="112.340828" a4="-178.809189" a5="-75.703789" a6="-21.885618" />
<external_axis />
</planned>
<actual>
<robot_axis a1="26.355047" a2="-97.966782" a3="112.434990" a4="-178.807144" a5="-75.669128" a6="-21.759712" />
<external_axis />
</actual>
<ipo_cycle>4294967106</ipo_cycle>
</value>
<value>
<planned>
<robot_axis a1="27.164423" a2="-97.777100" a3="112.139198" a4="-178.816956" a5="-75.776695" a6="-22.155720" />
<external_axis />
</planned>
<actual>
<robot_axis a1="26.906170" a2="-97.838226" a3="112.234482" a4="-178.814590" a5="-75.743134" a6="-22.028347" />
<external_axis />
</actual>
<ipo_cycle>4294967112</ipo_cycle>
</value>
<value>
<planned>
<robot_axis a1="27.719259" a2="-97.647141" a3="111.936638" a4="-178.824615" a5="-75.849930" a6="-22.427134" />
<external_axis />
</planned>
<actual>
<robot_axis a1="27.459600" a2="-97.708931" a3="112.031921" a4="-178.821487" a5="-75.815590" a6="-22.300728" />
<external_axis />
</actual>
<ipo_cycle>4294967118</ipo_cycle>
</value>
<value>
<planned>
<robot_axis a1="28.276501" a2="-97.516617" a3="111.733238" a4="-178.832504" a5="-75.923607" a6="-22.699705" />
<external_axis />
</planned>
<actual>
<robot_axis a1="28.015739" a2="-97.578217" a3="111.829086" a4="-178.828827" a5="-75.888710" a6="-22.571810" />
<external_axis />
</actual>
<ipo_cycle>4294967124</ipo_cycle>
</value>
<value>
<planned>
<robot_axis a1="28.836052" a2="-97.385536" a3="111.528915" a4="-178.840271" a5="-75.997398" a6="-22.973425" />
<external_axis />
</planned>
<actual>
<robot_axis a1="28.574486" a2="-97.447701" a3="111.625130" a4="-178.835739" a5="-75.961609" a6="-22.845837" />
<external_axis />
</actual>
<ipo_cycle>4294967130</ipo_cycle>
</value>
<value>
<planned>
<robot_axis a1="29.397808" a2="-97.253983" a3="111.323853" a4="-178.848145" a5="-76.071632" a6="-23.248135" />
<external_axis />
</planned>
<actual>
<robot_axis a1="29.134840" a2="-97.315865" a3="111.420341" a4="-178.843506" a5="-76.035507" a6="-23.118900" />
<external_axis />
</actual>
<ipo_cycle>4294967136</ipo_cycle>
</value>
<value>
<planned>
<robot_axis a1="29.961674" a2="-97.121864" a3="111.117943" a4="-178.856018" a5="-76.146088" a6="-23.523994" />
<external_axis />
</planned>
<actual>
<robot_axis a1="29.698101" a2="-97.183838" a3="111.215271" a4="-178.850739" a5="-76.110634" a6="-23.394108" />
<external_axis />
</actual>
<ipo_cycle>4294967142</ipo_cycle>
</value>
<value>
<planned>
<robot_axis a1="30.527645" a2="-96.989273" a3="110.911293" a4="-178.863907" a5="-76.220764" a6="-23.800842" />
<external_axis />
</planned>
<actual>
<robot_axis a1="30.262770" a2="-97.051720" a3="111.007881" a4="-178.858505" a5="-76.186195" a6="-23.671457" />
<external_axis />
</actual>
<ipo_cycle>4294967148</ipo_cycle>
</value>
<value>
<planned>
<robot_axis a1="31.095522" a2="-96.856216" a3="110.703995" a4="-178.871780" a5="-76.295776" a6="-24.078514" />
<external_axis />
</planned>
<actual>
<robot_axis a1="30.830044" a2="-96.919037" a3="110.802071" a4="-178.867142" a5="-76.261101" a6="-23.948645" />
<external_axis />
</actual>
<ipo_cycle>4294967154</ipo_cycle>
</value>
<value>
<planned>
<robot_axis a1="31.665207" a2="-96.722786" a3="110.495956" a4="-178.879761" a5="-76.371017" a6="-24.357174" />
<external_axis />
</planned>
<actual>
<robot_axis a1="31.399027" a2="-96.785324" a3="110.593376" a4="-178.875992" a5="-76.335678" a6="-24.227467" />
<external_axis />
</actual>
<ipo_cycle>4294967160</ipo_cycle>
</value>
<value>
<planned>
<robot_axis a1="32.236797" a2="-96.588882" a3="110.287354" a4="-178.887756" a5="-76.446472" a6="-24.636820" />
<external_axis />
</planned>
<actual>
<robot_axis a1="31.969513" a2="-96.652267" a3="110.386353" a4="-178.884842" a5="-76.411026" a6="-24.505974" />
<external_axis />
</actual>
<ipo_cycle>4294967166</ipo_cycle>
</value>
<value>
<planned>
<robot_axis a1="32.809891" a2="-96.454605" a3="110.078102" a4="-178.895737" a5="-76.522148" a6="-24.917124" />
<external_axis />
</planned>
<actual>
<robot_axis a1="32.541706" a2="-96.517807" a3="110.176453" a4="-178.892395" a5="-76.485924" a6="-24.786263" />
<external_axis />
</actual>
<ipo_cycle>4294967172</ipo_cycle>
</value>
<value>
<planned>
<robot_axis a1="33.384693" a2="-96.319954" a3="109.868195" a4="-178.903824" a5="-76.597946" a6="-25.198252" />
<external_axis />
</planned>
<actual>
<robot_axis a1="33.116005" a2="-96.383057" a3="109.967850" a4="-178.899948" a5="-76.562828" a6="-25.066252" />
<external_axis />
</actual>
<ipo_cycle>4294967178</ipo_cycle>
</value>
<value>
<planned>
<robot_axis a1="33.961098" a2="-96.184929" a3="109.657738" a4="-178.911819" a5="-76.674065" a6="-25.480202" />
<external_axis />
</planned>
<actual>
<robot_axis a1="33.691505" a2="-96.248688" a3="109.756462" a4="-178.906952" a5="-76.639275" a6="-25.347868" />
<external_axis />
</actual>
<ipo_cycle>4294967184</ipo_cycle>
</value>
<value>
<planned>
<robot_axis a1="34.539009" a2="-96.049614" a3="109.446724" a4="-178.919907" a5="-76.750412" a6="-25.762812" />
<external_axis />
</planned>
<actual>
<robot_axis a1="34.269115" a2="-96.112907" a3="109.546188" a4="-178.914505" a5="-76.715843" a6="-25.630312" />
<external_axis />
</actual>
<ipo_cycle>4294967190</ipo_cycle>
</value>
<value>
<planned>
<robot_axis a1="35.118423" a2="-95.913834" a3="109.235237" a4="-178.927994" a5="-76.826874" a6="-26.046242" />
<external_axis />
</planned>
<actual>
<robot_axis a1="34.847427" a2="-95.977592" a3="109.334984" a4="-178.921951" a5="-76.791077" a6="-25.913883" />
<external_axis />
</actual>
<ipo_cycle>4294967196</ipo_cycle>
</value>
<value>
<planned>
<robot_axis a1="35.699345" a2="-95.777779" a3="109.023201" a4="-178.936096" a5="-76.903549" a6="-26.330332" />
<external_axis />
</planned>
<actual>
<robot_axis a1="35.427647" a2="-95.841812" a3="109.122849" a4="-178.930267" a5="-76.867531" a6="-26.198137" />
<external_axis />
</actual>
<ipo_cycle>4294967202</ipo_cycle>
</value>
<value>
<planned>
<robot_axis a1="36.281570" a2="-95.641342" a3="108.810600" a4="-178.944183" a5="-76.980453" a6="-26.615246" />
<external_axis />
</planned>
<actual>
<robot_axis a1="36.009571" a2="-95.705475" a3="108.911369" a4="-178.939011" a5="-76.943665" a6="-26.482553" />
<external_axis />
</actual>
<ipo_cycle>4294967208</ipo_cycle>
</value>
<value>
<planned>
<robot_axis a1="36.865200" a2="-95.504623" a3="108.597534" a4="-178.952393" a5="-77.057579" a6="-26.900654" />
<external_axis />
</planned>
<actual>
<robot_axis a1="36.592300" a2="-95.568848" a3="108.697189" a4="-178.949265" a5="-77.021126" a6="-26.767498" />
<external_axis />
</actual>
<ipo_cycle>4294967214</ipo_cycle>
</value>
<value>
<planned>
<robot_axis a1="37.450134" a2="-95.367622" a3="108.383919" a4="-178.960587" a5="-77.134697" a6="-27.186718" />
<external_axis />
</planned>
<actual>
<robot_axis a1="37.176933" a2="-95.432320" a3="108.485054" a4="-178.957352" a5="-77.099144" a6="-27.053410" />
<external_axis />
</actual>
<ipo_cycle>4294967220</ipo_cycle>
</value>
<value>
<planned>
<robot_axis a1="38.036373" a2="-95.230339" a3="108.169922" a4="-178.968796" a5="-77.212158" a6="-27.473444" />
<external_axis />
</planned>
<actual>
<robot_axis a1="37.762268" a2="-95.294937" a3="108.270042" a4="-178.965652" a5="-77.175819" a6="-27.339632" />
<external_axis />
</actual>
<ipo_cycle>4294967226</ipo_cycle>
</value>
<value>
<planned>
<robot_axis a1="38.623817" a2="-95.092682" a3="107.955467" a4="-178.976990" a5="-77.289726" a6="-27.760826" />
<external_axis />
</planned>
<actual>
<robot_axis a1="38.348907" a2="-95.157379" a3="108.056793" a4="-178.973206" a5="-77.252945" a6="-27.625854" />
<external_axis />
</actual>
<ipo_cycle>4294967232</ipo_cycle>
</value>
<value>
<planned>
<robot_axis a1="39.212463" a2="-94.954834" a3="107.740547" a4="-178.985184" a5="-77.367409" a6="-28.048700" />
<external_axis />
</planned>
<actual>
<robot_axis a1="38.937153" a2="-95.019623" a3="107.841408" a4="-178.980774" a5="-77.329842" a6="-27.914040" />
<external_axis />
</actual>
<ipo_cycle>4294967238</ipo_cycle>
</value>
<value>
<planned>
<robot_axis a1="39.802212" a2="-94.816612" a3="107.525253" a4="-178.993393" a5="-77.445313" a6="-28.337236" />
<external_axis />
</planned>
<actual>
<robot_axis a1="39.526299" a2="-94.881119" a3="107.626762" a4="-178.988434" a5="-77.407745" a6="-28.201914" />
<external_axis />
</actual>
<ipo_cycle>4294967244</ipo_cycle>
</value>
<value>
<planned>
<robot_axis a1="40.393066" a2="-94.678207" a3="107.309494" a4="-179.001694" a5="-77.523323" a6="-28.626265" />
<external_axis />
</planned>
<actual>
<robot_axis a1="40.116753" a2="-94.743179" a3="107.411377" a4="-178.996521" a5="-77.485756" a6="-28.491268" />
<external_axis />
</actual>
<ipo_cycle>4294967250</ipo_cycle>
</value>
<value>
<planned>
<robot_axis a1="40.984924" a2="-94.539604" a3="107.093452" a4="-179.009903" a5="-77.601448" a6="-28.915621" />
<external_axis />
</planned>
<actual>
<robot_axis a1="40.708309" a2="-94.604492" a3="107.194687" a4="-179.004395" a5="-77.564987" a6="-28.780144" />
<external_axis />
</actual>
<ipo_cycle>4294967256</ipo_cycle>
</value>
<value>
<planned>
<robot_axis a1="41.577583" a2="-94.400726" a3="106.877045" a4="-179.018204" a5="-77.679680" a6="-29.205637" />
<external_axis />
</planned>
<actual>
<robot_axis a1="41.300568" a2="-94.465988" a3="106.979767" a4="-179.013351" a5="-77.642670" a6="-29.070486" />
<external_axis />
</actual>
<ipo_cycle>4294967262</ipo_cycle>
</value>
<value>
<planned>
<robot_axis a1="42.170845" a2="-94.261757" a3="106.660446" a4="-179.026520" a5="-77.758026" a6="-29.495653" />
<external_axis />
</planned>
<actual>
<robot_axis a1="41.893730" a2="-94.327301" a3="106.761963" a4="-179.022308" a5="-77.720467" a6="-29.360666" />
<external_axis />
</actual>
<ipo_cycle>4294967268</ipo_cycle>
</value>
<value>
<planned>
<robot_axis a1="42.764408" a2="-94.122787" a3="106.443764" a4="-179.034714" a5="-77.836372" a6="-29.785997" />
<external_axis />
</planned>
<actual>
<robot_axis a1="42.486889" a2="-94.188232" a3="106.546577" a4="-179.031372" a5="-77.798485" a6="-29.650360" />
<external_axis />
</actual>
<ipo_cycle>4294967274</ipo_cycle>
</value>
<value>
<planned>
<robot_axis a1="43.358170" a2="-93.983627" a3="106.226982" a4="-179.043030" a5="-77.914833" a6="-30.076508" />
<external_axis />
</planned>
<actual>
<robot_axis a1="43.080551" a2="-94.048790" a3="106.328773" a4="-179.039688" a5="-77.876610" a6="-29.941521" />
<external_axis />
</actual>
<ipo_cycle>4294967280</ipo_cycle>
</value>
<value>
<planned>
<robot_axis a1="43.951836" a2="-93.844559" a3="106.010201" a4="-179.051346" a5="-77.993179" a6="-30.366852" />
<external_axis />
</planned>
<actual>
<robot_axis a1="43.674217" a2="-93.910004" a3="106.112640" a4="-179.047455" a5="-77.956062" a6="-30.231546" />
<external_axis />
</actual>
<ipo_cycle>4294967286</ipo_cycle>
</value>
<value>
<planned>
<robot_axis a1="44.545597" a2="-93.705490" a3="105.793419" a4="-179.059647" a5="-78.071526" a6="-30.657360" />
<external_axis />
</planned>
<actual>
<robot_axis a1="44.267879" a2="-93.770752" a3="105.895576" a4="-179.054794" a5="-78.035179" a6="-30.522385" />
<external_axis />
</actual>
<ipo_cycle>4294967292</ipo_cycle>
</value>
<value>
<planned>
<robot_axis a1="44.941505" a2="-93.612717" a3="105.648865" a4="-179.065155" a5="-78.123871" a6="-30.850925" />
<external_axis />
</planned>
<actual>
<robot_axis a1="44.837963" a2="-93.636383" a3="105.685120" a4="-179.060837" a5="-78.101967" a6="-30.777300" />
<external_axis />
</actual>
<ipo_cycle>2</ipo_cycle>
</value>
</poslog>
