<?xml:stylesheet href="poslog.xsl" type="text/xsl"?>
<poslog serialno="917921" trafo="#KR2210_2 S C2 FLR ZH210" date="11-28-2019" time="08:07:25" tick="4226958012" timestamp="37893314" trigger="ENABLING SWITCH">
<move>
<key_image k3="-1" />
<mouse_override m1="0.000000" m2="0.000000" m3="0.000000" m4="0.000000" m5="0.000000" m6="0.000000" />
<mode>BASE</mode>
<base>
<pos x="0.000000" y="0.000000" z="0.000000" a="0.000000" b="0.000000" c="0.000000" /></base>
<tool>
<pos x="0.000000" y="0.000000" z="0.000000" a="0.000000" b="0.000000" c="0.000000" /></tool>
<ipo_mode>tool</ipo_mode>
<ipo_cycle>4294944916</ipo_cycle>
</move>
<value>
<planned>
<robot_axis a1="104.784584" a2="-28.063871" a3="74.330673" a4="-180.119324" a5="-43.830494" a6="-165.214554" />
<external_axis />
</planned>
<actual>
<robot_axis a1="104.784988" a2="-28.131010" a3="74.347595" a4="-180.118881" a5="-43.883362" a6="-165.212479" />
<external_axis />
</actual>
<ipo_cycle>4294944958</ipo_cycle>
</value>
<value>
<planned>
<robot_axis a1="104.784088" a2="-27.567232" a3="74.184822" a4="-180.120071" a5="-43.479736" a6="-165.214142" />
<external_axis />
</planned>
<actual>
<robot_axis a1="104.784889" a2="-27.626484" a3="74.193932" a4="-180.119537" a5="-43.520718" a6="-165.211578" />
<external_axis />
</actual>
<ipo_cycle>4294944978</ipo_cycle>
</value>
<move>
<key_image k3="+1" />
<mouse_override m1="0.000000" m2="0.000000" m3="0.000000" m4="0.000000" m5="0.000000" m6="0.000000" />
<mode>BASE</mode>
<base>
<pos x="0.000000" y="0.000000" z="0.000000" a="0.000000" b="0.000000" c="0.000000" /></base>
<tool>
<pos x="0.000000" y="0.000000" z="0.000000" a="0.000000" b="0.000000" c="0.000000" /></tool>
<ipo_mode>tool</ipo_mode>
<ipo_cycle>4294945416</ipo_cycle>
</move>
<value>
<planned>
<robot_axis a1="104.784691" a2="-28.079365" a3="74.335136" a4="-180.119324" a5="-43.841492" a6="-165.214706" />
<external_axis />
</planned>
<actual>
<robot_axis a1="104.784187" a2="-28.007719" a3="74.317009" a4="-180.119858" a5="-43.789734" a6="-165.216980" />
<external_axis />
</actual>
<ipo_cycle>4294945462</ipo_cycle>
</value>
<value>
<planned>
<robot_axis a1="104.785294" a2="-28.587740" a3="74.476250" a4="-180.118561" a5="-44.208687" a6="-165.215179" />
<external_axis />
</planned>
<actual>
<robot_axis a1="104.784386" a2="-28.518253" a3="74.458588" a4="-180.119324" a5="-44.155708" a6="-165.216766" />
<external_axis />
</actual>
<ipo_cycle>4294945482</ipo_cycle>
</value>
<value>
<planned>
<robot_axis a1="104.785789" a2="-29.092924" a3="74.608528" a4="-180.117813" a5="-44.581768" a6="-165.215729" />
<external_axis />
</planned>
<actual>
<robot_axis a1="104.784988" a2="-29.022968" a3="74.591980" a4="-180.118774" a5="-44.529015" a6="-165.216339" />
<external_axis />
</actual>
<ipo_cycle>4294945502</ipo_cycle>
</value>
<value>
<planned>
<robot_axis a1="104.786392" a2="-29.594913" a3="74.731888" a4="-180.116943" a5="-44.960403" a6="-165.216354" />
<external_axis />
</planned>
<actual>
<robot_axis a1="104.785294" a2="-29.524488" a3="74.715614" a4="-180.118027" a5="-44.906319" a6="-165.216461" />
<external_axis />
</actual>
<ipo_cycle>4294945522</ipo_cycle>
</value>
<value>
<planned>
<robot_axis a1="104.786995" a2="-30.118595" a3="74.851807" a4="-180.116180" a5="-45.364029" a6="-165.216812" />
<external_axis />
</planned>
<actual>
<robot_axis a1="104.785591" a2="-30.049486" a3="74.836838" a4="-180.116516" a5="-45.310493" a6="-165.216599" />
<external_axis />
</actual>
<ipo_cycle>4294945543</ipo_cycle>
</value>
<value>
<planned>
<robot_axis a1="104.787598" a2="-30.638521" a3="74.961960" a4="-180.115326" a5="-45.773876" a6="-165.217361" />
<external_axis />
</planned>
<actual>
<robot_axis a1="104.786194" a2="-30.569410" a3="74.947830" a4="-180.115646" a5="-45.718674" a6="-165.217453" />
<external_axis />
</actual>
<ipo_cycle>4294945564</ipo_cycle>
</value>
<value>
<planned>
<robot_axis a1="104.788200" a2="-31.154879" a3="75.062355" a4="-180.114563" a5="-46.189831" a6="-165.218002" />
<external_axis />
</planned>
<actual>
<robot_axis a1="104.786896" a2="-31.085957" a3="75.048874" a4="-180.114792" a5="-46.133518" a6="-165.218063" />
<external_axis />
</actual>
<ipo_cycle>4294945585</ipo_cycle>
</value>
<value>
<planned>
<robot_axis a1="104.788803" a2="-31.667387" a3="75.152992" a4="-180.113708" a5="-46.611671" a6="-165.218536" />
<external_axis />
</planned>
<actual>
<robot_axis a1="104.787498" a2="-31.599684" a3="75.140068" a4="-180.113922" a5="-46.554474" a6="-165.218765" />
<external_axis />
</actual>
<ipo_cycle>4294945606</ipo_cycle>
</value>
<move>
<key_image k3="-1" />
<mouse_override m1="0.000000" m2="0.000000" m3="0.000000" m4="0.000000" m5="0.000000" m6="0.000000" />
<mode>BASE</mode>
<base>
<pos x="0.000000" y="0.000000" z="0.000000" a="0.000000" b="0.000000" c="0.000000" /></base>
<tool>
<pos x="0.000000" y="0.000000" z="0.000000" a="0.000000" b="0.000000" c="0.000000" /></tool>
<ipo_mode>tool</ipo_mode>
<ipo_cycle>4294945900</ipo_cycle>
</move>
<value>
<planned>
<robot_axis a1="104.788101" a2="-31.162954" a3="75.063843" a4="-180.114563" a5="-46.196384" a6="-165.217926" />
<external_axis />
</planned>
<actual>
<robot_axis a1="104.789101" a2="-31.232534" a3="75.075279" a4="-180.113922" a5="-46.253139" a6="-165.216705" />
<external_axis />
</actual>
<ipo_cycle>4294945959</ipo_cycle>
</value>
<value>
<planned>
<robot_axis a1="104.787598" a2="-30.646690" a3="74.963631" a4="-180.115326" a5="-45.780430" a6="-165.217285" />
<external_axis />
</planned>
<actual>
<robot_axis a1="104.789001" a2="-30.717022" a3="74.976463" a4="-180.114792" a5="-45.835850" a6="-165.217209" />
<external_axis />
</actual>
<ipo_cycle>4294945980</ipo_cycle>
</value>
<value>
<planned>
<robot_axis a1="104.786995" a2="-30.126766" a3="74.853661" a4="-180.116180" a5="-45.370472" a6="-165.216736" />
<external_axis />
</planned>
<actual>
<robot_axis a1="104.788704" a2="-30.195688" a3="74.868347" a4="-180.115646" a5="-45.425781" a6="-165.216812" />
<external_axis />
</actual>
<ipo_cycle>4294946001</ipo_cycle>
</value>
<value>
<planned>
<robot_axis a1="104.786392" a2="-29.603271" a3="74.733841" a4="-180.117050" a5="-44.966736" a6="-165.216278" />
<external_axis />
</planned>
<actual>
<robot_axis a1="104.788002" a2="-29.673885" a3="74.749550" a4="-180.116516" a5="-45.020157" a6="-165.216003" />
<external_axis />
</actual>
<ipo_cycle>4294946022</ipo_cycle>
</value>
<value>
<planned>
<robot_axis a1="104.785789" a2="-29.101280" a3="74.610664" a4="-180.117813" a5="-44.587986" a6="-165.215652" />
<external_axis />
</planned>
<actual>
<robot_axis a1="104.787399" a2="-29.172081" a3="74.627861" a4="-180.117477" a5="-44.640301" a6="-165.215530" />
<external_axis />
</actual>
<ipo_cycle>4294946042</ipo_cycle>
</value>
<value>
<planned>
<robot_axis a1="104.785187" a2="-28.596098" a3="74.478569" a4="-180.118561" a5="-44.214905" a6="-165.215103" />
<external_axis />
</planned>
<actual>
<robot_axis a1="104.786697" a2="-28.666805" a3="74.497070" a4="-180.118240" a5="-44.266441" a6="-165.214966" />
<external_axis />
</actual>
<ipo_cycle>4294946062</ipo_cycle>
</value>
<value>
<planned>
<robot_axis a1="104.784691" a2="-28.087721" a3="74.337555" a4="-180.119324" a5="-43.847599" a6="-165.214630" />
<external_axis />
</planned>
<actual>
<robot_axis a1="104.785789" a2="-28.159462" a3="74.356514" a4="-180.119095" a5="-43.899689" a6="-165.214340" />
<external_axis />
</actual>
<ipo_cycle>4294946082</ipo_cycle>
</value>
<value>
<planned>
<robot_axis a1="104.784088" a2="-27.576342" a3="74.187607" a4="-180.120178" a5="-43.486069" a6="-165.214066" />
<external_axis />
</planned>
<actual>
<robot_axis a1="104.785492" a2="-27.648550" a3="74.208527" a4="-180.119858" a5="-43.536716" a6="-165.213760" />
<external_axis />
</actual>
<ipo_cycle>4294946102</ipo_cycle>
</value>
<value>
<planned>
<robot_axis a1="104.783485" a2="-27.061768" a3="74.028740" a4="-180.120941" a5="-43.130424" a6="-165.213593" />
<external_axis />
</planned>
<actual>
<robot_axis a1="104.785187" a2="-27.133696" a3="74.050957" a4="-180.120605" a5="-43.180405" a6="-165.213104" />
<external_axis />
</actual>
<ipo_cycle>4294946122</ipo_cycle>
</value>
<value>
<planned>
<robot_axis a1="104.782982" a2="-26.551607" a3="73.863274" a4="-180.121689" a5="-42.785664" a6="-165.213089" />
<external_axis />
</planned>
<actual>
<robot_axis a1="104.784691" a2="-26.620060" a3="73.882706" a4="-180.121475" a5="-42.829868" a6="-165.212524" />
<external_axis />
</actual>
<ipo_cycle>4294946142</ipo_cycle>
</value>
<move>
<key_image k3="+1" />
<mouse_override m1="0.000000" m2="0.000000" m3="0.000000" m4="0.000000" m5="0.000000" m6="0.000000" />
<mode>BASE</mode>
<base>
<pos x="0.000000" y="0.000000" z="0.000000" a="0.000000" b="0.000000" c="0.000000" /></base>
<tool>
<pos x="0.000000" y="0.000000" z="0.000000" a="0.000000" b="0.000000" c="0.000000" /></tool>
<ipo_mode>tool</ipo_mode>
<ipo_cycle>4294960336</ipo_cycle>
</move>
<value>
<planned>
<robot_axis a1="104.782784" a2="-27.052940" a3="74.030045" a4="-180.120941" a5="-43.120316" a6="-165.214264" />
<external_axis />
</planned>
<actual>
<robot_axis a1="104.782684" a2="-26.977915" a3="74.009216" a4="-180.121582" a5="-43.071339" a6="-165.215759" />
<external_axis />
</actual>
<ipo_cycle>4294960382</ipo_cycle>
</value>
<value>
<planned>
<robot_axis a1="104.782784" a2="-27.569393" a3="74.193741" a4="-180.120178" a5="-43.473072" a6="-165.215210" />
<external_axis />
</planned>
<actual>
<robot_axis a1="104.782684" a2="-27.496244" a3="74.172646" a4="-180.121155" a5="-43.423206" a6="-165.217178" />
<external_axis />
</actual>
<ipo_cycle>4294960402</ipo_cycle>
</value>
<value>
<planned>
<robot_axis a1="104.782784" a2="-28.082745" a3="74.348335" a4="-180.119431" a5="-43.831715" a6="-165.216385" />
<external_axis />
</planned>
<actual>
<robot_axis a1="104.782684" a2="-28.009596" a3="74.328346" a4="-180.119858" a5="-43.780739" a6="-165.216522" />
<external_axis />
</actual>
<ipo_cycle>4294960422</ipo_cycle>
</value>
<value>
<planned>
<robot_axis a1="104.782784" a2="-28.592999" a3="74.494095" a4="-180.118668" a5="-44.196247" a6="-165.217468" />
<external_axis />
</planned>
<actual>
<robot_axis a1="104.782684" a2="-28.522198" a3="74.475037" a4="-180.118988" a5="-44.143600" a6="-165.217758" />
<external_axis />
</actual>
<ipo_cycle>4294960442</ipo_cycle>
</value>
<value>
<planned>
<robot_axis a1="104.782784" a2="-29.100060" a3="74.630928" a4="-180.117813" a5="-44.566551" a6="-165.218475" />
<external_axis />
</planned>
<actual>
<robot_axis a1="104.782684" a2="-29.029448" a3="74.612709" a4="-180.118240" a5="-44.514351" a6="-165.218597" />
<external_axis />
</actual>
<ipo_cycle>4294960462</ipo_cycle>
</value>
<value>
<planned>
<robot_axis a1="104.782784" a2="-29.604023" a3="74.758751" a4="-180.117050" a5="-44.942631" a6="-165.219559" />
<external_axis />
</planned>
<actual>
<robot_axis a1="104.782684" a2="-29.532564" a3="74.741371" a4="-180.117691" a5="-44.889320" a6="-165.219513" />
<external_axis />
</actual>
<ipo_cycle>4294960482</ipo_cycle>
</value>
<value>
<planned>
<robot_axis a1="104.782784" a2="-30.104698" a3="74.877831" a4="-180.116302" a5="-45.324268" a6="-165.220718" />
<external_axis />
</planned>
<actual>
<robot_axis a1="104.782784" a2="-30.034555" a3="74.861099" a4="-180.116943" a5="-45.270290" a6="-165.220657" />
<external_axis />
</actual>
<ipo_cycle>4294960502</ipo_cycle>
</value>
<value>
<planned>
<robot_axis a1="104.782784" a2="-30.626972" a3="74.993195" a4="-180.115433" a5="-45.731113" a6="-165.221878" />
<external_axis />
</planned>
<actual>
<robot_axis a1="104.782684" a2="-30.557579" a3="74.977760" a4="-180.116074" a5="-45.675915" a6="-165.222137" />
<external_axis />
</actual>
<ipo_cycle>4294960523</ipo_cycle>
</value>
<value>
<planned>
<robot_axis a1="104.782784" a2="-31.145489" a3="75.098793" a4="-180.114670" a5="-46.144070" a6="-165.222961" />
<external_axis />
</planned>
<actual>
<robot_axis a1="104.782784" a2="-31.076191" a3="75.084572" a4="-180.114899" a5="-46.088203" a6="-165.223206" />
<external_axis />
</actual>
<ipo_cycle>4294960544</ipo_cycle>
</value>
<value>
<planned>
<robot_axis a1="104.782784" a2="-31.660343" a3="75.194641" a4="-180.113922" a5="-46.563026" a6="-165.224121" />
<external_axis />
</planned>
<actual>
<robot_axis a1="104.782784" a2="-31.591610" a3="75.181717" a4="-180.114136" a5="-46.506603" a6="-165.224854" />
<external_axis />
</actual>
<ipo_cycle>4294960565</ipo_cycle>
</value>
<value>
<planned>
<robot_axis a1="104.782784" a2="-32.171349" a3="75.280716" a4="-180.113052" a5="-46.988087" a6="-165.225372" />
<external_axis />
</planned>
<actual>
<robot_axis a1="104.782684" a2="-32.103458" a3="75.268631" a4="-180.113388" a5="-46.929665" a6="-165.225250" />
<external_axis />
</actual>
<ipo_cycle>4294960586</ipo_cycle>
</value>
<value>
<planned>
<robot_axis a1="104.782784" a2="-32.678596" a3="75.357132" a4="-180.112305" a5="-47.418926" a6="-165.226517" />
<external_axis />
</planned>
<actual>
<robot_axis a1="104.782684" a2="-32.610237" a3="75.346901" a4="-180.112518" a5="-47.360950" a6="-165.227386" />
<external_axis />
</actual>
<ipo_cycle>4294960607</ipo_cycle>
</value>
<value>
<planned>
<robot_axis a1="104.782784" a2="-33.181999" a3="75.423691" a4="-180.111542" a5="-47.855652" a6="-165.227600" />
<external_axis />
</planned>
<actual>
<robot_axis a1="104.782784" a2="-33.114201" a3="75.414490" a4="-180.111649" a5="-47.796120" a6="-165.227783" />
<external_axis />
</actual>
<ipo_cycle>4294960628</ipo_cycle>
</value>
<value>
<planned>
<robot_axis a1="104.782784" a2="-33.681358" a3="75.480583" a4="-180.110794" a5="-48.298153" a6="-165.228745" />
<external_axis />
</planned>
<actual>
<robot_axis a1="104.782784" a2="-33.615158" a3="75.472397" a4="-180.110901" a5="-48.237953" a6="-165.228592" />
<external_axis />
</actual>
<ipo_cycle>4294960649</ipo_cycle>
</value>
<value>
<planned>
<robot_axis a1="104.782784" a2="-34.200253" a3="75.529755" a4="-180.109924" a5="-48.767979" a6="-165.230087" />
<external_axis />
</planned>
<actual>
<robot_axis a1="104.782684" a2="-34.133770" a3="75.523064" a4="-180.110031" a5="-48.707222" a6="-165.230103" />
<external_axis />
</actual>
<ipo_cycle>4294960671</ipo_cycle>
</value>
<value>
<planned>
<robot_axis a1="104.782784" a2="-34.714729" a3="75.568237" a4="-180.109177" a5="-49.243912" a6="-165.231201" />
<external_axis />
</planned>
<actual>
<robot_axis a1="104.782784" a2="-34.649189" a3="75.562660" a4="-180.109390" a5="-49.182156" a6="-165.231522" />
<external_axis />
</actual>
<ipo_cycle>4294960693</ipo_cycle>
</value>
<value>
<planned>
<robot_axis a1="104.782784" a2="-35.224609" a3="75.596039" a4="-180.108414" a5="-49.725952" a6="-165.232376" />
<external_axis />
</planned>
<actual>
<robot_axis a1="104.782684" a2="-35.160286" a3="75.591850" a4="-180.108521" a5="-49.663754" a6="-165.232864" />
<external_axis />
</actual>
<ipo_cycle>4294960715</ipo_cycle>
</value>
<value>
<planned>
<robot_axis a1="104.782784" a2="-35.729885" a3="75.613235" a4="-180.107666" a5="-50.213993" a6="-165.233643" />
<external_axis />
</planned>
<actual>
<robot_axis a1="104.782784" a2="-35.664814" a3="75.610443" a4="-180.107773" a5="-50.150574" a6="-165.233948" />
<external_axis />
</actual>
<ipo_cycle>4294960737</ipo_cycle>
</value>
<value>
<planned>
<robot_axis a1="104.782784" a2="-36.230469" a3="75.619743" a4="-180.106796" a5="-50.708141" a6="-165.234833" />
<external_axis />
</planned>
<actual>
<robot_axis a1="104.782684" a2="-36.166241" a3="75.617882" a4="-180.107010" a5="-50.644390" a6="-165.235291" />
<external_axis />
</actual>
<ipo_cycle>4294960759</ipo_cycle>
</value>
<value>
<planned>
<robot_axis a1="104.782784" a2="-36.748703" a3="75.615189" a4="-180.106049" a5="-51.230949" a6="-165.236069" />
<external_axis />
</planned>
<actual>
<robot_axis a1="104.782784" a2="-36.685886" a3="75.617508" a4="-180.106262" a5="-51.166973" a6="-165.236526" />
<external_axis />
</actual>
<ipo_cycle>4294960782</ipo_cycle>
</value>
<value>
<planned>
<robot_axis a1="104.782784" a2="-37.239521" a3="75.599846" a4="-180.105286" a5="-51.736980" a6="-165.237244" />
<external_axis />
</planned>
<actual>
<robot_axis a1="104.782784" a2="-37.176796" a3="75.605148" a4="-180.105499" a5="-51.672119" a6="-165.237701" />
<external_axis />
</actual>
<ipo_cycle>4294960804</ipo_cycle>
</value>
<value>
<planned>
<robot_axis a1="104.782784" a2="-37.725361" a3="75.573914" a4="-180.104538" a5="-52.248791" a6="-165.238510" />
<external_axis />
</planned>
<actual>
<robot_axis a1="104.782784" a2="-37.663387" a3="75.579399" a4="-180.104752" a5="-52.183151" a6="-165.238770" />
<external_axis />
</actual>
<ipo_cycle>4294960826</ipo_cycle>
</value>
<value>
<planned>
<robot_axis a1="104.782784" a2="-38.206223" a3="75.537285" a4="-180.103882" a5="-52.766266" a6="-165.239670" />
<external_axis />
</planned>
<actual>
<robot_axis a1="104.782784" a2="-38.145378" a3="75.543976" a4="-180.103989" a5="-52.699623" a6="-165.239929" />
<external_axis />
</actual>
<ipo_cycle>4294960848</ipo_cycle>
</value>
<value>
<planned>
<robot_axis a1="104.782784" a2="-38.682014" a3="75.490059" a4="-180.103134" a5="-53.289406" a6="-165.240921" />
<external_axis />
</planned>
<actual>
<robot_axis a1="104.782784" a2="-38.621544" a3="75.496849" a4="-180.103348" a5="-53.222542" a6="-165.241165" />
<external_axis />
</actual>
<ipo_cycle>4294960870</ipo_cycle>
</value>
<value>
<planned>
<robot_axis a1="104.782784" a2="-39.131424" a3="75.434937" a4="-180.102478" a5="-53.793774" a6="-165.241913" />
<external_axis />
</planned>
<actual>
<robot_axis a1="104.782784" a2="-39.071327" a3="75.442467" a4="-180.102692" a5="-53.725910" a6="-165.242645" />
<external_axis />
</actual>
<ipo_cycle>4294960891</ipo_cycle>
</value>
<value>
<planned>
<robot_axis a1="104.782784" a2="-39.575947" a3="75.370148" a4="-180.101837" a5="-54.303249" a6="-165.243134" />
<external_axis />
</planned>
<actual>
<robot_axis a1="104.782784" a2="-39.515568" a3="75.378792" a4="-180.102051" a5="-54.233719" a6="-165.243683" />
<external_axis />
</actual>
<ipo_cycle>4294960912</ipo_cycle>
</value>
<value>
<planned>
<robot_axis a1="104.782784" a2="-40.015774" a3="75.295593" a4="-180.101181" a5="-54.817505" a6="-165.244263" />
<external_axis />
</planned>
<actual>
<robot_axis a1="104.782784" a2="-39.956711" a3="75.305351" a4="-180.101303" a5="-54.748085" a6="-165.244324" />
<external_axis />
</actual>
<ipo_cycle>4294960933</ipo_cycle>
</value>
<value>
<planned>
<robot_axis a1="104.782784" a2="-40.450626" a3="75.211281" a4="-180.100540" a5="-55.336754" a6="-165.245285" />
<external_axis />
</planned>
<actual>
<robot_axis a1="104.782684" a2="-40.392410" a3="75.222900" a4="-180.100647" a5="-55.267223" a6="-165.245667" />
<external_axis />
</actual>
<ipo_cycle>4294960954</ipo_cycle>
</value>
<value>
<planned>
<robot_axis a1="104.782784" a2="-40.880596" a3="75.117294" a4="-180.099899" a5="-55.860672" a6="-165.246384" />
<external_axis />
</planned>
<actual>
<robot_axis a1="104.782784" a2="-40.823410" a3="75.129662" a4="-180.100113" a5="-55.790478" a6="-165.246918" />
<external_axis />
</actual>
<ipo_cycle>4294960975</ipo_cycle>
</value>
<value>
<planned>
<robot_axis a1="104.782784" a2="-41.285305" a3="75.018661" a4="-180.099350" a5="-56.364151" a6="-165.247528" />
<external_axis />
</planned>
<actual>
<robot_axis a1="104.782684" a2="-41.228966" a3="75.032516" a4="-180.099457" a5="-56.293068" a6="-165.247726" />
<external_axis />
</actual>
<ipo_cycle>4294960995</ipo_cycle>
</value>
<value>
<planned>
<robot_axis a1="104.782784" a2="-41.670673" a3="74.915291" a4="-180.098816" a5="-56.852859" a6="-165.248474" />
<external_axis />
</planned>
<actual>
<robot_axis a1="104.782784" a2="-41.623440" a3="74.934540" a4="-180.098923" a5="-56.798214" a6="-165.248734" />
<external_axis />
</actual>
<ipo_cycle>4294961015</ipo_cycle>
</value>
<syn_motion>
<program>COGER</program>
<line>58</line>
<name>XENTRADA_COG_1</name>
<base>
<pos x="910.360229" y="-201.184998" z="169.916595" a="-0.576900" b="-0.928200" c="-0.849200" /></base>
<tool>
<pos x="0.000000" y="-140.000000" z="549.000000" a="0.000000" b="0.000000" c="0.000000" /></tool>
<ipo_mode>base</ipo_mode>
<load>
<mass>220.000000</mass>
</load>
<bco_motion>true</bco_motion>
<interrupt>false</interrupt>
<ipo_cycle>4294966470</ipo_cycle>
</syn_motion>
<value>
<planned>
<robot_axis a1="104.294067" a2="-41.875938" a3="75.044136" a4="-180.093521" a5="-56.938690" a6="-164.722305" />
<external_axis />
</planned>
<actual>
<robot_axis a1="104.395699" a2="-41.832275" a3="75.014572" a4="-180.095367" a5="-56.925705" a6="-164.853958" />
<external_axis />
</actual>
<ipo_cycle>4294966498</ipo_cycle>
</value>
<value>
<planned>
<robot_axis a1="103.817688" a2="-42.066086" a3="75.171585" a4="-180.088989" a5="-57.005978" a6="-164.209320" />
<external_axis />
</planned>
<actual>
<robot_axis a1="103.970398" a2="-42.004112" a3="75.128822" a4="-180.089539" a5="-56.984097" a6="-164.395294" />
<external_axis />
</actual>
<ipo_cycle>4294966507</ipo_cycle>
</value>
<value>
<planned>
<robot_axis a1="103.295868" a2="-42.274544" a3="75.311211" a4="-180.084030" a5="-57.079700" a6="-163.647415" />
<external_axis />
</planned>
<actual>
<robot_axis a1="103.480476" a2="-42.200363" a3="75.261658" a4="-180.085114" a5="-57.053940" a6="-163.858246" />
<external_axis />
</actual>
<ipo_cycle>4294966515</ipo_cycle>
</value>
<value>
<planned>
<robot_axis a1="102.819794" a2="-42.464600" a3="75.438560" a4="-180.079498" a5="-57.146877" a6="-163.134766" />
<external_axis />
</planned>
<actual>
<robot_axis a1="103.010925" a2="-42.389385" a3="75.388832" a4="-180.081985" a5="-57.120232" a6="-163.346756" />
<external_axis />
</actual>
<ipo_cycle>4294966522</ipo_cycle>
</value>
<value>
<planned>
<robot_axis a1="102.343513" a2="-42.654842" a3="75.566101" a4="-180.074966" a5="-57.214161" a6="-162.621964" />
<external_axis />
</planned>
<actual>
<robot_axis a1="102.535049" a2="-42.579441" a3="75.516273" a4="-180.076904" a5="-57.186295" a6="-162.831146" />
<external_axis />
</actual>
<ipo_cycle>4294966529</ipo_cycle>
</value>
<value>
<planned>
<robot_axis a1="101.866737" a2="-42.845177" a3="75.693642" a4="-180.070435" a5="-57.281448" a6="-162.108505" />
<external_axis />
</planned>
<actual>
<robot_axis a1="102.057671" a2="-42.768929" a3="75.642792" a4="-180.072815" a5="-57.253693" a6="-162.316528" />
<external_axis />
</actual>
<ipo_cycle>4294966536</ipo_cycle>
</value>
<value>
<planned>
<robot_axis a1="101.389961" a2="-43.035606" a3="75.821182" a4="-180.065903" a5="-57.348736" a6="-161.595200" />
<external_axis />
</planned>
<actual>
<robot_axis a1="101.581398" a2="-42.959171" a3="75.770615" a4="-180.067307" a5="-57.320751" a6="-161.801590" />
<external_axis />
</actual>
<ipo_cycle>4294966543</ipo_cycle>
</value>
<value>
<planned>
<robot_axis a1="100.913185" a2="-43.226036" a3="75.948814" a4="-180.061371" a5="-57.416019" a6="-161.081741" />
<external_axis />
</planned>
<actual>
<robot_axis a1="101.104019" a2="-43.149509" a3="75.898987" a4="-180.062454" a5="-57.388145" a6="-161.287628" />
<external_axis />
</actual>
<ipo_cycle>4294966550</ipo_cycle>
</value>
<value>
<planned>
<robot_axis a1="100.436409" a2="-43.416374" a3="76.076355" a4="-180.056839" a5="-57.483307" a6="-160.568436" />
<external_axis />
</planned>
<actual>
<robot_axis a1="100.627846" a2="-43.340218" a3="76.025230" a4="-180.057266" a5="-57.455540" a6="-160.774323" />
<external_axis />
</actual>
<ipo_cycle>4294966557</ipo_cycle>
</value>
<value>
<planned>
<robot_axis a1="99.959732" a2="-43.606804" a3="76.203896" a4="-180.052307" a5="-57.550701" a6="-160.054977" />
<external_axis />
</planned>
<actual>
<robot_axis a1="100.151070" a2="-43.530460" a3="76.153046" a4="-180.052094" a5="-57.523491" a6="-160.260696" />
<external_axis />
</actual>
<ipo_cycle>4294966564</ipo_cycle>
</value>
<value>
<planned>
<robot_axis a1="99.482956" a2="-43.797138" a3="76.331528" a4="-180.047775" a5="-57.617989" a6="-159.541672" />
<external_axis />
</planned>
<actual>
<robot_axis a1="99.674088" a2="-43.721359" a3="76.280678" a4="-180.047668" a5="-57.590885" a6="-159.747238" />
<external_axis />
</actual>
<ipo_cycle>4294966571</ipo_cycle>
</value>
<value>
<planned>
<robot_axis a1="99.006180" a2="-43.987568" a3="76.459068" a4="-180.043243" a5="-57.685276" a6="-159.028381" />
<external_axis />
</planned>
<actual>
<robot_axis a1="99.197510" a2="-43.911133" a3="76.407478" a4="-180.042816" a5="-57.657948" a6="-159.233444" />
<external_axis />
</actual>
<ipo_cycle>4294966578</ipo_cycle>
</value>
<value>
<planned>
<robot_axis a1="98.529503" a2="-44.177902" a3="76.586609" a4="-180.038712" a5="-57.752560" a6="-158.514908" />
<external_axis />
</planned>
<actual>
<robot_axis a1="98.720535" a2="-44.101658" a3="76.535110" a4="-180.038925" a5="-57.725128" a6="-158.719986" />
<external_axis />
</actual>
<ipo_cycle>4294966585</ipo_cycle>
</value>
<value>
<planned>
<robot_axis a1="98.052727" a2="-44.368332" a3="76.714241" a4="-180.034180" a5="-57.819847" a6="-158.001617" />
<external_axis />
</planned>
<actual>
<robot_axis a1="98.244057" a2="-44.291992" a3="76.663857" a4="-180.034500" a5="-57.791748" a6="-158.207336" />
<external_axis />
</actual>
<ipo_cycle>4294966592</ipo_cycle>
</value>
<value>
<planned>
<robot_axis a1="97.575951" a2="-44.558670" a3="76.841782" a4="-180.029648" a5="-57.887241" a6="-157.488159" />
<external_axis />
</planned>
<actual>
<robot_axis a1="97.767082" a2="-44.482422" a3="76.790375" a4="-180.030502" a5="-57.858814" a6="-157.693375" />
<external_axis />
</actual>
<ipo_cycle>4294966599</ipo_cycle>
</value>
<value>
<planned>
<robot_axis a1="97.099075" a2="-44.749100" a3="76.969414" a4="-180.025116" a5="-57.954529" a6="-156.974854" />
<external_axis />
</planned>
<actual>
<robot_axis a1="97.290611" a2="-44.672478" a3="76.918381" a4="-180.025970" a5="-57.926208" a6="-157.179916" />
<external_axis />
</actual>
<ipo_cycle>4294966606</ipo_cycle>
</value>
<value>
<planned>
<robot_axis a1="96.622299" a2="-44.939529" a3="77.096954" a4="-180.020584" a5="-58.021816" a6="-156.461395" />
<external_axis />
</planned>
<actual>
<robot_axis a1="96.813332" a2="-44.863655" a3="77.046013" a4="-180.021545" a5="-57.994164" a6="-156.666138" />
<external_axis />
</actual>
<ipo_cycle>4294966613</ipo_cycle>
</value>
<value>
<planned>
<robot_axis a1="96.145424" a2="-45.129959" a3="77.224594" a4="-180.016052" a5="-58.089100" a6="-155.947922" />
<external_axis />
</planned>
<actual>
<robot_axis a1="96.336655" a2="-45.053337" a3="77.172905" a4="-180.017227" a5="-58.061893" a6="-156.152847" />
<external_axis />
</actual>
<ipo_cycle>4294966620</ipo_cycle>
</value>
<value>
<planned>
<robot_axis a1="95.668541" a2="-45.320389" a3="77.352135" a4="-180.011520" a5="-58.156498" a6="-155.434296" />
<external_axis />
</planned>
<actual>
<robot_axis a1="95.859573" a2="-45.244045" a3="77.300262" a4="-180.013031" a5="-58.128849" a6="-155.639709" />
<external_axis />
</actual>
<ipo_cycle>4294966627</ipo_cycle>
</value>
<value>
<planned>
<robot_axis a1="95.191666" a2="-45.510818" a3="77.479767" a4="-180.006989" a5="-58.223782" a6="-154.920837" />
<external_axis />
</planned>
<actual>
<robot_axis a1="95.382797" a2="-45.434196" a3="77.429008" a4="-180.008926" a5="-58.196583" a6="-155.125763" />
<external_axis />
</actual>
<ipo_cycle>4294966634</ipo_cycle>
</value>
<value>
<planned>
<robot_axis a1="94.714691" a2="-45.701248" a3="77.607399" a4="-180.002457" a5="-58.291180" a6="-154.407211" />
<external_axis />
</planned>
<actual>
<robot_axis a1="94.905922" a2="-45.624813" a3="77.555244" a4="-180.004395" a5="-58.262867" a6="-154.611954" />
<external_axis />
</actual>
<ipo_cycle>4294966641</ipo_cycle>
</value>
<value>
<planned>
<robot_axis a1="94.237709" a2="-45.891769" a3="77.735031" a4="-179.997925" a5="-58.358467" a6="-153.893585" />
<external_axis />
</planned>
<actual>
<robot_axis a1="94.428947" a2="-45.814678" a3="77.683807" a4="-180.000076" a5="-58.330265" a6="-154.098663" />
<external_axis />
</actual>
<ipo_cycle>4294966648</ipo_cycle>
</value>
<value>
<planned>
<robot_axis a1="93.765755" a2="-46.080227" a3="77.861359" a4="-179.993393" a5="-58.425087" a6="-153.385361" />
<external_axis />
</planned>
<actual>
<robot_axis a1="93.955582" a2="-46.005108" a3="77.811722" a4="-179.995010" a5="-58.396770" a6="-153.586487" />
<external_axis />
</actual>
<ipo_cycle>4294966655</ipo_cycle>
</value>
<value>
<planned>
<robot_axis a1="93.281853" a2="-46.273476" a3="77.990852" a4="-179.988861" a5="-58.493370" a6="-152.864365" />
<external_axis />
</planned>
<actual>
<robot_axis a1="93.450912" a2="-46.208122" a3="77.949020" a4="-179.990250" a5="-58.470497" a6="-153.034912" />
<external_axis />
</actual>
<ipo_cycle>4294966663</ipo_cycle>
</value>
<value>
<planned>
<robot_axis a1="92.845406" a2="-46.447754" a3="78.107613" a4="-179.984650" a5="-58.554993" a6="-152.394440" />
<external_axis />
</planned>
<actual>
<robot_axis a1="92.959587" a2="-46.405029" a3="78.081490" a4="-179.985504" a5="-58.539227" a6="-152.500320" />
<external_axis />
</actual>
<ipo_cycle>4294966673</ipo_cycle>
</value>
<syn_motion>
<program>COGER</program>
<line>58</line>
<name>XENTRADA_COG_1</name>
<base>
<pos x="0.000000" y="0.000000" z="0.000000" a="0.000000" b="0.000000" c="0.000000" /></base>
<tool>
<pos x="0.000000" y="0.000000" z="0.000000" a="0.000000" b="0.000000" c="0.000000" /></tool>
<ipo_mode>tool</ipo_mode>
<load>
<mass>0.000000</mass>
</load>
<bco_motion>true</bco_motion>
<interrupt>false</interrupt>
<ipo_cycle>4294967103</ipo_cycle>
</syn_motion>
<value>
<planned>
<robot_axis a1="92.403450" a2="-46.623440" a3="78.225204" a4="-179.980331" a5="-58.615173" a6="-151.916962" />
<external_axis />
</planned>
<actual>
<robot_axis a1="92.447189" a2="-46.604191" a3="78.209587" a4="-179.981522" a5="-58.612514" a6="-151.984650" />
<external_axis />
</actual>
<ipo_cycle>4294967121</ipo_cycle>
</value>
<value>
<planned>
<robot_axis a1="91.925468" a2="-46.814339" a3="78.353119" a4="-179.975800" a5="-58.682682" a6="-151.402191" />
<external_axis />
</planned>
<actual>
<robot_axis a1="92.044762" a2="-46.765793" a3="78.320023" a4="-179.973862" a5="-58.666454" a6="-151.552124" />
<external_axis />
</actual>
<ipo_cycle>4294967134</ipo_cycle>
</value>
<value>
<planned>
<robot_axis a1="91.400932" a2="-47.023830" a3="78.493484" a4="-179.970718" a5="-58.756741" a6="-150.837494" />
<external_axis />
</planned>
<actual>
<robot_axis a1="91.569687" a2="-46.955849" a3="78.447937" a4="-179.968994" a5="-58.732296" a6="-151.036667" />
<external_axis />
</actual>
<ipo_cycle>4294967143</ipo_cycle>
</value>
<value>
<planned>
<robot_axis a1="90.931679" a2="-47.211163" a3="78.618980" a4="-179.966309" a5="-58.823025" a6="-150.332214" />
<external_axis />
</planned>
<actual>
<robot_axis a1="91.120201" a2="-47.136795" a3="78.569244" a4="-179.965546" a5="-58.795811" a6="-150.545135" />
<external_axis />
</actual>
<ipo_cycle>4294967150</ipo_cycle>
</value>
<value>
<planned>
<robot_axis a1="90.454903" a2="-47.401592" a3="78.746613" a4="-179.961777" a5="-58.890312" a6="-149.818756" />
<external_axis />
</planned>
<actual>
<robot_axis a1="90.646637" a2="-47.325344" a3="78.697350" a4="-179.961777" a5="-58.862766" a6="-150.030701" />
<external_axis />
</actual>
<ipo_cycle>4294967157</ipo_cycle>
</value>
<value>
<planned>
<robot_axis a1="89.977623" a2="-47.592209" a3="78.874344" a4="-179.957230" a5="-58.957710" a6="-149.304794" />
<external_axis />
</planned>
<actual>
<robot_axis a1="90.169357" a2="-47.516525" a3="78.823769" a4="-179.957458" a5="-58.930275" a6="-149.514618" />
<external_axis />
</actual>
<ipo_cycle>4294967164</ipo_cycle>
</value>
<value>
<planned>
<robot_axis a1="89.500046" a2="-47.782921" a3="79.002068" a4="-179.952698" a5="-59.025105" a6="-148.790512" />
<external_axis />
</planned>
<actual>
<robot_axis a1="89.691780" a2="-47.706112" a3="78.951309" a4="-179.953568" a5="-58.996899" a6="-148.998367" />
<external_axis />
</actual>
<ipo_cycle>4294967171</ipo_cycle>
</value>
<value>
<planned>
<robot_axis a1="89.022369" a2="-47.973728" a3="79.129982" a4="-179.948166" a5="-59.092613" a6="-148.276230" />
<external_axis />
</planned>
<actual>
<robot_axis a1="89.214500" a2="-47.897385" a3="79.079315" a4="-179.949249" a5="-59.064407" a6="-148.483261" />
<external_axis />
</actual>
<ipo_cycle>4294967178</ipo_cycle>
</value>
<value>
<planned>
<robot_axis a1="88.544586" a2="-48.164532" a3="79.257797" a4="-179.943634" a5="-59.160011" a6="-147.761795" />
<external_axis />
</planned>
<actual>
<robot_axis a1="88.736320" a2="-48.087627" a3="79.206856" a4="-179.945374" a5="-59.132030" a6="-147.967361" />
<external_axis />
</actual>
<ipo_cycle>4294967185</ipo_cycle>
</value>
<value>
<planned>
<robot_axis a1="88.066704" a2="-48.355339" a3="79.385620" a4="-179.939102" a5="-59.227520" a6="-147.247177" />
<external_axis />
</planned>
<actual>
<robot_axis a1="88.258842" a2="-48.279278" a3="79.333656" a4="-179.940948" a5="-59.199203" a6="-147.453400" />
<external_axis />
</actual>
<ipo_cycle>4294967192</ipo_cycle>
</value>
<value>
<planned>
<robot_axis a1="87.588730" a2="-48.546238" a3="79.513527" a4="-179.934464" a5="-59.295025" a6="-146.732574" />
<external_axis />
</planned>
<actual>
<robot_axis a1="87.780663" a2="-48.468956" a3="79.462677" a4="-179.936737" a5="-59.267380" a6="-146.938644" />
<external_axis />
</actual>
<ipo_cycle>4294967199</ipo_cycle>
</value>
<value>
<planned>
<robot_axis a1="87.110649" a2="-48.737137" a3="79.641533" a4="-179.929932" a5="-59.362534" a6="-146.217804" />
<external_axis />
</planned>
<actual>
<robot_axis a1="87.302879" a2="-48.660889" a3="79.589752" a4="-179.932419" a5="-59.334999" a6="-146.423218" />
<external_axis />
</actual>
<ipo_cycle>4294967206</ipo_cycle>
</value>
<value>
<planned>
<robot_axis a1="86.632462" a2="-48.928036" a3="79.769447" a4="-179.925400" a5="-59.430042" a6="-145.702866" />
<external_axis />
</planned>
<actual>
<robot_axis a1="86.824402" a2="-48.850754" a3="79.717758" a4="-179.927567" a5="-59.402950" a6="-145.908279" />
<external_axis />
</actual>
<ipo_cycle>4294967213</ipo_cycle>
</value>
<value>
<planned>
<robot_axis a1="86.154182" a2="-49.119122" a3="79.897453" a4="-179.920868" a5="-59.497551" a6="-145.187759" />
<external_axis />
</planned>
<actual>
<robot_axis a1="86.346222" a2="-49.042595" a3="79.846138" a4="-179.923035" a5="-59.469681" a6="-145.393005" />
<external_axis />
</actual>
<ipo_cycle>4294967220</ipo_cycle>
</value>
<value>
<planned>
<robot_axis a1="85.675697" a2="-49.310116" a3="80.025459" a4="-179.916336" a5="-59.565060" a6="-144.672668" />
<external_axis />
</planned>
<actual>
<robot_axis a1="85.867737" a2="-49.232834" a3="79.974236" a4="-179.917847" a5="-59.537075" a6="-144.878723" />
<external_axis />
</actual>
<ipo_cycle>4294967227</ipo_cycle>
</value>
<value>
<planned>
<robot_axis a1="85.197220" a2="-49.501202" a3="80.153458" a4="-179.911804" a5="-59.632675" a6="-144.157394" />
<external_axis />
</planned>
<actual>
<robot_axis a1="85.389153" a2="-49.424484" a3="80.101494" a4="-179.912994" a5="-59.603695" a6="-144.362946" />
<external_axis />
</actual>
<ipo_cycle>4294967234</ipo_cycle>
</value>
<value>
<planned>
<robot_axis a1="84.718536" a2="-49.692383" a3="80.281563" a4="-179.907272" a5="-59.700294" a6="-143.641983" />
<external_axis />
</planned>
<actual>
<robot_axis a1="84.910774" a2="-49.614540" a3="80.230896" a4="-179.907593" a5="-59.671642" a6="-143.847351" />
<external_axis />
</actual>
<ipo_cycle>4294967241</ipo_cycle>
</value>
<value>
<planned>
<robot_axis a1="84.239853" a2="-49.883564" a3="80.409660" a4="-179.902634" a5="-59.767803" a6="-143.126541" />
<external_axis />
</planned>
<actual>
<robot_axis a1="84.431786" a2="-49.806847" a3="80.358154" a4="-179.902847" a5="-59.739372" a6="-143.331924" />
<external_axis />
</actual>
<ipo_cycle>4294967248</ipo_cycle>
</value>
<value>
<planned>
<robot_axis a1="83.760872" a2="-50.074837" a3="80.537849" a4="-179.898102" a5="-59.835423" a6="-142.610794" />
<external_axis />
</planned>
<actual>
<robot_axis a1="83.953003" a2="-49.996994" a3="80.486443" a4="-179.897888" a5="-59.807541" a6="-142.816177" />
<external_axis />
</actual>
<ipo_cycle>4294967255</ipo_cycle>
</value>
<value>
<planned>
<robot_axis a1="83.281883" a2="-50.266113" a3="80.666039" a4="-179.893570" a5="-59.903152" a6="-142.095047" />
<external_axis />
</planned>
<actual>
<robot_axis a1="83.473923" a2="-50.189209" a3="80.614914" a4="-179.893677" a5="-59.875717" a6="-142.300430" />
<external_axis />
</actual>
<ipo_cycle>4294967262</ipo_cycle>
</value>
<value>
<planned>
<robot_axis a1="82.802704" a2="-50.457481" a3="80.794228" a4="-179.889038" a5="-59.970772" a6="-141.578964" />
<external_axis />
</planned>
<actual>
<robot_axis a1="82.994934" a2="-50.379826" a3="80.743011" a4="-179.889252" a5="-59.942894" a6="-141.784836" />
<external_axis />
</actual>
<ipo_cycle>4294967269</ipo_cycle>
</value>
<value>
<planned>
<robot_axis a1="82.323418" a2="-50.648849" a3="80.922516" a4="-179.884399" a5="-60.038502" a6="-141.062881" />
<external_axis />
</planned>
<actual>
<robot_axis a1="82.515350" a2="-50.572227" a3="80.870552" a4="-179.885269" a5="-60.010628" a6="-141.268265" />
<external_axis />
</actual>
<ipo_cycle>4294967276</ipo_cycle>
</value>
<value>
<planned>
<robot_axis a1="81.843933" a2="-50.840313" a3="81.050797" a4="-179.879868" a5="-60.106121" a6="-140.546631" />
<external_axis />
</planned>
<actual>
<robot_axis a1="82.036469" a2="-50.762939" a3="80.999947" a4="-179.880844" a5="-60.077579" a6="-140.752350" />
<external_axis />
</actual>
<ipo_cycle>4294967283</ipo_cycle>
</value>
<value>
<planned>
<robot_axis a1="81.376587" a2="-51.026985" a3="81.175827" a4="-179.875443" a5="-60.172184" a6="-140.043320" />
<external_axis />
</planned>
<actual>
<robot_axis a1="81.564407" a2="-50.953934" a3="81.127213" a4="-179.876846" a5="-60.144981" a6="-140.240860" />
<external_axis />
</actual>
<ipo_cycle>4294967290</ipo_cycle>
</value>
</poslog>
