<?xml:stylesheet href="poslog.xsl" type="text/xsl"?>
<poslog serialno="917921" trafo="#KR2210_2 S C2 FLR ZH210" date="11-27-2019" time="12:12:34" tick="4214518740" timestamp="13028762" trigger="ENABLING SWITCH">
<syn_motion>
<program>PUNTOS</program>
<line>39</line>
<name>XENTRADA_COG_2</name>
<base>
<pos x="910.360229" y="-201.184998" z="169.916595" a="-0.576900" b="-0.928200" c="-0.849200" /></base>
<tool>
<pos x="0.000000" y="-140.000000" z="549.000000" a="0.000000" b="0.000000" c="0.000000" /></tool>
<ipo_mode>base</ipo_mode>
<load>
<mass>220.000000</mass>
</load>
<bco_motion>false</bco_motion>
<interrupt>false</interrupt>
<ipo_cycle>4294963120</ipo_cycle>
</syn_motion>
<value>
<planned>
<robot_axis a1="-4.103368" a2="-100.746132" a3="115.366463" a4="-181.565292" a5="-75.077957" a6="-181.868134" />
<external_axis />
</planned>
<actual>
<robot_axis a1="-4.118217" a2="-100.741531" a3="115.361542" a4="-181.563141" a5="-75.078499" a6="-181.768921" />
<external_axis />
</actual>
<ipo_cycle>4294964618</ipo_cycle>
</value>
<value>
<planned>
<robot_axis a1="-4.034942" a2="-100.768387" a3="115.385338" a4="-181.573608" a5="-75.076218" a6="-182.354965" />
<external_axis />
</planned>
<actual>
<robot_axis a1="-4.047483" a2="-100.763969" a3="115.381615" a4="-181.571121" a5="-75.076431" a6="-182.272476" />
<external_axis />
</actual>
<ipo_cycle>4294964633</ipo_cycle>
</value>
<value>
<planned>
<robot_axis a1="-3.966115" a2="-100.790642" a3="115.404297" a4="-181.582031" a5="-75.074379" a6="-182.844757" />
<external_axis />
</planned>
<actual>
<robot_axis a1="-3.975746" a2="-100.786980" a3="115.401230" a4="-181.579865" a5="-75.074478" a6="-182.783737" />
<external_axis />
</actual>
<ipo_cycle>4294964652</ipo_cycle>
</value>
<value>
<planned>
<robot_axis a1="-3.899595" a2="-100.812241" a3="115.422615" a4="-181.590225" a5="-75.072639" a6="-183.318298" />
<external_axis />
</planned>
<actual>
<robot_axis a1="-3.904210" a2="-100.810547" a3="115.420570" a4="-181.588715" a5="-75.072632" a6="-183.287796" />
<external_axis />
</actual>
<ipo_cycle>4294964681</ipo_cycle>
</value>
<syn_motion>
<program>PUNTOS</program>
<line>48</line>
<name>XPRE_COGIDA_2</name>
<base>
<pos x="910.360229" y="-201.184998" z="169.916595" a="-0.576900" b="-0.928200" c="-0.849200" /></base>
<tool>
<pos x="0.000000" y="-140.000000" z="549.000000" a="0.000000" b="0.000000" c="0.000000" /></tool>
<ipo_mode>base</ipo_mode>
<load>
<mass>220.000000</mass>
</load>
<bco_motion>false</bco_motion>
<interrupt>false</interrupt>
<ipo_cycle>4294964718</ipo_cycle>
</syn_motion>
<value>
<planned>
<robot_axis a1="-3.523852" a2="-100.492226" a3="115.615410" a4="-181.605438" a5="-74.568237" a6="-183.085800" />
<external_axis />
</planned>
<actual>
<robot_axis a1="-3.560574" a2="-100.525841" a3="115.598587" a4="-181.606201" a5="-74.621887" a6="-183.126541" />
<external_axis />
</actual>
<ipo_cycle>4294964773</ipo_cycle>
</value>
<syn_motion>
<program>PUNTOS</program>
<line>48</line>
<name>XPRE_COGIDA_2</name>
<base>
<pos x="910.360229" y="-201.184998" z="169.916595" a="-0.576900" b="-0.928200" c="-0.849200" /></base>
<tool>
<pos x="0.000000" y="-140.000000" z="549.000000" a="0.000000" b="0.000000" c="0.000000" /></tool>
<ipo_mode>base</ipo_mode>
<load>
<mass>220.000000</mass>
</load>
<bco_motion>false</bco_motion>
<interrupt>false</interrupt>
<ipo_cycle>4294964914</ipo_cycle>
</syn_motion>
<value>
<planned>
<robot_axis a1="-3.160852" a2="-100.158501" a3="115.806625" a4="-181.618393" a5="-74.053375" a6="-182.700500" />
<external_axis />
</planned>
<actual>
<robot_axis a1="-3.213426" a2="-100.204048" a3="115.783478" a4="-181.616348" a5="-74.131004" a6="-182.759888" />
<external_axis />
</actual>
<ipo_cycle>4294964930</ipo_cycle>
</value>
<value>
<planned>
<robot_axis a1="-2.791029" a2="-99.818588" a3="116.001472" a4="-181.631668" a5="-73.529076" a6="-182.308197" />
<external_axis />
</planned>
<actual>
<robot_axis a1="-2.856445" a2="-99.876900" a3="115.969589" a4="-181.628967" a5="-73.623695" a6="-182.379593" />
<external_axis />
</actual>
<ipo_cycle>4294964947</ipo_cycle>
</value>
<value>
<planned>
<robot_axis a1="-2.430637" a2="-99.487305" a3="116.191292" a4="-181.644501" a5="-73.017883" a6="-181.925720" />
<external_axis />
</planned>
<actual>
<robot_axis a1="-2.505686" a2="-99.556320" a3="116.153183" a4="-181.640076" a5="-73.126381" a6="-182.007629" />
<external_axis />
</actual>
<ipo_cycle>4294964961</ipo_cycle>
</value>
<value>
<planned>
<robot_axis a1="-2.051383" a2="-99.138657" a3="116.391159" a4="-181.658096" a5="-72.480148" a6="-181.523239" />
<external_axis />
</planned>
<actual>
<robot_axis a1="-2.135863" a2="-99.217339" a3="116.347466" a4="-181.653244" a5="-72.602303" a6="-181.615158" />
<external_axis />
</actual>
<ipo_cycle>4294964974</ipo_cycle>
</value>
<value>
<planned>
<robot_axis a1="-1.697513" a2="-98.813385" a3="116.577538" a4="-181.670731" a5="-71.978287" a6="-181.147781" />
<external_axis />
</planned>
<actual>
<robot_axis a1="-1.789919" a2="-98.899208" a3="116.529480" a4="-181.666840" a5="-72.110771" a6="-181.248367" />
<external_axis />
</actual>
<ipo_cycle>4294964985</ipo_cycle>
</value>
<value>
<planned>
<robot_axis a1="-1.313844" a2="-98.460785" a3="116.779633" a4="-181.684433" a5="-71.434219" a6="-180.740616" />
<external_axis />
</planned>
<actual>
<robot_axis a1="-1.413875" a2="-98.553375" a3="116.727486" a4="-181.682266" a5="-71.577713" a6="-180.847595" />
<external_axis />
</actual>
<ipo_cycle>4294964996</ipo_cycle>
</value>
<value>
<planned>
<robot_axis a1="-0.939607" a2="-98.116829" a3="116.976799" a4="-181.697815" a5="-70.903595" a6="-180.343628" />
<external_axis />
</planned>
<actual>
<robot_axis a1="-1.046661" a2="-98.214958" a3="116.921394" a4="-181.694901" a5="-71.056747" a6="-180.458282" />
<external_axis />
</actual>
<ipo_cycle>4294965006</ipo_cycle>
</value>
<value>
<planned>
<robot_axis a1="-0.582426" a2="-97.788460" a3="117.165047" a4="-181.710541" a5="-70.397064" a6="-179.964493" />
<external_axis />
</planned>
<actual>
<robot_axis a1="-0.695700" a2="-97.891655" a3="117.106010" a4="-181.705902" a5="-70.558098" a6="-180.085464" />
<external_axis />
</actual>
<ipo_cycle>4294965015</ipo_cycle>
</value>
<value>
<planned>
<robot_axis a1="-0.206182" a2="-97.442627" a3="117.363235" a4="-181.724030" a5="-69.863441" a6="-179.565186" />
<external_axis />
</planned>
<actual>
<robot_axis a1="-0.325075" a2="-97.552208" a3="117.301414" a4="-181.717453" a5="-70.032791" a6="-179.692474" />
<external_axis />
</actual>
<ipo_cycle>4294965024</ipo_cycle>
</value>
<value>
<planned>
<robot_axis a1="0.188925" a2="-97.079514" a3="117.571365" a4="-181.738174" a5="-69.303268" a6="-179.145996" />
<external_axis />
</planned>
<actual>
<robot_axis a1="0.064012" a2="-97.194351" a3="117.506020" a4="-181.731155" a5="-69.480171" a6="-179.280106" />
<external_axis />
</actual>
<ipo_cycle>4294965033</ipo_cycle>
</value>
<value>
<planned>
<robot_axis a1="0.555637" a2="-96.742416" a3="117.764542" a4="-181.751221" a5="-68.783302" a6="-178.756866" />
<external_axis />
</planned>
<actual>
<robot_axis a1="0.425708" a2="-96.862419" a3="117.696678" a4="-181.745941" a5="-68.967987" a6="-178.895844" />
<external_axis />
</actual>
<ipo_cycle>4294965041</ipo_cycle>
</value>
<value>
<planned>
<robot_axis a1="0.936697" a2="-96.392075" a3="117.965332" a4="-181.764938" a5="-68.242790" a6="-178.352539" />
<external_axis />
</planned>
<actual>
<robot_axis a1="0.801851" a2="-96.516769" a3="117.894775" a4="-181.761261" a5="-68.435257" a6="-178.497208" />
<external_axis />
</actual>
<ipo_cycle>4294965049</ipo_cycle>
</value>
<value>
<planned>
<robot_axis a1="1.332105" a2="-96.028679" a3="118.173561" a4="-181.779068" a5="-67.682182" a6="-177.932861" />
<external_axis />
</planned>
<actual>
<robot_axis a1="1.192443" a2="-96.157791" a3="118.100212" a4="-181.774002" a5="-67.881531" a6="-178.082199" />
<external_axis />
</actual>
<ipo_cycle>4294965057</ipo_cycle>
</value>
<value>
<planned>
<robot_axis a1="1.689587" a2="-95.700119" a3="118.361893" a4="-181.791794" a5="-67.175316" a6="-177.553558" />
<external_axis />
</planned>
<actual>
<robot_axis a1="1.545410" a2="-95.833267" a3="118.286316" a4="-181.785431" a5="-67.380325" a6="-177.707718" />
<external_axis />
</actual>
<ipo_cycle>4294965064</ipo_cycle>
</value>
<value>
<planned>
<robot_axis a1="2.057604" a2="-95.361801" a3="118.555809" a4="-181.804962" a5="-66.653351" a6="-177.163086" />
<external_axis />
</planned>
<actual>
<robot_axis a1="1.909213" a2="-95.499077" a3="118.477814" a4="-181.797958" a5="-66.864464" a6="-177.321259" />
<external_axis />
</actual>
<ipo_cycle>4294965071</ipo_cycle>
</value>
<value>
<planned>
<robot_axis a1="2.436156" a2="-95.013901" a3="118.755203" a4="-181.818451" a5="-66.116615" a6="-176.761429" />
<external_axis />
</planned>
<actual>
<robot_axis a1="2.283751" a2="-95.154465" a3="118.675354" a4="-181.811447" a5="-66.333282" a6="-176.924103" />
<external_axis />
</actual>
<ipo_cycle>4294965078</ipo_cycle>
</value>
<value>
<planned>
<robot_axis a1="2.824941" a2="-94.656509" a3="118.960091" a4="-181.832382" a5="-65.565224" a6="-176.348755" />
<external_axis />
</planned>
<actual>
<robot_axis a1="2.668223" a2="-94.800743" a3="118.877541" a4="-181.827087" a5="-65.788002" a6="-176.515625" />
<external_axis />
</actual>
<ipo_cycle>4294965085</ipo_cycle>
</value>
<value>
<planned>
<robot_axis a1="3.223961" a2="-94.289742" a3="119.170273" a4="-181.846619" a5="-64.999390" a6="-175.925415" />
<external_axis />
</planned>
<actual>
<robot_axis a1="3.063028" a2="-94.437912" a3="119.085953" a4="-181.841766" a5="-65.227280" a6="-176.097107" />
<external_axis />
</actual>
<ipo_cycle>4294965092</ipo_cycle>
</value>
<value>
<planned>
<robot_axis a1="3.632913" a2="-93.913765" a3="119.385750" a4="-181.861298" a5="-64.419456" a6="-175.491379" />
<external_axis />
</planned>
<actual>
<robot_axis a1="3.468068" a2="-94.065506" a3="119.298927" a4="-181.853958" a5="-64.653664" a6="-175.667236" />
<external_axis />
</actual>
<ipo_cycle>4294965099</ipo_cycle>
</value>
<value>
<planned>
<robot_axis a1="3.983472" a2="-93.591591" a3="119.570366" a4="-181.873810" a5="-63.922478" a6="-175.119431" />
<external_axis />
</planned>
<actual>
<robot_axis a1="3.820834" a2="-93.741264" a3="119.484940" a4="-181.865723" a5="-64.151466" a6="-175.291275" />
<external_axis />
</actual>
<ipo_cycle>4294965105</ipo_cycle>
</value>
<value>
<planned>
<robot_axis a1="4.308948" a2="-93.292328" a3="119.741875" a4="-181.885468" a5="-63.460815" a6="-174.774002" />
<external_axis />
</planned>
<actual>
<robot_axis a1="4.189553" a2="-93.401253" a3="119.675041" a4="-181.879745" a5="-63.622284" a6="-174.894470" />
<external_axis />
</actual>
<ipo_cycle>4294965112</ipo_cycle>
</value>
<syn_motion>
<program>PUNTOS</program>
<line>39</line>
<name>XENTRADA_COG_2</name>
<base>
<pos x="910.360229" y="-201.184998" z="169.916595" a="-0.576900" b="-0.928200" c="-0.849200" /></base>
<tool>
<pos x="0.000000" y="-140.000000" z="549.000000" a="0.000000" b="0.000000" c="0.000000" /></tool>
<ipo_mode>base</ipo_mode>
<load>
<mass>220.000000</mass>
</load>
<bco_motion>true</bco_motion>
<interrupt>false</interrupt>
<ipo_cycle>4294965530</ipo_cycle>
</syn_motion>
<value>
<planned>
<robot_axis a1="3.914544" a2="-93.655441" a3="119.533371" a4="-181.870468" a5="-64.018425" a6="-175.190689" />
<external_axis />
</planned>
<actual>
<robot_axis a1="4.040260" a2="-93.541542" a3="119.594536" a4="-181.876831" a5="-63.835079" a6="-175.048447" />
<external_axis />
</actual>
<ipo_cycle>4294965558</ipo_cycle>
</value>
<value>
<planned>
<robot_axis a1="3.521946" a2="-94.016304" a3="119.326530" a4="-181.856552" a5="-64.575264" a6="-175.607529" />
<external_axis />
</planned>
<actual>
<robot_axis a1="3.687493" a2="-93.864655" a3="119.409271" a4="-181.863998" a5="-64.334831" a6="-175.423386" />
<external_axis />
</actual>
<ipo_cycle>4294965565</ipo_cycle>
</value>
<value>
<planned>
<robot_axis a1="3.128244" a2="-94.378098" a3="119.119141" a4="-181.842514" a5="-65.133652" a6="-176.025360" />
<external_axis />
</planned>
<actual>
<robot_axis a1="3.314661" a2="-94.206261" a3="119.215820" a4="-181.851913" a5="-64.866020" a6="-175.820724" />
<external_axis />
</actual>
<ipo_cycle>4294965571</ipo_cycle>
</value>
<value>
<planned>
<robot_axis a1="2.724509" a2="-94.749191" a3="118.906540" a4="-181.828064" a5="-65.706261" a6="-176.453888" />
<external_axis />
</planned>
<actual>
<robot_axis a1="2.913935" a2="-94.575005" a3="119.005547" a4="-181.838303" a5="-65.436081" a6="-176.248077" />
<external_axis />
</actual>
<ipo_cycle>4294965577</ipo_cycle>
</value>
<value>
<planned>
<robot_axis a1="2.320774" a2="-95.120285" a3="118.693855" a4="-181.813705" a5="-66.278870" a6="-176.882416" />
<external_axis />
</planned>
<actual>
<robot_axis a1="2.510201" a2="-94.945633" a3="118.793503" a4="-181.822662" a5="-66.009125" a6="-176.678879" />
<external_axis />
</actual>
<ipo_cycle>4294965583</ipo_cycle>
</value>
<value>
<planned>
<robot_axis a1="1.917039" a2="-95.491379" a3="118.481163" a4="-181.799362" a5="-66.851479" a6="-177.310928" />
<external_axis />
</planned>
<actual>
<robot_axis a1="2.106064" a2="-95.317101" a3="118.580536" a4="-181.806366" a5="-66.582718" a6="-177.108871" />
<external_axis />
</actual>
<ipo_cycle>4294965589</ipo_cycle>
</value>
<value>
<planned>
<robot_axis a1="1.513304" a2="-95.862473" a3="118.268562" a4="-181.784897" a5="-67.424080" a6="-177.739456" />
<external_axis />
</planned>
<actual>
<robot_axis a1="1.702630" a2="-95.687729" a3="118.368401" a4="-181.791916" a5="-67.155884" a6="-177.538055" />
<external_axis />
</actual>
<ipo_cycle>4294965595</ipo_cycle>
</value>
<value>
<planned>
<robot_axis a1="1.109569" a2="-96.233566" a3="118.055870" a4="-181.770538" a5="-67.996582" a6="-178.167969" />
<external_axis />
</planned>
<actual>
<robot_axis a1="1.298393" a2="-96.059006" a3="118.155708" a4="-181.779068" a5="-67.728607" a6="-177.967087" />
<external_axis />
</actual>
<ipo_cycle>4294965601</ipo_cycle>
</value>
<value>
<planned>
<robot_axis a1="0.705834" a2="-96.604568" a3="117.843277" a4="-181.756195" a5="-68.569183" a6="-178.596497" />
<external_axis />
</planned>
<actual>
<robot_axis a1="0.894759" a2="-96.430664" a3="117.942924" a4="-181.765366" a5="-68.301109" a6="-178.395950" />
<external_axis />
</actual>
<ipo_cycle>4294965607</ipo_cycle>
</value>
<value>
<planned>
<robot_axis a1="0.302099" a2="-96.975662" a3="117.630585" a4="-181.741730" a5="-69.141792" a6="-179.024857" />
<external_axis />
</planned>
<actual>
<robot_axis a1="0.490823" a2="-96.801476" a3="117.730698" a4="-181.750900" a5="-68.874382" a6="-178.824478" />
<external_axis />
</actual>
<ipo_cycle>4294965613</ipo_cycle>
</value>
<value>
<planned>
<robot_axis a1="-0.101636" a2="-97.346756" a3="117.417892" a4="-181.727386" a5="-69.714401" a6="-179.453384" />
<external_axis />
</planned>
<actual>
<robot_axis a1="0.087088" a2="-97.172760" a3="117.518105" a4="-181.733963" a5="-69.447197" a6="-179.253143" />
<external_axis />
</actual>
<ipo_cycle>4294965619</ipo_cycle>
</value>
<value>
<planned>
<robot_axis a1="-0.505371" a2="-97.717850" a3="117.205292" a4="-181.712921" a5="-70.287010" a6="-179.881897" />
<external_axis />
</planned>
<actual>
<robot_axis a1="-0.316547" a2="-97.544037" a3="117.305595" a4="-181.719498" a5="-70.019913" a6="-179.681656" />
<external_axis />
</actual>
<ipo_cycle>4294965625</ipo_cycle>
</value>
<value>
<planned>
<robot_axis a1="-0.909106" a2="-98.088943" a3="116.992607" a4="-181.698563" a5="-70.859612" a6="-180.310425" />
<external_axis />
</planned>
<actual>
<robot_axis a1="-0.720282" a2="-97.915039" a3="117.092628" a4="-181.706665" a5="-70.591972" a6="-180.110519" />
<external_axis />
</actual>
<ipo_cycle>4294965631</ipo_cycle>
</value>
<value>
<planned>
<robot_axis a1="-1.312841" a2="-98.459946" a3="116.780006" a4="-181.684219" a5="-71.432220" a6="-180.738937" />
<external_axis />
</planned>
<actual>
<robot_axis a1="-1.123916" a2="-98.285851" a3="116.880402" a4="-181.693604" a5="-71.164925" a6="-180.539383" />
<external_axis />
</actual>
<ipo_cycle>4294965637</ipo_cycle>
</value>
<value>
<planned>
<robot_axis a1="-1.716576" a2="-98.831039" a3="116.567314" a4="-181.669754" a5="-72.004829" a6="-181.167465" />
<external_axis />
</planned>
<actual>
<robot_axis a1="-1.527852" a2="-98.657036" a3="116.667435" a4="-181.678818" a5="-71.737640" a6="-180.967743" />
<external_axis />
</actual>
<ipo_cycle>4294965643</ipo_cycle>
</value>
<value>
<planned>
<robot_axis a1="-2.120311" a2="-99.202133" a3="116.354622" a4="-181.655411" a5="-72.577438" a6="-181.595993" />
<external_axis />
</planned>
<actual>
<robot_axis a1="-1.931286" a2="-99.028130" a3="116.454742" a4="-181.662201" a5="-72.310013" a6="-181.396240" />
<external_axis />
</actual>
<ipo_cycle>4294965649</ipo_cycle>
</value>
<value>
<planned>
<robot_axis a1="-2.524046" a2="-99.573227" a3="116.142029" a4="-181.641052" a5="-73.150040" a6="-182.024506" />
<external_axis />
</planned>
<actual>
<robot_axis a1="-2.335121" a2="-99.399414" a3="116.242142" a4="-181.647522" a5="-72.882286" a6="-181.824585" />
<external_axis />
</actual>
<ipo_cycle>4294965655</ipo_cycle>
</value>
<value>
<planned>
<robot_axis a1="-2.915741" a2="-99.933235" a3="115.935654" a4="-181.627029" a5="-73.705658" a6="-182.440353" />
<external_axis />
</planned>
<actual>
<robot_axis a1="-2.734542" a2="-99.767128" a3="116.032425" a4="-181.634247" a5="-73.450676" a6="-182.250610" />
<external_axis />
</actual>
<ipo_cycle>4294965661</ipo_cycle>
</value>
<value>
<planned>
<robot_axis a1="-3.253860" a2="-100.243950" a3="115.757637" a4="-181.615051" a5="-74.185089" a6="-182.799118" />
<external_axis />
</planned>
<actual>
<robot_axis a1="-3.100954" a2="-100.104233" a3="115.840836" a4="-181.621735" a5="-73.972755" a6="-182.640610" />
<external_axis />
</actual>
<ipo_cycle>4294965667</ipo_cycle>
</value>
<value>
<planned>
<robot_axis a1="-3.590673" a2="-100.553543" a3="115.580177" a4="-181.602966" a5="-74.662743" a6="-183.156555" />
<external_axis />
</planned>
<actual>
<robot_axis a1="-3.483920" a2="-100.456352" a3="115.638840" a4="-181.607925" a5="-74.516708" a6="-183.049728" />
<external_axis />
</actual>
<ipo_cycle>4294965675</ipo_cycle>
</value>
<value>
<planned>
<robot_axis a1="-3.865683" a2="-100.806412" a3="115.435349" a4="-181.593246" a5="-75.052887" a6="-183.448578" />
<external_axis />
</planned>
<actual>
<robot_axis a1="-3.839396" a2="-100.783409" a3="115.454124" a4="-181.593140" a5="-75.022232" a6="-183.430130" />
<external_axis />
</actual>
<ipo_cycle>4294965689</ipo_cycle>
</value>
<move>
<key_image k2="-1" />
<mouse_override m1="0.000000" m2="0.000000" m3="0.000000" m4="0.000000" m5="0.000000" m6="0.000000" />
<mode>WORLD</mode>
<coord_sys>
<pos x="0.000000" y="0.000000" z="0.000000" a="0.000000" b="0.000000" c="0.000000" />
</coord_sys>
<base>
<pos x="0.000000" y="0.000000" z="0.000000" a="0.000000" b="0.000000" c="0.000000" /></base>
<tool>
<pos x="0.000000" y="0.000000" z="0.000000" a="0.000000" b="0.000000" c="0.000000" /></tool>
<ipo_mode>tool</ipo_mode>
<ipo_cycle>4294965999</ipo_cycle>
</move>
<move>
<key_image k2="-1" />
<mouse_override m1="0.000000" m2="0.000000" m3="0.000000" m4="0.000000" m5="0.000000" m6="0.000000" />
<mode>WORLD</mode>
<coord_sys>
<pos x="0.000000" y="0.000000" z="0.000000" a="0.000000" b="0.000000" c="0.000000" />
</coord_sys>
<base>
<pos x="0.000000" y="0.000000" z="0.000000" a="0.000000" b="0.000000" c="0.000000" /></base>
<tool>
<pos x="0.000000" y="0.000000" z="0.000000" a="0.000000" b="0.000000" c="0.000000" /></tool>
<ipo_mode>tool</ipo_mode>
<ipo_cycle>4294966059</ipo_cycle>
</move>
<value>
<planned>
<robot_axis a1="-3.363020" a2="-100.851768" a3="115.453850" a4="-181.595520" a5="-75.093437" a6="-182.946472" />
<external_axis />
</planned>
<actual>
<robot_axis a1="-3.384893" a2="-100.849045" a3="115.450684" a4="-181.594971" a5="-75.091545" a6="-182.970215" />
<external_axis />
</actual>
<ipo_cycle>4294966079</ipo_cycle>
</value>
<value>
<planned>
<robot_axis a1="-2.840894" a2="-100.880318" a3="115.475975" a4="-181.598206" a5="-75.113884" a6="-182.424103" />
<external_axis />
</planned>
<actual>
<robot_axis a1="-2.914939" a2="-100.876465" a3="115.472160" a4="-181.597351" a5="-75.110771" a6="-182.499786" />
<external_axis />
</actual>
<ipo_cycle>4294966103</ipo_cycle>
</value>
<value>
<planned>
<robot_axis a1="-2.336627" a2="-100.903412" a3="115.493820" a4="-181.600693" a5="-75.132668" a6="-181.919403" />
<external_axis />
</planned>
<actual>
<robot_axis a1="-2.410772" a2="-100.899940" a3="115.490196" a4="-181.599838" a5="-75.128777" a6="-181.993286" />
<external_axis />
</actual>
<ipo_cycle>4294966122</ipo_cycle>
</value>
<value>
<planned>
<robot_axis a1="-1.831958" a2="-100.921913" a3="115.508232" a4="-181.603073" a5="-75.150566" a6="-181.414536" />
<external_axis />
</planned>
<actual>
<robot_axis a1="-1.906605" a2="-100.918442" a3="115.505257" a4="-181.602417" a5="-75.147118" a6="-181.488586" />
<external_axis />
</actual>
<ipo_cycle>4294966141</ipo_cycle>
</value>
<value>
<planned>
<robot_axis a1="-1.326988" a2="-100.935997" a3="115.519104" a4="-181.605331" a5="-75.167351" a6="-180.909164" />
<external_axis />
</planned>
<actual>
<robot_axis a1="-1.401635" a2="-100.933273" a3="115.517151" a4="-181.604797" a5="-75.165123" a6="-180.983566" />
<external_axis />
</actual>
<ipo_cycle>4294966160</ipo_cycle>
</value>
<value>
<planned>
<robot_axis a1="-0.821817" a2="-100.945572" a3="115.526543" a4="-181.607498" a5="-75.183243" a6="-180.403778" />
<external_axis />
</planned>
<actual>
<robot_axis a1="-0.896063" a2="-100.943604" a3="115.524681" a4="-181.606949" a5="-75.180908" a6="-180.477356" />
<external_axis />
</actual>
<ipo_cycle>4294966179</ipo_cycle>
</value>
<value>
<planned>
<robot_axis a1="-0.316547" a2="-100.950554" a3="115.530449" a4="-181.609543" a5="-75.198135" a6="-179.898209" />
<external_axis />
</planned>
<actual>
<robot_axis a1="-0.390893" a2="-100.948959" a3="115.529144" a4="-181.608902" a5="-75.195908" a6="-179.972610" />
<external_axis />
</actual>
<ipo_cycle>4294966198</ipo_cycle>
</value>
<value>
<planned>
<robot_axis a1="0.188824" a2="-100.951210" a3="115.530907" a4="-181.611481" a5="-75.212029" a6="-179.392456" />
<external_axis />
</planned>
<actual>
<robot_axis a1="0.114178" a2="-100.950645" a3="115.530449" a4="-181.610840" a5="-75.209030" a6="-179.467010" />
<external_axis />
</actual>
<ipo_cycle>4294966217</ipo_cycle>
</value>
<value>
<planned>
<robot_axis a1="0.694195" a2="-100.947266" a3="115.527840" a4="-181.613205" a5="-75.224922" a6="-178.886856" />
<external_axis />
</planned>
<actual>
<robot_axis a1="0.619448" a2="-100.950554" a3="115.530449" a4="-181.612671" a5="-75.222588" a6="-178.961594" />
<external_axis />
</actual>
<ipo_cycle>4294966236</ipo_cycle>
</value>
<value>
<planned>
<robot_axis a1="1.199366" a2="-100.938812" a3="115.521339" a4="-181.614944" a5="-75.236702" a6="-178.381409" />
<external_axis />
</planned>
<actual>
<robot_axis a1="1.125120" a2="-100.945107" a3="115.527100" a4="-181.614288" a5="-75.235481" a6="-178.455170" />
<external_axis />
</actual>
<ipo_cycle>4294966255</ipo_cycle>
</value>
<value>
<planned>
<robot_axis a1="1.704336" a2="-100.925858" a3="115.511299" a4="-181.616455" a5="-75.247597" a6="-177.876114" />
<external_axis />
</planned>
<actual>
<robot_axis a1="1.629990" a2="-100.931305" a3="115.516777" a4="-181.615906" a5="-75.246376" a6="-177.950851" />
<external_axis />
</actual>
<ipo_cycle>4294966274</ipo_cycle>
</value>
<value>
<planned>
<robot_axis a1="2.209105" a2="-100.908485" a3="115.497818" a4="-181.617966" a5="-75.257492" a6="-177.370972" />
<external_axis />
</planned>
<actual>
<robot_axis a1="2.134859" a2="-100.913277" a3="115.502747" a4="-181.617310" a5="-75.256042" a6="-177.444885" />
<external_axis />
</actual>
<ipo_cycle>4294966293</ipo_cycle>
</value>
<value>
<planned>
<robot_axis a1="2.713573" a2="-100.886604" a3="115.480804" a4="-181.619247" a5="-75.266380" a6="-176.866302" />
<external_axis />
</planned>
<actual>
<robot_axis a1="2.638826" a2="-100.891678" a3="115.485268" a4="-181.618713" a5="-75.264488" a6="-176.940704" />
<external_axis />
</actual>
<ipo_cycle>4294966312</ipo_cycle>
</value>
<value>
<planned>
<robot_axis a1="3.217539" a2="-100.860222" a3="115.460358" a4="-181.620438" a5="-75.274162" a6="-176.362106" />
<external_axis />
</planned>
<actual>
<robot_axis a1="3.143294" a2="-100.865761" a3="115.465004" a4="-181.620010" a5="-75.272385" a6="-176.435516" />
<external_axis />
</actual>
<ipo_cycle>4294966331</ipo_cycle>
</value>
<value>
<planned>
<robot_axis a1="3.721004" a2="-100.829422" a3="115.436462" a4="-181.621521" a5="-75.281052" a6="-175.858215" />
<external_axis />
</planned>
<actual>
<robot_axis a1="3.647361" a2="-100.834488" a3="115.441299" a4="-181.620987" a5="-75.278946" a6="-175.933105" />
<external_axis />
</actual>
<ipo_cycle>4294966350</ipo_cycle>
</value>
<value>
<planned>
<robot_axis a1="4.223967" a2="-100.794113" a3="115.409042" a4="-181.622498" a5="-75.286949" a6="-175.355148" />
<external_axis />
</planned>
<actual>
<robot_axis a1="4.150123" a2="-100.799843" a3="115.413506" a4="-181.622055" a5="-75.281166" a6="-175.428345" />
<external_axis />
</actual>
<ipo_cycle>4294966369</ipo_cycle>
</value>
<value>
<planned>
<robot_axis a1="4.726228" a2="-100.754395" a3="115.378181" a4="-181.623352" a5="-75.291946" a6="-174.852539" />
<external_axis />
</planned>
<actual>
<robot_axis a1="4.651983" a2="-100.760307" a3="115.383202" a4="-181.622925" a5="-75.290062" a6="-174.927109" />
<external_axis />
</actual>
<ipo_cycle>4294966388</ipo_cycle>
</value>
<value>
<planned>
<robot_axis a1="5.227787" a2="-100.710167" a3="115.343781" a4="-181.624008" a5="-75.295837" a6="-174.350754" />
<external_axis />
</planned>
<actual>
<robot_axis a1="5.153742" a2="-100.716179" a3="115.348801" a4="-181.623672" a5="-75.294838" a6="-174.424026" />
<external_axis />
</actual>
<ipo_cycle>4294966407</ipo_cycle>
</value>
<value>
<planned>
<robot_axis a1="5.728542" a2="-100.661621" a3="115.305946" a4="-181.624649" a5="-75.298950" a6="-173.849762" />
<external_axis />
</planned>
<actual>
<robot_axis a1="5.654799" a2="-100.668098" a3="115.311623" a4="-181.624329" a5="-75.298065" a6="-173.924026" />
<external_axis />
</actual>
<ipo_cycle>4294966426</ipo_cycle>
</value>
<value>
<planned>
<robot_axis a1="6.228395" a2="-100.608658" a3="115.264580" a4="-181.625076" a5="-75.300957" a6="-173.349579" />
<external_axis />
</planned>
<actual>
<robot_axis a1="6.154651" a2="-100.616173" a3="115.270622" a4="-181.624863" a5="-75.300621" a6="-173.423355" />
<external_axis />
</actual>
<ipo_cycle>4294966445</ipo_cycle>
</value>
<value>
<planned>
<robot_axis a1="6.753531" a2="-100.548096" a3="115.217262" a4="-181.625519" a5="-75.302177" a6="-172.824310" />
<external_axis />
</planned>
<actual>
<robot_axis a1="6.679487" a2="-100.557205" a3="115.223587" a4="-181.625290" a5="-75.301956" a6="-172.898895" />
<external_axis />
</actual>
<ipo_cycle>4294966465</ipo_cycle>
</value>
<value>
<planned>
<robot_axis a1="7.277565" a2="-100.482834" a3="115.166138" a4="-181.625732" a5="-75.302399" a6="-172.300003" />
<external_axis />
</planned>
<actual>
<robot_axis a1="7.203720" a2="-100.492416" a3="115.173203" a4="-181.625626" a5="-75.302513" a6="-172.373444" />
<external_axis />
</actual>
<ipo_cycle>4294966485</ipo_cycle>
</value>
<value>
<planned>
<robot_axis a1="7.800293" a2="-100.412689" a3="115.111198" a4="-181.625946" a5="-75.301628" a6="-171.776978" />
<external_axis />
</planned>
<actual>
<robot_axis a1="7.727051" a2="-100.423210" a3="115.118820" a4="-181.625732" a5="-75.302513" a6="-171.850281" />
<external_axis />
</actual>
<ipo_cycle>4294966505</ipo_cycle>
</value>
<value>
<planned>
<robot_axis a1="8.321817" a2="-100.337761" a3="115.052261" a4="-181.625946" a5="-75.299850" a6="-171.255264" />
<external_axis />
</planned>
<actual>
<robot_axis a1="8.248675" a2="-100.348373" a3="115.060905" a4="-181.625839" a5="-75.301514" a6="-171.330215" />
<external_axis />
</actual>
<ipo_cycle>4294966525</ipo_cycle>
</value>
<value>
<planned>
<robot_axis a1="8.841937" a2="-100.258133" a3="114.989609" a4="-181.625732" a5="-75.297180" a6="-170.734848" />
<external_axis />
</planned>
<actual>
<robot_axis a1="8.768595" a2="-100.269028" a3="114.998627" a4="-181.625839" a5="-75.298180" a6="-170.807831" />
<external_axis />
</actual>
<ipo_cycle>4294966545</ipo_cycle>
</value>
<value>
<planned>
<robot_axis a1="9.360552" a2="-100.173714" a3="114.923050" a4="-181.625519" a5="-75.293625" a6="-170.216064" />
<external_axis />
</planned>
<actual>
<robot_axis a1="9.287912" a2="-100.185738" a3="114.932159" a4="-181.625839" a5="-75.294853" a6="-170.288391" />
<external_axis />
</actual>
<ipo_cycle>4294966565</ipo_cycle>
</value>
<value>
<planned>
<robot_axis a1="9.877662" a2="-100.084602" a3="114.852585" a4="-181.625076" a5="-75.289070" a6="-169.698730" />
<external_axis />
</planned>
<actual>
<robot_axis a1="9.805724" a2="-100.097656" a3="114.862350" a4="-181.625626" a5="-75.290520" a6="-169.772049" />
<external_axis />
</actual>
<ipo_cycle>4294966585</ipo_cycle>
</value>
<value>
<planned>
<robot_axis a1="10.393066" a2="-99.990891" a3="114.778313" a4="-181.624649" a5="-75.283852" a6="-169.183029" />
<external_axis />
</planned>
<actual>
<robot_axis a1="10.320928" a2="-100.004410" a3="114.788353" a4="-181.624969" a5="-75.285408" a6="-169.254868" />
<external_axis />
</actual>
<ipo_cycle>4294966605</ipo_cycle>
</value>
<value>
<planned>
<robot_axis a1="10.906865" a2="-99.892487" a3="114.700134" a4="-181.624008" a5="-75.277626" a6="-168.668961" />
<external_axis />
</planned>
<actual>
<robot_axis a1="10.834326" a2="-99.906097" a3="114.710732" a4="-181.624542" a5="-75.279625" a6="-168.741287" />
<external_axis />
</actual>
<ipo_cycle>4294966625</ipo_cycle>
</value>
<value>
<planned>
<robot_axis a1="11.418859" a2="-99.789566" a3="114.618141" a4="-181.623245" a5="-75.270737" a6="-168.156830" />
<external_axis />
</planned>
<actual>
<robot_axis a1="11.346920" a2="-99.803658" a3="114.630135" a4="-181.623901" a5="-75.270630" a6="-168.228165" />
<external_axis />
</actual>
<ipo_cycle>4294966645</ipo_cycle>
</value>
<value>
<planned>
<robot_axis a1="11.929046" a2="-99.682053" a3="114.532341" a4="-181.622391" a5="-75.263069" a6="-167.646515" />
<external_axis />
</planned>
<actual>
<robot_axis a1="11.858010" a2="-99.697456" a3="114.544144" a4="-181.622925" a5="-75.264847" a6="-167.717209" />
<external_axis />
</actual>
<ipo_cycle>4294966665</ipo_cycle>
</value>
<value>
<planned>
<robot_axis a1="12.437326" a2="-99.569939" a3="114.442635" a4="-181.621414" a5="-75.254623" a6="-167.138138" />
<external_axis />
</planned>
<actual>
<robot_axis a1="12.366191" a2="-99.586182" a3="114.454536" a4="-181.622055" a5="-75.256508" a6="-167.209824" />
<external_axis />
</actual>
<ipo_cycle>4294966685</ipo_cycle>
</value>
<value>
<planned>
<robot_axis a1="12.943600" a2="-99.453499" a3="114.349022" a4="-181.620331" a5="-75.245506" a6="-166.631729" />
<external_axis />
</planned>
<actual>
<robot_axis a1="12.872565" a2="-99.470123" a3="114.362503" a4="-181.620880" a5="-75.247063" a6="-166.702423" />
<external_axis />
</actual>
<ipo_cycle>4294966705</ipo_cycle>
</value>
<value>
<planned>
<robot_axis a1="13.447767" a2="-99.332466" a3="114.251602" a4="-181.619034" a5="-75.235840" a6="-166.127274" />
<external_axis />
</planned>
<actual>
<robot_axis a1="13.377234" a2="-99.350304" a3="114.264992" a4="-181.619476" a5="-75.236946" a6="-166.198776" />
<external_axis />
</actual>
<ipo_cycle>4294966725</ipo_cycle>
</value>
<value>
<planned>
<robot_axis a1="13.949927" a2="-99.207108" a3="114.150276" a4="-181.617737" a5="-75.225388" a6="-165.625107" />
<external_axis />
</planned>
<actual>
<robot_axis a1="13.879595" a2="-99.225510" a3="114.164314" a4="-181.618179" a5="-75.226837" a6="-165.695297" />
<external_axis />
</actual>
<ipo_cycle>4294966745</ipo_cycle>
</value>
<value>
<planned>
<robot_axis a1="14.449881" a2="-99.077431" a3="114.045143" a4="-181.616226" a5="-75.214500" a6="-165.125046" />
<external_axis />
</planned>
<actual>
<robot_axis a1="14.379548" a2="-99.095650" a3="114.060204" a4="-181.616669" a5="-75.216385" a6="-165.195908" />
<external_axis />
</actual>
<ipo_cycle>4294966765</ipo_cycle>
</value>
<value>
<planned>
<robot_axis a1="14.972408" a2="-98.936577" a3="113.930618" a4="-181.614609" a5="-75.202492" a6="-164.602356" />
<external_axis />
</planned>
<actual>
<robot_axis a1="14.902477" a2="-98.956017" a3="113.945671" a4="-181.615051" a5="-75.204941" a6="-164.671753" />
<external_axis />
</actual>
<ipo_cycle>4294966786</ipo_cycle>
</value>
<value>
<planned>
<robot_axis a1="15.492328" a2="-98.791031" a3="113.811813" a4="-181.612885" a5="-75.189934" a6="-164.082291" />
<external_axis />
</planned>
<actual>
<robot_axis a1="15.423100" a2="-98.811226" a3="113.827339" a4="-181.613312" a5="-75.191933" a6="-164.151672" />
<external_axis />
</actual>
<ipo_cycle>4294966807</ipo_cycle>
</value>
<value>
<planned>
<robot_axis a1="16.009739" a2="-98.640884" a3="113.688828" a4="-181.610947" a5="-75.176819" a6="-163.564835" />
<external_axis />
</planned>
<actual>
<robot_axis a1="15.941112" a2="-98.660606" a3="113.704910" a4="-181.611374" a5="-75.178482" a6="-163.633392" />
<external_axis />
</actual>
<ipo_cycle>4294966828</ipo_cycle>
</value>
<value>
<planned>
<robot_axis a1="16.524441" a2="-98.486137" a3="113.561470" a4="-181.609009" a5="-75.163254" a6="-163.050156" />
<external_axis />
</planned>
<actual>
<robot_axis a1="16.455914" a2="-98.507172" a3="113.578110" a4="-181.609436" a5="-75.164925" a6="-163.117722" />
<external_axis />
</actual>
<ipo_cycle>4294966849</ipo_cycle>
</value>
<value>
<planned>
<robot_axis a1="17.036434" a2="-98.326790" a3="113.429939" a4="-181.606842" a5="-75.149361" a6="-162.538086" />
<external_axis />
</planned>
<actual>
<robot_axis a1="16.967606" a2="-98.347733" a3="113.447411" a4="-181.607269" a5="-75.150917" a6="-162.607788" />
<external_axis />
</actual>
<ipo_cycle>4294966870</ipo_cycle>
</value>
<value>
<planned>
<robot_axis a1="17.545618" a2="-98.162933" a3="113.294212" a4="-181.604691" a5="-75.135132" a6="-162.028961" />
<external_axis />
</planned>
<actual>
<robot_axis a1="17.477694" a2="-98.185097" a3="113.311874" a4="-181.605011" a5="-75.136688" a6="-162.096054" />
<external_axis />
</actual>
<ipo_cycle>4294966891</ipo_cycle>
</value>
<value>
<planned>
<robot_axis a1="18.051992" a2="-97.994759" a3="113.154129" a4="-181.602310" a5="-75.120575" a6="-161.522629" />
<external_axis />
</planned>
<actual>
<robot_axis a1="17.984970" a2="-98.017105" a3="113.172813" a4="-181.602524" a5="-75.123016" a6="-161.591370" />
<external_axis />
</actual>
<ipo_cycle>4294966912</ipo_cycle>
</value>
<value>
<planned>
<robot_axis a1="18.555456" a2="-97.822075" a3="113.009850" a4="-181.599838" a5="-75.105896" a6="-161.019241" />
<external_axis />
</planned>
<actual>
<robot_axis a1="18.488535" a2="-97.845268" a3="113.029655" a4="-181.600159" a5="-75.108009" a6="-161.085846" />
<external_axis />
</actual>
<ipo_cycle>4294966933</ipo_cycle>
</value>
<value>
<planned>
<robot_axis a1="19.055912" a2="-97.645172" a3="112.861397" a4="-181.597244" a5="-75.090889" a6="-160.518799" />
<external_axis />
</planned>
<actual>
<robot_axis a1="18.988991" a2="-97.669113" a3="112.881104" a4="-181.597565" a5="-75.092667" a6="-160.586700" />
<external_axis />
</actual>
<ipo_cycle>4294966954</ipo_cycle>
</value>
<value>
<planned>
<robot_axis a1="19.553457" a2="-97.463943" a3="112.708664" a4="-181.594650" a5="-75.075882" a6="-160.021317" />
<external_axis />
</planned>
<actual>
<robot_axis a1="19.486736" a2="-97.488449" a3="112.729301" a4="-181.594971" a5="-75.077332" a6="-160.086090" />
<external_axis />
</actual>
<ipo_cycle>4294966975</ipo_cycle>
</value>
<value>
<planned>
<robot_axis a1="20.071369" a2="-97.269661" a3="112.544037" a4="-181.591736" a5="-75.059982" a6="-159.503632" />
<external_axis />
</planned>
<actual>
<robot_axis a1="20.005552" a2="-97.295013" a3="112.565231" a4="-181.592163" a5="-75.062653" a6="-159.569916" />
<external_axis />
</actual>
<ipo_cycle>4294966997</ipo_cycle>
</value>
<value>
<planned>
<robot_axis a1="20.585871" a2="-97.070786" a3="112.374847" a4="-181.588715" a5="-75.044090" a6="-158.989243" />
<external_axis />
</planned>
<actual>
<robot_axis a1="20.520454" a2="-97.096512" a3="112.397064" a4="-181.589142" a5="-75.046867" a6="-159.054703" />
<external_axis />
</actual>
<ipo_cycle>4294967019</ipo_cycle>
</value>
<value>
<planned>
<robot_axis a1="21.096960" a2="-96.867393" a3="112.200920" a4="-181.585587" a5="-75.028297" a6="-158.478455" />
<external_axis />
</planned>
<actual>
<robot_axis a1="21.031645" a2="-96.894157" a3="112.223320" a4="-181.586227" a5="-75.030304" a6="-158.544067" />
<external_axis />
</actual>
<ipo_cycle>4294967041</ipo_cycle>
</value>
<value>
<planned>
<robot_axis a1="21.604540" a2="-96.659683" a3="112.022438" a4="-181.582458" a5="-75.012619" a6="-157.971115" />
<external_axis />
</planned>
<actual>
<robot_axis a1="21.539625" a2="-96.686447" a3="112.045403" a4="-181.582886" a5="-75.014511" a6="-158.035904" />
<external_axis />
</actual>
<ipo_cycle>4294967063</ipo_cycle>
</value>
<move>
<key_image k2="-1" />
<mouse_override m1="0.000000" m2="0.000000" m3="0.000000" m4="0.000000" m5="0.000000" m6="0.000000" />
<mode>WORLD</mode>
<coord_sys>
<pos x="0.000000" y="0.000000" z="0.000000" a="0.000000" b="0.000000" c="0.000000" />
</coord_sys>
<base>
<pos x="0.000000" y="0.000000" z="0.000000" a="0.000000" b="0.000000" c="0.000000" /></base>
<tool>
<pos x="0.000000" y="0.000000" z="0.000000" a="0.000000" b="0.000000" c="0.000000" /></tool>
<ipo_mode>tool</ipo_mode>
<ipo_cycle>4294967207</ipo_cycle>
</move>
<value>
<planned>
<robot_axis a1="22.063356" a2="-96.466812" a3="111.855858" a4="-181.579330" a5="-74.998497" a6="-157.512482" />
<external_axis />
</planned>
<actual>
<robot_axis a1="22.040380" a2="-96.475922" a3="111.863754" a4="-181.579865" a5="-74.999947" a6="-157.535629" />
<external_axis />
</actual>
<ipo_cycle>4294967229</ipo_cycle>
</value>
<value>
<planned>
<robot_axis a1="22.583776" a2="-96.242302" a3="111.661011" a4="-181.575882" a5="-74.982597" a6="-156.992355" />
<external_axis />
</planned>
<actual>
<robot_axis a1="22.520668" a2="-96.267746" a3="111.682579" a4="-181.578568" a5="-74.984726" a6="-157.055359" />
<external_axis />
</actual>
<ipo_cycle>4294967255</ipo_cycle>
</value>
<value>
<planned>
<robot_axis a1="23.103294" a2="-96.011871" a3="111.460037" a4="-181.572205" a5="-74.967033" a6="-156.473190" />
<external_axis />
</planned>
<actual>
<robot_axis a1="23.040386" a2="-96.037407" a3="111.482529" a4="-181.573288" a5="-74.969368" a6="-156.536682" />
<external_axis />
</actual>
<ipo_cycle>4294967278</ipo_cycle>
</value>
</poslog>
