<?xml:stylesheet href="poslog.xsl" type="text/xsl"?>
<poslog serialno="917921" trafo="#KR2210_2 S C2 FLR ZH210" date="11-27-2019" time="10:36:59" tick="4211650206" timestamp="7291694" trigger="ENABLING SWITCH">
<value>
<planned>
<robot_axis a1="90.068626" a2="-13.097487" a3="52.242229" a4="-177.949158" a5="-51.461403" a6="-173.909592" />
<external_axis />
</planned>
<actual>
<robot_axis a1="90.068726" a2="-13.041616" a3="52.208576" a4="-177.946777" a5="-51.439175" a6="-173.912384" />
<external_axis />
</actual>
<ipo_cycle>4294965068</ipo_cycle>
</value>
<value>
<planned>
<robot_axis a1="90.068626" a2="-13.600417" a3="52.547974" a4="-177.954773" a5="-51.658581" a6="-173.900635" />
<external_axis />
</planned>
<actual>
<robot_axis a1="90.068726" a2="-13.545391" a3="52.515156" a4="-177.953369" a5="-51.635803" a6="-173.902939" />
<external_axis />
</actual>
<ipo_cycle>4294965093</ipo_cycle>
</value>
<value>
<planned>
<robot_axis a1="90.068626" a2="-14.119592" a3="52.854923" a4="-177.960815" a5="-51.870644" a6="-173.891083" />
<external_axis />
</planned>
<actual>
<robot_axis a1="90.068726" a2="-14.064754" a3="52.822945" a4="-177.959305" a5="-51.846535" a6="-173.893204" />
<external_axis />
</actual>
<ipo_cycle>4294965119</ipo_cycle>
</value>
<value>
<planned>
<robot_axis a1="90.068626" a2="-14.634634" a3="53.150906" a4="-177.966858" a5="-52.089596" a6="-173.881119" />
<external_axis />
</planned>
<actual>
<robot_axis a1="90.068527" a2="-14.580266" a3="53.119671" a4="-177.965347" a5="-52.065708" a6="-173.883240" />
<external_axis />
</actual>
<ipo_cycle>4294965145</ipo_cycle>
</value>
<value>
<planned>
<robot_axis a1="90.068626" a2="-15.145639" a3="53.435921" a4="-177.973114" a5="-52.315434" a6="-173.871078" />
<external_axis />
</planned>
<actual>
<robot_axis a1="90.068527" a2="-15.090896" a3="53.405987" a4="-177.971710" a5="-52.291100" a6="-173.873047" />
<external_axis />
</actual>
<ipo_cycle>4294965171</ipo_cycle>
</value>
<value>
<planned>
<robot_axis a1="90.068626" a2="-15.652700" a3="53.710243" a4="-177.979370" a5="-52.548046" a6="-173.860657" />
<external_axis />
</planned>
<actual>
<robot_axis a1="90.068428" a2="-15.597487" a3="53.681332" a4="-177.978180" a5="-52.522495" a6="-173.863251" />
<external_axis />
</actual>
<ipo_cycle>4294965197</ipo_cycle>
</value>
<value>
<planned>
<robot_axis a1="90.068626" a2="-16.155819" a3="53.973877" a4="-177.985840" a5="-52.787327" a6="-173.849976" />
<external_axis />
</planned>
<actual>
<robot_axis a1="90.068626" a2="-16.101543" a3="53.945709" a4="-177.984650" a5="-52.761105" a6="-173.852905" />
<external_axis />
</actual>
<ipo_cycle>4294965223</ipo_cycle>
</value>
<value>
<planned>
<robot_axis a1="90.068626" a2="-16.654991" a3="54.226910" a4="-177.992325" a5="-53.033268" a6="-173.839233" />
<external_axis />
</planned>
<actual>
<robot_axis a1="90.068527" a2="-16.601749" a3="54.199768" a4="-177.991348" a5="-53.005939" a6="-173.841980" />
<external_axis />
</actual>
<ipo_cycle>4294965249</ipo_cycle>
</value>
<value>
<planned>
<robot_axis a1="90.068626" a2="-17.169189" a3="54.478645" a4="-177.999222" a5="-53.295540" a6="-173.827728" />
<external_axis />
</planned>
<actual>
<robot_axis a1="90.068527" a2="-17.115948" a3="54.452339" a4="-177.998032" a5="-53.267544" a6="-173.830627" />
<external_axis />
</actual>
<ipo_cycle>4294965276</ipo_cycle>
</value>
<value>
<planned>
<robot_axis a1="90.068626" a2="-17.679068" a3="54.719223" a4="-178.006134" a5="-53.564812" a6="-173.815994" />
<external_axis />
</planned>
<actual>
<robot_axis a1="90.068527" a2="-17.625826" a3="54.693939" a4="-178.004944" a5="-53.535816" a6="-173.818375" />
<external_axis />
</actual>
<ipo_cycle>4294965303</ipo_cycle>
</value>
<value>
<planned>
<robot_axis a1="90.068626" a2="-18.184814" a3="54.948647" a4="-178.013260" a5="-53.840858" a6="-173.804184" />
<external_axis />
</planned>
<actual>
<robot_axis a1="90.068527" a2="-18.132324" a3="54.925220" a4="-178.011749" a5="-53.811081" a6="-173.806061" />
<external_axis />
</actual>
<ipo_cycle>4294965330</ipo_cycle>
</value>
<value>
<planned>
<robot_axis a1="90.068626" a2="-18.686337" a3="55.167103" a4="-178.020370" a5="-54.123791" a6="-173.791977" />
<external_axis />
</planned>
<actual>
<robot_axis a1="90.068527" a2="-18.633940" a3="55.144047" a4="-178.018646" a5="-54.094570" a6="-173.793854" />
<external_axis />
</actual>
<ipo_cycle>4294965357</ipo_cycle>
</value>
<value>
<planned>
<robot_axis a1="90.068626" a2="-19.202036" a3="55.382118" a4="-178.027817" a5="-54.424274" a6="-173.779343" />
<external_axis />
</planned>
<actual>
<robot_axis a1="90.068527" a2="-19.149828" a3="55.360458" a4="-178.026093" a5="-54.394054" a6="-173.781876" />
<external_axis />
</actual>
<ipo_cycle>4294965385</ipo_cycle>
</value>
<value>
<planned>
<robot_axis a1="90.068626" a2="-19.713228" a3="55.585419" a4="-178.035370" a5="-54.731976" a6="-173.766312" />
<external_axis />
</planned>
<actual>
<robot_axis a1="90.068527" a2="-19.661865" a3="55.565060" a4="-178.033432" a5="-54.700424" a6="-173.769150" />
<external_axis />
</actual>
<ipo_cycle>4294965413</ipo_cycle>
</value>
<value>
<planned>
<robot_axis a1="90.068626" a2="-20.219820" a3="55.777195" a4="-178.042923" a5="-55.046566" a6="-173.753052" />
<external_axis />
</planned>
<actual>
<robot_axis a1="90.068527" a2="-20.169209" a3="55.757950" a4="-178.041306" a5="-55.015682" a6="-173.755585" />
<external_axis />
</actual>
<ipo_cycle>4294965441</ipo_cycle>
</value>
<value>
<planned>
<robot_axis a1="90.068626" a2="-20.721905" a3="55.957443" a4="-178.050476" a5="-55.368267" a6="-173.739731" />
<external_axis />
</planned>
<actual>
<robot_axis a1="90.068527" a2="-20.671856" a3="55.939407" a4="-178.049194" a5="-55.335049" a6="-173.742218" />
<external_axis />
</actual>
<ipo_cycle>4294965469</ipo_cycle>
</value>
<value>
<planned>
<robot_axis a1="90.068626" a2="-21.222300" a3="56.127186" a4="-178.058258" a5="-55.698738" a6="-173.726196" />
<external_axis />
</planned>
<actual>
<robot_axis a1="90.068527" a2="-21.180983" a3="56.122540" a4="-178.057388" a5="-55.673855" a6="-173.727814" />
<external_axis />
</actual>
<ipo_cycle>4294965498</ipo_cycle>
</value>
<value>
<planned>
<robot_axis a1="90.030304" a2="-21.735558" a3="56.328720" a4="-178.066452" a5="-56.006226" a6="-173.213120" />
<external_axis />
</planned>
<actual>
<robot_axis a1="90.037628" a2="-21.621752" a3="56.278244" a4="-178.064728" a5="-55.938686" a6="-173.335327" />
<external_axis />
</actual>
<ipo_cycle>4294966635</ipo_cycle>
</value>
<value>
<planned>
<robot_axis a1="89.988960" a2="-22.281776" a3="56.545410" a4="-178.074539" a5="-56.331478" a6="-172.657181" />
<external_axis />
</planned>
<actual>
<robot_axis a1="90.000298" a2="-22.116512" a3="56.476433" a4="-178.072815" a5="-56.230953" a6="-172.833862" />
<external_axis />
</actual>
<ipo_cycle>4294966645</ipo_cycle>
</value>
<value>
<planned>
<robot_axis a1="89.951637" a2="-22.775972" a3="56.741463" a4="-178.081879" a5="-56.625744" a6="-172.154251" />
<external_axis />
</planned>
<actual>
<robot_axis a1="89.963982" a2="-22.601131" a3="56.674065" a4="-178.080154" a5="-56.521107" a6="-172.336456" />
<external_axis />
</actual>
<ipo_cycle>4294966653</ipo_cycle>
</value>
<value>
<planned>
<robot_axis a1="89.914215" a2="-23.270733" a3="56.937790" a4="-178.089218" a5="-56.920452" a6="-171.650833" />
<external_axis />
</planned>
<actual>
<robot_axis a1="89.926758" a2="-23.096266" a3="56.870209" a4="-178.086411" a5="-56.816254" a6="-171.829926" />
<external_axis />
</actual>
<ipo_cycle>4294966661</ipo_cycle>
</value>
<value>
<planned>
<robot_axis a1="89.876793" a2="-23.765493" a3="57.134121" a4="-178.096558" a5="-57.215046" a6="-171.147263" />
<external_axis />
</planned>
<actual>
<robot_axis a1="89.889130" a2="-23.591684" a3="57.066261" a4="-178.093323" a5="-57.110847" a6="-171.325027" />
<external_axis />
</actual>
<ipo_cycle>4294966669</ipo_cycle>
</value>
<value>
<planned>
<robot_axis a1="89.839371" a2="-24.260254" a3="57.330452" a4="-178.104004" a5="-57.509644" a6="-170.643845" />
<external_axis />
</planned>
<actual>
<robot_axis a1="89.851707" a2="-24.086914" a3="57.262314" a4="-178.100235" a5="-57.405773" a6="-170.821289" />
<external_axis />
</actual>
<ipo_cycle>4294966677</ipo_cycle>
</value>
<value>
<planned>
<robot_axis a1="89.801949" a2="-24.755014" a3="57.526688" a4="-178.111343" a5="-57.804352" a6="-170.140274" />
<external_axis />
</planned>
<actual>
<robot_axis a1="89.814484" a2="-24.581581" a3="57.458271" a4="-178.106598" a5="-57.701031" a6="-170.316727" />
<external_axis />
</actual>
<ipo_cycle>4294966685</ipo_cycle>
</value>
<value>
<planned>
<robot_axis a1="89.764618" a2="-25.249775" a3="57.723019" a4="-178.118683" a5="-58.098946" a6="-169.636856" />
<external_axis />
</planned>
<actual>
<robot_axis a1="89.777260" a2="-25.075777" a3="57.654694" a4="-178.114258" a5="-57.995407" a6="-169.813309" />
<external_axis />
</actual>
<ipo_cycle>4294966693</ipo_cycle>
</value>
<value>
<planned>
<robot_axis a1="89.727196" a2="-25.744535" a3="57.919350" a4="-178.126022" a5="-58.393543" a6="-169.133286" />
<external_axis />
</planned>
<actual>
<robot_axis a1="89.739937" a2="-25.570444" a3="57.850933" a4="-178.121704" a5="-58.290005" a6="-169.309570" />
<external_axis />
</actual>
<ipo_cycle>4294966701</ipo_cycle>
</value>
<value>
<planned>
<robot_axis a1="89.689774" a2="-26.239389" a3="58.115681" a4="-178.133362" a5="-58.688141" a6="-168.629868" />
<external_axis />
</planned>
<actual>
<robot_axis a1="89.702415" a2="-26.064735" a3="58.047169" a4="-178.129898" a5="-58.585159" a6="-168.806824" />
<external_axis />
</actual>
<ipo_cycle>4294966709</ipo_cycle>
</value>
<value>
<planned>
<robot_axis a1="89.652351" a2="-26.734150" a3="58.312008" a4="-178.140701" a5="-58.982845" a6="-168.126282" />
<external_axis />
</planned>
<actual>
<robot_axis a1="89.665497" a2="-26.560717" a3="58.243221" a4="-178.137894" a5="-58.878872" a6="-168.302750" />
<external_axis />
</actual>
<ipo_cycle>4294966717</ipo_cycle>
</value>
<value>
<planned>
<robot_axis a1="89.614929" a2="-27.228910" a3="58.508247" a4="-178.148026" a5="-59.277443" a6="-167.622879" />
<external_axis />
</planned>
<actual>
<robot_axis a1="89.627968" a2="-27.054819" a3="58.439548" a4="-178.146088" a5="-59.174026" a6="-167.799530" />
<external_axis />
</actual>
<ipo_cycle>4294966725</ipo_cycle>
</value>
<value>
<planned>
<robot_axis a1="89.577499" a2="-27.723671" a3="58.704578" a4="-178.155472" a5="-59.572041" a6="-167.119293" />
<external_axis />
</planned>
<actual>
<robot_axis a1="89.590645" a2="-27.550049" a3="58.635788" a4="-178.153214" a5="-59.468620" a6="-167.295776" />
<external_axis />
</actual>
<ipo_cycle>4294966733</ipo_cycle>
</value>
<value>
<planned>
<robot_axis a1="89.540176" a2="-28.218431" a3="58.900906" a4="-178.162811" a5="-59.866634" a6="-166.615891" />
<external_axis />
</planned>
<actual>
<robot_axis a1="89.553322" a2="-28.044809" a3="58.831745" a4="-178.159470" a5="-59.762768" a6="-166.792191" />
<external_axis />
</actual>
<ipo_cycle>4294966741</ipo_cycle>
</value>
<value>
<planned>
<robot_axis a1="89.502754" a2="-28.713192" a3="59.097237" a4="-178.170151" a5="-60.161343" a6="-166.112305" />
<external_axis />
</planned>
<actual>
<robot_axis a1="89.515999" a2="-28.539476" a3="59.028168" a4="-178.166489" a5="-60.057808" a6="-166.288940" />
<external_axis />
</actual>
<ipo_cycle>4294966749</ipo_cycle>
</value>
<value>
<planned>
<robot_axis a1="89.465332" a2="-29.207951" a3="59.293568" a4="-178.177490" a5="-60.455940" a6="-165.608902" />
<external_axis />
</planned>
<actual>
<robot_axis a1="89.478577" a2="-29.033955" a3="59.224033" a4="-178.172852" a5="-60.352730" a6="-165.785019" />
<external_axis />
</actual>
<ipo_cycle>4294966757</ipo_cycle>
</value>
<value>
<planned>
<robot_axis a1="89.427910" a2="-29.702711" a3="59.489803" a4="-178.184830" a5="-60.750534" a6="-165.105316" />
<external_axis />
</planned>
<actual>
<robot_axis a1="89.440849" a2="-29.528057" a3="59.421295" a4="-178.179871" a5="-60.646992" a6="-165.282104" />
<external_axis />
</actual>
<ipo_cycle>4294966765</ipo_cycle>
</value>
<value>
<planned>
<robot_axis a1="89.390488" a2="-30.197472" a3="59.686134" a4="-178.192169" a5="-61.045242" a6="-164.601913" />
<external_axis />
</planned>
<actual>
<robot_axis a1="89.403625" a2="-30.023945" a3="59.616879" a4="-178.186981" a5="-60.942032" a6="-164.778030" />
<external_axis />
</actual>
<ipo_cycle>4294966773</ipo_cycle>
</value>
<value>
<planned>
<robot_axis a1="89.353058" a2="-30.692232" a3="59.882465" a4="-178.199615" a5="-61.339840" a6="-164.098328" />
<external_axis />
</planned>
<actual>
<robot_axis a1="89.366203" a2="-30.517672" a3="59.814510" a4="-178.195084" a5="-61.236855" a6="-164.275116" />
<external_axis />
</actual>
<ipo_cycle>4294966781</ipo_cycle>
</value>
<value>
<planned>
<robot_axis a1="89.315636" a2="-31.187086" a3="60.078796" a4="-178.206955" a5="-61.634438" a6="-163.594910" />
<external_axis />
</planned>
<actual>
<robot_axis a1="89.328781" a2="-31.013746" a3="60.009727" a4="-178.203278" a5="-61.530567" a6="-163.771042" />
<external_axis />
</actual>
<ipo_cycle>4294966789</ipo_cycle>
</value>
<value>
<planned>
<robot_axis a1="89.278313" a2="-31.681847" a3="60.275124" a4="-178.214294" a5="-61.929031" a6="-163.091339" />
<external_axis />
</planned>
<actual>
<robot_axis a1="89.291458" a2="-31.507944" a3="60.206894" a4="-178.211914" a5="-61.825836" a6="-163.268143" />
<external_axis />
</actual>
<ipo_cycle>4294966797</ipo_cycle>
</value>
<value>
<planned>
<robot_axis a1="89.240891" a2="-32.176609" a3="60.471363" a4="-178.221619" a5="-62.223740" a6="-162.587921" />
<external_axis />
</planned>
<actual>
<robot_axis a1="89.254135" a2="-32.002705" a3="60.402294" a4="-178.219681" a5="-62.120323" a6="-162.763916" />
<external_axis />
</actual>
<ipo_cycle>4294966805</ipo_cycle>
</value>
<value>
<planned>
<robot_axis a1="89.203468" a2="-32.671368" a3="60.667694" a4="-178.228958" a5="-62.518337" a6="-162.084351" />
<external_axis />
</planned>
<actual>
<robot_axis a1="89.216713" a2="-32.497089" a3="60.599182" a4="-178.226700" a5="-62.414474" a6="-162.261154" />
<external_axis />
</actual>
<ipo_cycle>4294966813</ipo_cycle>
</value>
<value>
<planned>
<robot_axis a1="89.166046" a2="-33.166130" a3="60.864021" a4="-178.236298" a5="-62.812931" a6="-161.580933" />
<external_axis />
</planned>
<actual>
<robot_axis a1="89.179390" a2="-32.991756" a3="60.795235" a4="-178.233276" a5="-62.709400" a6="-161.757248" />
<external_axis />
</actual>
<ipo_cycle>4294966821</ipo_cycle>
</value>
<value>
<planned>
<robot_axis a1="89.128616" a2="-33.660889" a3="61.060352" a4="-178.243744" a5="-63.107639" a6="-161.077362" />
<external_axis />
</planned>
<actual>
<robot_axis a1="89.141861" a2="-33.487362" a3="60.991470" a4="-178.239975" a5="-63.003769" a6="-161.253983" />
<external_axis />
</actual>
<ipo_cycle>4294966829</ipo_cycle>
</value>
<value>
<planned>
<robot_axis a1="89.091194" a2="-34.155647" a3="61.256592" a4="-178.251083" a5="-63.402237" a6="-160.573944" />
<external_axis />
</planned>
<actual>
<robot_axis a1="89.104637" a2="-33.980900" a3="61.187801" a4="-178.246658" a5="-63.298920" a6="-160.750412" />
<external_axis />
</actual>
<ipo_cycle>4294966837</ipo_cycle>
</value>
<value>
<planned>
<robot_axis a1="89.053871" a2="-34.650410" a3="61.452919" a4="-178.258423" a5="-63.696831" a6="-160.070374" />
<external_axis />
</planned>
<actual>
<robot_axis a1="89.067116" a2="-34.477352" a3="61.384037" a4="-178.253571" a5="-63.593288" a6="-160.246979" />
<external_axis />
</actual>
<ipo_cycle>4294966845</ipo_cycle>
</value>
<value>
<planned>
<robot_axis a1="89.016449" a2="-35.145168" a3="61.649250" a4="-178.265762" a5="-63.991428" a6="-159.566788" />
<external_axis />
</planned>
<actual>
<robot_axis a1="89.029594" a2="-34.971268" a3="61.580368" a4="-178.261337" a5="-63.888000" a6="-159.743576" />
<external_axis />
</actual>
<ipo_cycle>4294966853</ipo_cycle>
</value>
<value>
<planned>
<robot_axis a1="88.979027" a2="-35.639931" a3="61.845581" a4="-178.273102" a5="-64.286133" a6="-159.063385" />
<external_axis />
</planned>
<actual>
<robot_axis a1="88.992165" a2="-35.466026" a3="61.777256" a4="-178.268677" a5="-64.182594" a6="-159.239502" />
<external_axis />
</actual>
<ipo_cycle>4294966861</ipo_cycle>
</value>
<value>
<planned>
<robot_axis a1="88.941597" a2="-36.134689" a3="62.041912" a4="-178.280441" a5="-64.580734" a6="-158.559799" />
<external_axis />
</planned>
<actual>
<robot_axis a1="88.954842" a2="-35.960598" a3="61.973122" a4="-178.276550" a5="-64.476974" a6="-158.736588" />
<external_axis />
</actual>
<ipo_cycle>4294966869</ipo_cycle>
</value>
<value>
<planned>
<robot_axis a1="88.904175" a2="-36.629543" a3="62.238148" a4="-178.287888" a5="-64.875328" a6="-158.056396" />
<external_axis />
</planned>
<actual>
<robot_axis a1="88.917320" a2="-36.454704" a3="62.170010" a4="-178.284973" a5="-64.771355" a6="-158.233017" />
<external_axis />
</actual>
<ipo_cycle>4294966877</ipo_cycle>
</value>
<value>
<planned>
<robot_axis a1="88.866753" a2="-37.124306" a3="62.434479" a4="-178.295227" a5="-65.170036" a6="-157.552811" />
<external_axis />
</planned>
<actual>
<robot_axis a1="88.879898" a2="-36.950871" a3="62.365501" a4="-178.293167" a5="-65.066284" a6="-157.729950" />
<external_axis />
</actual>
<ipo_cycle>4294966885</ipo_cycle>
</value>
<value>
<planned>
<robot_axis a1="88.829330" a2="-37.619064" a3="62.630810" a4="-178.302551" a5="-65.464630" a6="-157.049408" />
<external_axis />
</planned>
<actual>
<robot_axis a1="88.842575" a2="-37.444504" a3="62.562298" a4="-178.300293" a5="-65.360992" a6="-157.225723" />
<external_axis />
</actual>
<ipo_cycle>4294966893</ipo_cycle>
</value>
<value>
<planned>
<robot_axis a1="88.792007" a2="-38.113827" a3="62.827137" a4="-178.309891" a5="-65.759232" a6="-156.545822" />
<external_axis />
</planned>
<actual>
<robot_axis a1="88.805252" a2="-37.940769" a3="62.757977" a4="-178.306870" a5="-65.655144" a6="-156.722610" />
<external_axis />
</actual>
<ipo_cycle>4294966901</ipo_cycle>
</value>
<value>
<planned>
<robot_axis a1="88.754585" a2="-38.608585" a3="63.023468" a4="-178.317230" a5="-66.053825" a6="-156.042404" />
<external_axis />
</planned>
<actual>
<robot_axis a1="88.767929" a2="-38.434589" a3="62.954494" a4="-178.313126" a5="-65.950508" a6="-156.218552" />
<external_axis />
</actual>
<ipo_cycle>4294966909</ipo_cycle>
</value>
<value>
<planned>
<robot_axis a1="88.717155" a2="-39.103348" a3="63.219707" a4="-178.324570" a5="-66.348534" a6="-155.538834" />
<external_axis />
</planned>
<actual>
<robot_axis a1="88.730606" a2="-38.929630" a3="63.150822" a4="-178.319504" a5="-66.244987" a6="-155.715775" />
<external_axis />
</actual>
<ipo_cycle>4294966917</ipo_cycle>
</value>
<value>
<planned>
<robot_axis a1="88.679733" a2="-39.598106" a3="63.416035" a4="-178.332016" a5="-66.643127" a6="-155.035416" />
<external_axis />
</planned>
<actual>
<robot_axis a1="88.693176" a2="-39.423923" a3="63.346966" a4="-178.326950" a5="-66.539589" a6="-155.211548" />
<external_axis />
</actual>
<ipo_cycle>4294966925</ipo_cycle>
</value>
<value>
<planned>
<robot_axis a1="88.642311" a2="-40.092869" a3="63.612366" a4="-178.339355" a5="-66.937729" a6="-154.531845" />
<external_axis />
</planned>
<actual>
<robot_axis a1="88.655655" a2="-39.918118" a3="63.543575" a4="-178.334167" a5="-66.834404" a6="-154.708618" />
<external_axis />
</actual>
<ipo_cycle>4294966933</ipo_cycle>
</value>
<value>
<planned>
<robot_axis a1="88.604889" a2="-40.587627" a3="63.808697" a4="-178.346695" a5="-67.232323" a6="-154.028427" />
<external_axis />
</planned>
<actual>
<robot_axis a1="88.618027" a2="-40.414192" a3="63.739441" a4="-178.342056" a5="-67.129005" a6="-154.204727" />
<external_axis />
</actual>
<ipo_cycle>4294966941</ipo_cycle>
</value>
<value>
<planned>
<robot_axis a1="88.567467" a2="-41.082390" a3="64.004936" a4="-178.354034" a5="-67.527031" a6="-153.524857" />
<external_axis />
</planned>
<actual>
<robot_axis a1="88.580605" a2="-40.908108" a3="63.936886" a4="-178.350357" a5="-67.423157" a6="-153.701813" />
<external_axis />
</actual>
<ipo_cycle>4294966949</ipo_cycle>
</value>
<value>
<planned>
<robot_axis a1="88.530136" a2="-41.577244" a3="64.201263" a4="-178.361374" a5="-67.821625" a6="-153.021439" />
<external_axis />
</planned>
<actual>
<robot_axis a1="88.543381" a2="-41.403809" a3="64.132477" a4="-178.359100" a5="-67.717766" a6="-153.197586" />
<external_axis />
</actual>
<ipo_cycle>4294966957</ipo_cycle>
</value>
<value>
<planned>
<robot_axis a1="88.492714" a2="-42.072002" a3="64.397591" a4="-178.368713" a5="-68.116219" a6="-152.517868" />
<external_axis />
</planned>
<actual>
<robot_axis a1="88.505859" a2="-41.898098" a3="64.329178" a4="-178.366760" a5="-68.012695" a6="-152.694519" />
<external_axis />
</actual>
<ipo_cycle>4294966965</ipo_cycle>
</value>
<value>
<planned>
<robot_axis a1="88.455292" a2="-42.566765" a3="64.593925" a4="-178.376144" a5="-68.410927" a6="-152.014450" />
<external_axis />
</planned>
<actual>
<robot_axis a1="88.468338" a2="-42.393047" a3="64.525040" a4="-178.373779" a5="-68.307068" a6="-152.191254" />
<external_axis />
</actual>
<ipo_cycle>4294966973</ipo_cycle>
</value>
<value>
<planned>
<robot_axis a1="88.417870" a2="-43.061523" a3="64.790253" a4="-178.383484" a5="-68.705528" a6="-151.510880" />
<external_axis />
</planned>
<actual>
<robot_axis a1="88.431313" a2="-42.887150" a3="64.721375" a4="-178.380142" a5="-68.601883" a6="-151.687668" />
<external_axis />
</actual>
<ipo_cycle>4294966981</ipo_cycle>
</value>
<value>
<planned>
<robot_axis a1="88.380447" a2="-43.556282" a3="64.986488" a4="-178.390823" a5="-69.000122" a6="-151.007462" />
<external_axis />
</planned>
<actual>
<robot_axis a1="88.393692" a2="-43.381912" a3="64.917419" a4="-178.386612" a5="-68.896362" a6="-151.183762" />
<external_axis />
</actual>
<ipo_cycle>4294966989</ipo_cycle>
</value>
<value>
<planned>
<robot_axis a1="88.343018" a2="-44.051044" a3="65.182823" a4="-178.398163" a5="-69.294716" a6="-150.503891" />
<external_axis />
</planned>
<actual>
<robot_axis a1="88.356468" a2="-43.877422" a3="65.113754" a4="-178.393524" a5="-69.191292" a6="-150.680511" />
<external_axis />
</actual>
<ipo_cycle>4294966997</ipo_cycle>
</value>
<value>
<planned>
<robot_axis a1="88.305695" a2="-44.545803" a3="65.379150" a4="-178.405502" a5="-69.589424" a6="-150.000473" />
<external_axis />
</planned>
<actual>
<robot_axis a1="88.318939" a2="-44.371620" a3="65.310173" a4="-178.400864" a5="-69.485664" a6="-150.177414" />
<external_axis />
</actual>
<ipo_cycle>4294967005</ipo_cycle>
</value>
<value>
<planned>
<robot_axis a1="88.268272" a2="-45.040565" a3="65.575485" a4="-178.412842" a5="-69.884026" a6="-149.496902" />
<external_axis />
</planned>
<actual>
<robot_axis a1="88.281921" a2="-44.866943" a3="65.506599" a4="-178.408310" a5="-69.779816" a6="-149.673340" />
<external_axis />
</actual>
<ipo_cycle>4294967013</ipo_cycle>
</value>
<value>
<planned>
<robot_axis a1="88.230850" a2="-45.535324" a3="65.771812" a4="-178.420288" a5="-70.178619" a6="-148.993484" />
<external_axis />
</planned>
<actual>
<robot_axis a1="88.244194" a2="-45.361610" a3="65.702744" a4="-178.415543" a5="-70.074631" a6="-149.169937" />
<external_axis />
</actual>
<ipo_cycle>4294967021</ipo_cycle>
</value>
<value>
<planned>
<robot_axis a1="88.193428" a2="-46.030087" a3="65.968048" a4="-178.427628" a5="-70.473328" a6="-148.489914" />
<external_axis />
</planned>
<actual>
<robot_axis a1="88.206772" a2="-45.856182" a3="65.899628" a4="-178.423416" a5="-70.369675" a6="-148.666031" />
<external_axis />
</actual>
<ipo_cycle>4294967029</ipo_cycle>
</value>
<value>
<planned>
<robot_axis a1="88.156006" a2="-46.524845" a3="66.164383" a4="-178.434967" a5="-70.767921" a6="-147.986328" />
<external_axis />
</planned>
<actual>
<robot_axis a1="88.169243" a2="-46.350567" a3="66.095497" a4="-178.431732" a5="-70.663834" a6="-148.163452" />
<external_axis />
</actual>
<ipo_cycle>4294967037</ipo_cycle>
</value>
<value>
<planned>
<robot_axis a1="88.118576" a2="-47.019699" a3="66.360710" a4="-178.442307" a5="-71.062515" a6="-147.482910" />
<external_axis />
</planned>
<actual>
<robot_axis a1="88.132027" a2="-46.844952" a3="66.292290" a4="-178.439926" a5="-70.959213" a6="-147.659241" />
<external_axis />
</actual>
<ipo_cycle>4294967045</ipo_cycle>
</value>
<value>
<planned>
<robot_axis a1="88.081154" a2="-47.514462" a3="66.557037" a4="-178.449631" a5="-71.357117" a6="-146.979340" />
<external_axis />
</planned>
<actual>
<robot_axis a1="88.094200" a2="-47.340839" a3="66.487694" a4="-178.447159" a5="-71.254143" a6="-147.156311" />
<external_axis />
</actual>
<ipo_cycle>4294967053</ipo_cycle>
</value>
<value>
<planned>
<robot_axis a1="88.043831" a2="-48.009220" a3="66.753281" a4="-178.456970" a5="-71.651825" a6="-146.475922" />
<external_axis />
</planned>
<actual>
<robot_axis a1="88.057175" a2="-47.834846" a3="66.685135" a4="-178.453735" a5="-71.548065" a6="-146.652390" />
<external_axis />
</actual>
<ipo_cycle>4294967061</ipo_cycle>
</value>
<value>
<planned>
<robot_axis a1="88.006409" a2="-48.503983" a3="66.949608" a4="-178.464417" a5="-71.946419" a6="-145.972351" />
<external_axis />
</planned>
<actual>
<robot_axis a1="88.019753" a2="-48.330452" a3="66.880630" a4="-178.459991" a5="-71.843102" a6="-146.149139" />
<external_axis />
</actual>
<ipo_cycle>4294967069</ipo_cycle>
</value>
<value>
<planned>
<robot_axis a1="87.968987" a2="-48.998741" a3="67.145935" a4="-178.471756" a5="-72.241013" a6="-145.468933" />
<external_axis />
</planned>
<actual>
<robot_axis a1="87.982430" a2="-48.824932" a3="67.077423" a4="-178.466690" a5="-72.137581" a6="-145.645386" />
<external_axis />
</actual>
<ipo_cycle>4294967077</ipo_cycle>
</value>
<value>
<planned>
<robot_axis a1="87.931557" a2="-49.493504" a3="67.342270" a4="-178.479095" a5="-72.535721" a6="-144.965363" />
<external_axis />
</planned>
<actual>
<robot_axis a1="87.944908" a2="-49.319599" a3="67.272827" a4="-178.474030" a5="-72.431847" a6="-145.142136" />
<external_axis />
</actual>
<ipo_cycle>4294967085</ipo_cycle>
</value>
<value>
<planned>
<robot_axis a1="87.894135" a2="-49.988262" a3="67.538597" a4="-178.486435" a5="-72.830322" a6="-144.461945" />
<external_axis />
</planned>
<actual>
<robot_axis a1="87.907578" a2="-49.813984" a3="67.469994" a4="-178.481140" a5="-72.726440" a6="-144.638885" />
<external_axis />
</actual>
<ipo_cycle>4294967093</ipo_cycle>
</value>
<value>
<planned>
<robot_axis a1="87.856712" a2="-50.483025" a3="67.734833" a4="-178.493774" a5="-73.124916" a6="-143.958374" />
<external_axis />
</planned>
<actual>
<robot_axis a1="87.870255" a2="-50.308464" a3="67.665855" a4="-178.489136" a5="-73.021263" a6="-144.134979" />
<external_axis />
</actual>
<ipo_cycle>4294967101</ipo_cycle>
</value>
<value>
<planned>
<robot_axis a1="87.819389" a2="-50.977783" a3="67.931168" a4="-178.501114" a5="-73.419510" a6="-143.454956" />
<external_axis />
</planned>
<actual>
<robot_axis a1="87.832733" a2="-50.803787" a3="67.862747" a4="-178.497330" a5="-73.315750" a6="-143.631744" />
<external_axis />
</actual>
<ipo_cycle>4294967109</ipo_cycle>
</value>
<value>
<planned>
<robot_axis a1="87.781967" a2="-51.472542" a3="68.127495" a4="-178.508560" a5="-73.714218" a6="-142.951385" />
<external_axis />
</planned>
<actual>
<robot_axis a1="87.795410" a2="-51.298546" a3="68.058708" a4="-178.505966" a5="-73.610580" a6="-143.127686" />
<external_axis />
</actual>
<ipo_cycle>4294967117</ipo_cycle>
</value>
<value>
<planned>
<robot_axis a1="87.744545" a2="-51.967304" a3="68.323822" a4="-178.515900" a5="-74.008812" a6="-142.447968" />
<external_axis />
</planned>
<actual>
<robot_axis a1="87.757782" a2="-51.793587" a3="68.255318" a4="-178.514282" a5="-73.905403" a6="-142.624619" />
<external_axis />
</actual>
<ipo_cycle>4294967125</ipo_cycle>
</value>
<value>
<planned>
<robot_axis a1="87.707115" a2="-52.462158" a3="68.520157" a4="-178.523239" a5="-74.303413" a6="-141.944397" />
<external_axis />
</planned>
<actual>
<robot_axis a1="87.720566" a2="-52.288349" a3="68.451180" a4="-178.520859" a5="-74.199661" a6="-142.120544" />
<external_axis />
</actual>
<ipo_cycle>4294967133</ipo_cycle>
</value>
<value>
<planned>
<robot_axis a1="87.669693" a2="-52.956917" a3="68.716393" a4="-178.530563" a5="-74.598122" a6="-141.440979" />
<external_axis />
</planned>
<actual>
<robot_axis a1="87.682838" a2="-52.782921" a3="68.647789" a4="-178.527115" a5="-74.494247" a6="-141.617767" />
<external_axis />
</actual>
<ipo_cycle>4294967141</ipo_cycle>
</value>
<value>
<planned>
<robot_axis a1="87.632271" a2="-53.451679" a3="68.912720" a4="-178.537903" a5="-74.892715" a6="-140.937408" />
<external_axis />
</planned>
<actual>
<robot_axis a1="87.645912" a2="-53.277588" a3="68.843933" a4="-178.533371" a5="-74.788727" a6="-141.113693" />
<external_axis />
</actual>
<ipo_cycle>4294967149</ipo_cycle>
</value>
<value>
<planned>
<robot_axis a1="87.594849" a2="-53.946438" a3="69.109055" a4="-178.545242" a5="-75.187309" a6="-140.433990" />
<external_axis />
</planned>
<actual>
<robot_axis a1="87.608192" a2="-53.771690" a3="69.040359" a4="-178.541031" a5="-75.083443" a6="-140.610611" />
<external_axis />
</actual>
<ipo_cycle>4294967157</ipo_cycle>
</value>
<value>
<planned>
<robot_axis a1="87.557526" a2="-54.441200" a3="69.305382" a4="-178.552689" a5="-75.481911" a6="-139.930405" />
<external_axis />
</planned>
<actual>
<robot_axis a1="87.571068" a2="-54.267673" a3="69.236221" a4="-178.548050" a5="-75.377808" a6="-140.106857" />
<external_axis />
</actual>
<ipo_cycle>4294967165</ipo_cycle>
</value>
<value>
<planned>
<robot_axis a1="87.520103" a2="-54.935959" a3="69.501617" a4="-178.560028" a5="-75.776619" a6="-139.427002" />
<external_axis />
</planned>
<actual>
<robot_axis a1="87.533646" a2="-54.762058" a3="69.432648" a4="-178.555710" a5="-75.672409" a6="-139.603775" />
<external_axis />
</actual>
<ipo_cycle>4294967173</ipo_cycle>
</value>
<value>
<planned>
<robot_axis a1="87.482674" a2="-55.430721" a3="69.697952" a4="-178.567368" a5="-76.071213" a6="-138.923416" />
<external_axis />
</planned>
<actual>
<robot_axis a1="87.496017" a2="-55.256912" a3="69.628883" a4="-178.562729" a5="-75.967560" a6="-139.099869" />
<external_axis />
</actual>
<ipo_cycle>4294967181</ipo_cycle>
</value>
<value>
<planned>
<robot_axis a1="87.445251" a2="-55.925480" a3="69.894279" a4="-178.574707" a5="-76.365807" a6="-138.420013" />
<external_axis />
</planned>
<actual>
<robot_axis a1="87.459000" a2="-55.751766" a3="69.825401" a4="-178.570709" a5="-76.262161" a6="-138.596802" />
<external_axis />
</actual>
<ipo_cycle>4294967189</ipo_cycle>
</value>
<value>
<planned>
<robot_axis a1="87.407829" a2="-56.420242" a3="70.090614" a4="-178.582047" a5="-76.660400" a6="-137.916428" />
<external_axis />
</planned>
<actual>
<robot_axis a1="87.421272" a2="-56.246525" a3="70.022102" a4="-178.578918" a5="-76.556534" a6="-138.092575" />
<external_axis />
</actual>
<ipo_cycle>4294967197</ipo_cycle>
</value>
<value>
<planned>
<robot_axis a1="87.370407" a2="-56.915001" a3="70.286942" a4="-178.589386" a5="-76.955109" a6="-137.413025" />
<external_axis />
</planned>
<actual>
<robot_axis a1="87.384048" a2="-56.740536" a3="70.218056" a4="-178.587433" a5="-76.851585" a6="-137.589996" />
<external_axis />
</actual>
<ipo_cycle>4294967205</ipo_cycle>
</value>
<value>
<planned>
<robot_axis a1="87.333084" a2="-57.409855" a3="70.483177" a4="-178.596832" a5="-77.249710" a6="-136.909439" />
<external_axis />
</planned>
<actual>
<robot_axis a1="87.346329" a2="-57.235107" a3="70.414574" a4="-178.594559" a5="-77.145737" a6="-137.086411" />
<external_axis />
</actual>
<ipo_cycle>4294967213</ipo_cycle>
</value>
<value>
<planned>
<robot_axis a1="87.295654" a2="-57.904617" a3="70.679512" a4="-178.604156" a5="-77.544304" a6="-136.406036" />
<external_axis />
</planned>
<actual>
<robot_axis a1="87.309402" a2="-57.730713" a3="70.610901" a4="-178.600174" a5="-77.440102" a6="-136.582321" />
<external_axis />
</actual>
<ipo_cycle>4294967221</ipo_cycle>
</value>
<value>
<planned>
<robot_axis a1="87.258232" a2="-58.399376" a3="70.875839" a4="-178.611496" a5="-77.839012" a6="-135.902451" />
<external_axis />
</planned>
<actual>
<robot_axis a1="87.271378" a2="-58.225567" a3="70.807419" a4="-178.607407" a5="-77.735138" a6="-136.078903" />
<external_axis />
</actual>
<ipo_cycle>4294967229</ipo_cycle>
</value>
<value>
<planned>
<robot_axis a1="87.220810" a2="-58.894138" a3="71.072166" a4="-178.618835" a5="-78.133606" a6="-135.398880" />
<external_axis />
</planned>
<actual>
<robot_axis a1="87.234352" a2="-58.720516" a3="71.003471" a4="-178.613983" a5="-78.029953" a6="-135.575165" />
<external_axis />
</actual>
<ipo_cycle>4294967237</ipo_cycle>
</value>
<value>
<planned>
<robot_axis a1="87.183388" a2="-59.388897" a3="71.268501" a4="-178.626175" a5="-78.428207" a6="-134.895462" />
<external_axis />
</planned>
<actual>
<robot_axis a1="87.196930" a2="-59.215183" a3="71.199799" a4="-178.621429" a5="-78.324326" a6="-135.072235" />
<external_axis />
</actual>
<ipo_cycle>4294967245</ipo_cycle>
</value>
<value>
<planned>
<robot_axis a1="87.145966" a2="-59.883659" a3="71.464737" a4="-178.633514" a5="-78.722801" a6="-134.391891" />
<external_axis />
</planned>
<actual>
<robot_axis a1="87.159309" a2="-59.709660" a3="71.395851" a4="-178.628342" a5="-78.619034" a6="-134.568329" />
<external_axis />
</actual>
<ipo_cycle>4294967253</ipo_cycle>
</value>
<value>
<planned>
<robot_axis a1="87.108536" a2="-60.378418" a3="71.661064" a4="-178.640961" a5="-79.017509" a6="-133.888474" />
<external_axis />
</planned>
<actual>
<robot_axis a1="87.122185" a2="-60.204514" a3="71.592278" a4="-178.636215" a5="-78.913857" a6="-134.065094" />
<external_axis />
</actual>
<ipo_cycle>4294967261</ipo_cycle>
</value>
<value>
<planned>
<robot_axis a1="87.071213" a2="-60.873177" a3="71.857399" a4="-178.648300" a5="-79.312103" a6="-133.384903" />
<external_axis />
</planned>
<actual>
<robot_axis a1="87.084457" a2="-60.698807" a3="71.788231" a4="-178.644623" a5="-79.208344" a6="-133.561523" />
<external_axis />
</actual>
<ipo_cycle>4294967269</ipo_cycle>
</value>
<value>
<planned>
<robot_axis a1="87.033791" a2="-61.367939" a3="72.053726" a4="-178.655640" a5="-79.606697" a6="-132.881485" />
<external_axis />
</planned>
<actual>
<robot_axis a1="87.047440" a2="-61.194221" a3="71.985031" a4="-178.652939" a5="-79.502838" a6="-133.058777" />
<external_axis />
</actual>
<ipo_cycle>4294967277</ipo_cycle>
</value>
<value>
<planned>
<robot_axis a1="86.996368" a2="-61.862698" a3="72.250053" a4="-178.662979" a5="-79.901405" a6="-132.377914" />
<external_axis />
</planned>
<actual>
<robot_axis a1="87.009613" a2="-61.688328" a3="72.180984" a4="-178.661362" a5="-79.797661" a6="-132.554230" />
<external_axis />
</actual>
<ipo_cycle>4294967285</ipo_cycle>
</value>
<value>
<planned>
<robot_axis a1="86.958946" a2="-62.357460" a3="72.446297" a4="-178.670319" a5="-80.196007" a6="-131.874496" />
<external_axis />
</planned>
<actual>
<robot_axis a1="86.972389" a2="-62.183464" a3="72.377876" a4="-178.667618" a5="-80.092247" a6="-132.051620" />
<external_axis />
</actual>
<ipo_cycle>4294967293</ipo_cycle>
</value>
</poslog>
