<?xml:stylesheet href="poslog.xsl" type="text/xsl"?>
<poslog serialno="917921" trafo="#KR2210_2 S C2 FLR ZH210" date="11-27-2019" time="12:35:00" tick="4215191820" timestamp="14374922" trigger="ENABLING SWITCH">
<syn_motion>
<program>COGER</program>
<line>36</line>
<name>XENTRADA_COG_1</name>
<base>
<pos x="910.360229" y="-201.184998" z="169.916595" a="-0.576900" b="-0.928200" c="-0.849200" /></base>
<tool>
<pos x="0.000000" y="-140.000000" z="549.000000" a="0.000000" b="0.000000" c="0.000000" /></tool>
<ipo_mode>base</ipo_mode>
<load>
<mass>220.000000</mass>
</load>
<bco_motion>true</bco_motion>
<interrupt>false</interrupt>
<ipo_cycle>4294966659</ipo_cycle>
</syn_motion>
<value>
<planned>
<robot_axis a1="112.676582" a2="-64.232651" a3="105.456718" a4="-180.604050" a5="-48.438484" a6="-68.784271" />
<external_axis />
</planned>
<actual>
<robot_axis a1="112.786751" a2="-64.203072" a3="105.438782" a4="-180.599731" a5="-48.406364" a6="-68.853645" />
<external_axis />
</actual>
<ipo_cycle>4294966688</ipo_cycle>
</value>
<value>
<planned>
<robot_axis a1="112.114723" a2="-64.405708" a3="105.501709" a4="-180.593475" a5="-48.572048" a6="-68.466896" />
<external_axis />
</planned>
<actual>
<robot_axis a1="112.282982" a2="-64.357628" a3="105.483681" a4="-180.594757" a5="-48.527851" a6="-68.569611" />
<external_axis />
</actual>
<ipo_cycle>4294966698</ipo_cycle>
</value>
<value>
<planned>
<robot_axis a1="111.608253" a2="-64.561577" a3="105.542336" a4="-180.584076" a5="-48.692513" a6="-68.180840" />
<external_axis />
</planned>
<actual>
<robot_axis a1="111.813126" a2="-64.500542" a3="105.523460" a4="-180.587540" a5="-48.640549" a6="-68.303963" />
<external_axis />
</actual>
<ipo_cycle>4294966705</ipo_cycle>
</value>
<value>
<planned>
<robot_axis a1="111.051208" a2="-64.733139" a3="105.586952" a4="-180.573608" a5="-48.824966" a6="-67.866066" />
<external_axis />
</planned>
<actual>
<robot_axis a1="111.276657" a2="-64.665436" a3="105.569107" a4="-180.578369" a5="-48.768570" a6="-67.999641" />
<external_axis />
</actual>
<ipo_cycle>4294966712</ipo_cycle>
</value>
<value>
<planned>
<robot_axis a1="110.484436" a2="-64.907700" a3="105.632416" a4="-180.563034" a5="-48.959755" a6="-67.545921" />
<external_axis />
</planned>
<actual>
<robot_axis a1="110.712891" a2="-64.839149" a3="105.614845" a4="-180.568008" a5="-48.905132" a6="-67.679192" />
<external_axis />
</actual>
<ipo_cycle>4294966719</ipo_cycle>
</value>
<value>
<planned>
<robot_axis a1="109.916656" a2="-65.082535" a3="105.677872" a4="-180.552460" a5="-49.094765" a6="-67.225288" />
<external_axis />
</planned>
<actual>
<robot_axis a1="110.144913" a2="-65.012955" a3="105.660019" a4="-180.555374" a5="-49.040688" a6="-67.356247" />
<external_axis />
</actual>
<ipo_cycle>4294966726</ipo_cycle>
</value>
<value>
<planned>
<robot_axis a1="109.348282" a2="-65.257568" a3="105.723419" a4="-180.541779" a5="-49.229992" a6="-66.904160" />
<external_axis />
</planned>
<actual>
<robot_axis a1="109.577133" a2="-65.188736" a3="105.705292" a4="-180.544693" a5="-49.175362" a6="-67.033638" />
<external_axis />
</actual>
<ipo_cycle>4294966733</ipo_cycle>
</value>
<value>
<planned>
<robot_axis a1="108.779198" a2="-65.432785" a3="105.769066" a4="-180.531204" a5="-49.365334" a6="-66.582870" />
<external_axis />
</planned>
<actual>
<robot_axis a1="109.007751" a2="-65.362267" a3="105.751495" a4="-180.535416" a5="-49.310486" a6="-66.711700" />
<external_axis />
</actual>
<ipo_cycle>4294966740</ipo_cycle>
</value>
<value>
<planned>
<robot_axis a1="108.209511" a2="-65.608192" a3="105.814705" a4="-180.520523" a5="-49.500786" a6="-66.261093" />
<external_axis />
</planned>
<actual>
<robot_axis a1="108.438271" a2="-65.538986" a3="105.796768" a4="-180.525589" a5="-49.446278" a6="-66.389282" />
<external_axis />
</actual>
<ipo_cycle>4294966747</ipo_cycle>
</value>
<value>
<planned>
<robot_axis a1="107.639130" a2="-65.783882" a3="105.860443" a4="-180.509842" a5="-49.636349" a6="-65.938820" />
<external_axis />
</planned>
<actual>
<robot_axis a1="107.868187" a2="-65.713081" a3="105.842224" a4="-180.515778" a5="-49.581844" a6="-66.067513" />
<external_axis />
</actual>
<ipo_cycle>4294966754</ipo_cycle>
</value>
<value>
<planned>
<robot_axis a1="107.068138" a2="-65.959663" a3="105.906181" a4="-180.499161" a5="-49.772137" a6="-65.616386" />
<external_axis />
</planned>
<actual>
<robot_axis a1="107.297501" a2="-65.889893" a3="105.888611" a4="-180.505203" a5="-49.717297" a6="-65.745407" />
<external_axis />
</actual>
<ipo_cycle>4294966761</ipo_cycle>
</value>
<value>
<planned>
<robot_axis a1="106.496445" a2="-66.135727" a3="105.952003" a4="-180.488480" a5="-49.908142" a6="-65.293472" />
<external_axis />
</planned>
<actual>
<robot_axis a1="106.726105" a2="-66.065018" a3="105.934067" a4="-180.493439" a5="-49.853966" a6="-65.423141" />
<external_axis />
</actual>
<ipo_cycle>4294966768</ipo_cycle>
</value>
<value>
<planned>
<robot_axis a1="105.924156" a2="-66.311974" a3="105.997833" a4="-180.477798" a5="-50.044262" a6="-64.970062" />
<external_axis />
</planned>
<actual>
<robot_axis a1="106.154015" a2="-66.241455" a3="105.979431" a4="-180.481247" a5="-49.988964" a6="-65.100029" />
<external_axis />
</actual>
<ipo_cycle>4294966775</ipo_cycle>
</value>
<value>
<planned>
<robot_axis a1="105.351158" a2="-66.488411" a3="106.043755" a4="-180.467102" a5="-50.180492" a6="-64.646484" />
<external_axis />
</planned>
<actual>
<robot_axis a1="105.581024" a2="-66.417892" a3="106.025536" a4="-180.471100" a5="-50.124752" a6="-64.776451" />
<external_axis />
</actual>
<ipo_cycle>4294966782</ipo_cycle>
</value>
<value>
<planned>
<robot_axis a1="104.777466" a2="-66.665131" a3="106.089775" a4="-180.456314" a5="-50.316940" a6="-64.322426" />
<external_axis />
</planned>
<actual>
<robot_axis a1="105.007828" a2="-66.594521" a3="106.071556" a4="-180.461060" a5="-50.262207" a6="-64.452415" />
<external_axis />
</actual>
<ipo_cycle>4294966789</ipo_cycle>
</value>
<value>
<planned>
<robot_axis a1="104.203064" a2="-66.841949" a3="106.135788" a4="-180.445633" a5="-50.453503" a6="-63.998035" />
<external_axis />
</planned>
<actual>
<robot_axis a1="104.433426" a2="-66.770866" a3="106.117378" a4="-180.450928" a5="-50.398552" a6="-64.128029" />
<external_axis />
</actual>
<ipo_cycle>4294966796</ipo_cycle>
</value>
<value>
<planned>
<robot_axis a1="103.627960" a2="-67.019043" a3="106.181892" a4="-180.434845" a5="-50.590290" a6="-63.673161" />
<external_axis />
</planned>
<actual>
<robot_axis a1="103.858925" a2="-66.947304" a3="106.163673" a4="-180.440567" a5="-50.534451" a6="-63.803307" />
<external_axis />
</actual>
<ipo_cycle>4294966803</ipo_cycle>
</value>
<value>
<planned>
<robot_axis a1="103.052162" a2="-67.196419" a3="106.228004" a4="-180.424164" a5="-50.727184" a6="-63.347958" />
<external_axis />
</planned>
<actual>
<robot_axis a1="103.283226" a2="-67.125809" a3="106.209969" a4="-180.430313" a5="-50.671349" a6="-63.478436" />
<external_axis />
</actual>
<ipo_cycle>4294966810</ipo_cycle>
</value>
<value>
<planned>
<robot_axis a1="102.475655" a2="-67.373894" a3="106.274200" a4="-180.413376" a5="-50.864304" a6="-63.022263" />
<external_axis />
</planned>
<actual>
<robot_axis a1="102.706619" a2="-67.301773" a3="106.256538" a4="-180.417908" a5="-50.808903" a6="-63.152733" />
<external_axis />
</actual>
<ipo_cycle>4294966817</ipo_cycle>
</value>
<value>
<planned>
<robot_axis a1="101.898445" a2="-67.551643" a3="106.320496" a4="-180.402573" a5="-51.001530" a6="-62.696243" />
<external_axis />
</planned>
<actual>
<robot_axis a1="102.129807" a2="-67.480377" a3="106.302094" a4="-180.405594" a5="-50.945789" a6="-62.826855" />
<external_axis />
</actual>
<ipo_cycle>4294966824</ipo_cycle>
</value>
<value>
<planned>
<robot_axis a1="101.320435" a2="-67.729584" a3="106.366791" a4="-180.391785" a5="-51.138981" a6="-62.369736" />
<external_axis />
</planned>
<actual>
<robot_axis a1="101.552002" a2="-67.657097" a3="106.348198" a4="-180.394913" a5="-51.082798" a6="-62.500179" />
<external_axis />
</actual>
<ipo_cycle>4294966831</ipo_cycle>
</value>
<value>
<planned>
<robot_axis a1="100.741821" a2="-67.907806" a3="106.413177" a4="-180.380890" a5="-51.276653" a6="-62.042900" />
<external_axis />
</planned>
<actual>
<robot_axis a1="100.973984" a2="-67.836823" a3="106.395332" a4="-180.385635" a5="-51.221367" a6="-62.174191" />
<external_axis />
</actual>
<ipo_cycle>4294966838</ipo_cycle>
</value>
<value>
<planned>
<robot_axis a1="100.162300" a2="-68.086220" a3="106.459564" a4="-180.370102" a5="-51.414440" a6="-61.715576" />
<external_axis />
</planned>
<actual>
<robot_axis a1="100.394974" a2="-68.014008" a3="106.441345" a4="-180.375824" a5="-51.357933" a6="-61.847191" />
<external_axis />
</actual>
<ipo_cycle>4294966845</ipo_cycle>
</value>
<value>
<planned>
<robot_axis a1="99.582184" a2="-68.264908" a3="106.506042" a4="-180.359314" a5="-51.552334" a6="-61.387924" />
<external_axis />
</planned>
<actual>
<robot_axis a1="99.815056" a2="-68.193832" a3="106.487358" a4="-180.365677" a5="-51.495052" a6="-61.519539" />
<external_axis />
</actual>
<ipo_cycle>4294966852</ipo_cycle>
</value>
<value>
<planned>
<robot_axis a1="99.001266" a2="-68.443794" a3="106.552620" a4="-180.348404" a5="-51.690449" a6="-61.059784" />
<external_axis />
</planned>
<actual>
<robot_axis a1="99.234535" a2="-68.371208" a3="106.534584" a4="-180.354889" a5="-51.635059" a6="-61.190929" />
<external_axis />
</actual>
<ipo_cycle>4294966859</ipo_cycle>
</value>
<value>
<planned>
<robot_axis a1="98.419640" a2="-68.622856" a3="106.599281" a4="-180.337509" a5="-51.828789" a6="-60.731155" />
<external_axis />
</planned>
<actual>
<robot_axis a1="98.652710" a2="-68.551025" a3="106.581711" a4="-180.341721" a5="-51.773052" a6="-60.862930" />
<external_axis />
</actual>
<ipo_cycle>4294966866</ipo_cycle>
</value>
<value>
<planned>
<robot_axis a1="97.837112" a2="-68.802299" a3="106.645950" a4="-180.326614" a5="-51.967350" a6="-60.402203" />
<external_axis />
</planned>
<actual>
<robot_axis a1="98.070885" a2="-68.730469" a3="106.628006" a4="-180.329956" a5="-51.910721" a6="-60.533627" />
<external_axis />
</actual>
<ipo_cycle>4294966873</ipo_cycle>
</value>
<value>
<planned>
<robot_axis a1="97.253990" a2="-68.981842" a3="106.692703" a4="-180.315704" a5="-52.106022" a6="-60.072758" />
<external_axis />
</planned>
<actual>
<robot_axis a1="97.487862" a2="-68.909164" a3="106.674583" a4="-180.319916" a5="-52.049953" a6="-60.204853" />
<external_axis />
</actual>
<ipo_cycle>4294966880</ipo_cycle>
</value>
<value>
<planned>
<robot_axis a1="96.753433" a2="-69.136024" a3="106.732773" a4="-180.306427" a5="-52.225044" a6="-59.790123" />
<external_axis />
</planned>
<actual>
<robot_axis a1="96.987602" a2="-69.064095" a3="106.714737" a4="-180.311172" a5="-52.169422" a6="-59.920918" />
<external_axis />
</actual>
<ipo_cycle>4294966886</ipo_cycle>
</value>
<value>
<planned>
<robot_axis a1="96.252373" a2="-69.290298" a3="106.772934" a4="-180.297043" a5="-52.344173" a6="-59.506996" />
<external_axis />
</planned>
<actual>
<robot_axis a1="96.486748" a2="-69.217247" a3="106.754616" a4="-180.302002" a5="-52.288330" a6="-59.639103" />
<external_axis />
</actual>
<ipo_cycle>4294966892</ipo_cycle>
</value>
<value>
<planned>
<robot_axis a1="95.750618" a2="-69.444771" a3="106.813179" a4="-180.287659" a5="-52.463528" a6="-59.223705" />
<external_axis />
</planned>
<actual>
<robot_axis a1="95.985489" a2="-69.372841" a3="106.794403" a4="-180.293594" a5="-52.406578" a6="-59.355316" />
<external_axis />
</actual>
<ipo_cycle>4294966898</ipo_cycle>
</value>
<value>
<planned>
<robot_axis a1="95.248352" a2="-69.599419" a3="106.853432" a4="-180.278259" a5="-52.582882" a6="-58.939926" />
<external_axis />
</planned>
<actual>
<robot_axis a1="95.483131" a2="-69.526459" a3="106.835304" a4="-180.284637" a5="-52.527378" a6="-59.072544" />
<external_axis />
</actual>
<ipo_cycle>4294966904</ipo_cycle>
</value>
<value>
<planned>
<robot_axis a1="94.745491" a2="-69.754265" a3="106.893684" a4="-180.268875" a5="-52.702568" a6="-58.655987" />
<external_axis />
</planned>
<actual>
<robot_axis a1="94.980568" a2="-69.681870" a3="106.875092" a4="-180.273956" a5="-52.646282" a6="-58.788582" />
<external_axis />
</actual>
<ipo_cycle>4294966910</ipo_cycle>
</value>
<value>
<planned>
<robot_axis a1="94.242027" a2="-69.909294" a3="106.934029" a4="-180.259491" a5="-52.822254" a6="-58.371555" />
<external_axis />
</planned>
<actual>
<robot_axis a1="94.477608" a2="-69.837273" a3="106.915718" a4="-180.262833" a5="-52.766068" a6="-58.504459" />
<external_axis />
</actual>
<ipo_cycle>4294966916</ipo_cycle>
</value>
<value>
<planned>
<robot_axis a1="93.737961" a2="-70.064507" a3="106.974464" a4="-180.250000" a5="-52.942051" a6="-58.086796" />
<external_axis />
</planned>
<actual>
<robot_axis a1="93.974342" a2="-69.991364" a3="106.956619" a4="-180.252914" a5="-52.885422" a6="-58.220509" />
<external_axis />
</actual>
<ipo_cycle>4294966922</ipo_cycle>
</value>
<value>
<planned>
<robot_axis a1="93.233292" a2="-70.219917" a3="107.014900" a4="-180.240601" a5="-53.062073" a6="-57.801712" />
<external_axis />
</planned>
<actual>
<robot_axis a1="93.469673" a2="-70.147705" a3="106.996033" a4="-180.244598" a5="-53.006001" a6="-57.934792" />
<external_axis />
</actual>
<ipo_cycle>4294966928</ipo_cycle>
</value>
<value>
<planned>
<robot_axis a1="92.728020" a2="-70.375504" a3="107.055344" a4="-180.231216" a5="-53.182312" a6="-57.516304" />
<external_axis />
</planned>
<actual>
<robot_axis a1="92.964401" a2="-70.302078" a3="107.037308" a4="-180.236298" a5="-53.126694" a6="-57.649891" />
<external_axis />
</actual>
<ipo_cycle>4294966934</ipo_cycle>
</value>
<value>
<planned>
<robot_axis a1="92.222145" a2="-70.531288" a3="107.095871" a4="-180.221725" a5="-53.302555" a6="-57.230568" />
<external_axis />
</planned>
<actual>
<robot_axis a1="92.458633" a2="-70.458511" a3="107.077370" a4="-180.227554" a5="-53.245270" a6="-57.363811" />
<external_axis />
</actual>
<ipo_cycle>4294966940</ipo_cycle>
</value>
<value>
<planned>
<robot_axis a1="91.715675" a2="-70.687256" a3="107.136497" a4="-180.212219" a5="-53.423019" a6="-56.944508" />
<external_axis />
</planned>
<actual>
<robot_axis a1="91.952759" a2="-70.614014" a3="107.117531" a4="-180.219025" a5="-53.366184" a6="-57.078587" />
<external_axis />
</actual>
<ipo_cycle>4294966946</ipo_cycle>
</value>
<value>
<planned>
<robot_axis a1="91.208496" a2="-70.843506" a3="107.177116" a4="-180.202728" a5="-53.543594" a6="-56.658119" />
<external_axis />
</planned>
<actual>
<robot_axis a1="91.445885" a2="-70.769516" a3="107.158897" a4="-180.209641" a5="-53.487648" a6="-56.791721" />
<external_axis />
</actual>
<ipo_cycle>4294966952</ipo_cycle>
</value>
<value>
<planned>
<robot_axis a1="90.700714" a2="-70.999847" a3="107.217834" a4="-180.193237" a5="-53.664391" a6="-56.371243" />
<external_axis />
</planned>
<actual>
<robot_axis a1="90.938606" a2="-70.926704" a3="107.198776" a4="-180.198196" a5="-53.607212" a6="-56.505463" />
<external_axis />
</actual>
<ipo_cycle>4294966958</ipo_cycle>
</value>
<value>
<planned>
<robot_axis a1="90.192337" a2="-71.156380" a3="107.258553" a4="-180.183731" a5="-53.785297" a6="-56.084038" />
<external_axis />
</planned>
<actual>
<robot_axis a1="90.430023" a2="-71.082291" a3="107.239494" a4="-180.187729" a5="-53.728004" a6="-56.217918" />
<external_axis />
</actual>
<ipo_cycle>4294966964</ipo_cycle>
</value>
<value>
<planned>
<robot_axis a1="89.683556" a2="-71.313004" a3="107.299362" a4="-180.174240" a5="-53.906204" a6="-55.796669" />
<external_axis />
</planned>
<actual>
<robot_axis a1="89.921539" a2="-71.239487" a3="107.280952" a4="-180.178452" a5="-53.848469" a6="-55.930218" />
<external_axis />
</actual>
<ipo_cycle>4294966970</ipo_cycle>
</value>
<value>
<planned>
<robot_axis a1="89.174667" a2="-71.469727" a3="107.340172" a4="-180.164749" a5="-54.027225" a6="-55.509140" />
<external_axis />
</planned>
<actual>
<robot_axis a1="89.412758" a2="-71.396294" a3="107.321205" a4="-180.169708" a5="-53.970604" a6="-55.643368" />
<external_axis />
</actual>
<ipo_cycle>4294966976</ipo_cycle>
</value>
<value>
<planned>
<robot_axis a1="88.665688" a2="-71.626450" a3="107.380882" a4="-180.155243" a5="-54.148354" a6="-55.221775" />
<external_axis />
</planned>
<actual>
<robot_axis a1="88.903976" a2="-71.552361" a3="107.362289" a4="-180.160645" a5="-54.091404" a6="-55.355511" />
<external_axis />
</actual>
<ipo_cycle>4294966982</ipo_cycle>
</value>
<value>
<planned>
<robot_axis a1="88.156807" a2="-71.783165" a3="107.421692" a4="-180.145752" a5="-54.269375" a6="-54.934246" />
<external_axis />
</planned>
<actual>
<robot_axis a1="88.394592" a2="-71.710579" a3="107.403290" a4="-180.151901" a5="-54.211536" a6="-55.069126" />
<external_axis />
</actual>
<ipo_cycle>4294966988</ipo_cycle>
</value>
<value>
<planned>
<robot_axis a1="87.647820" a2="-71.939888" a3="107.462502" a4="-180.136261" a5="-54.390392" a6="-54.646881" />
<external_axis />
</planned>
<actual>
<robot_axis a1="87.886009" a2="-71.865891" a3="107.443542" a4="-180.143158" a5="-54.333336" a6="-54.780960" />
<external_axis />
</actual>
<ipo_cycle>4294966994</ipo_cycle>
</value>
<value>
<planned>
<robot_axis a1="87.138939" a2="-72.096603" a3="107.503311" a4="-180.126648" a5="-54.511410" a6="-54.359348" />
<external_axis />
</planned>
<actual>
<robot_axis a1="87.377228" a2="-72.023453" a3="107.484352" a4="-180.133133" a5="-54.454575" a6="-54.492771" />
<external_axis />
</actual>
<ipo_cycle>4294967000</ipo_cycle>
</value>
<value>
<planned>
<robot_axis a1="86.629959" a2="-72.253326" a3="107.544029" a4="-180.117157" a5="-54.632431" a6="-54.071819" />
<external_axis />
</planned>
<actual>
<robot_axis a1="86.868347" a2="-72.179985" a3="107.525345" a4="-180.122223" a5="-54.575588" a6="-54.206043" />
<external_axis />
</actual>
<ipo_cycle>4294967006</ipo_cycle>
</value>
<value>
<planned>
<robot_axis a1="86.121071" a2="-72.410042" a3="107.584839" a4="-180.107666" a5="-54.753448" a6="-53.784451" />
<external_axis />
</planned>
<actual>
<robot_axis a1="86.358856" a2="-72.336052" a3="107.565598" a4="-180.111435" a5="-54.695709" a6="-53.917503" />
<external_axis />
</actual>
<ipo_cycle>4294967012</ipo_cycle>
</value>
<value>
<planned>
<robot_axis a1="85.612091" a2="-72.566765" a3="107.625648" a4="-180.098160" a5="-54.874466" a6="-53.496922" />
<external_axis />
</planned>
<actual>
<robot_axis a1="85.850182" a2="-72.494270" a3="107.606773" a4="-180.101944" a5="-54.817841" a6="-53.630810" />
<external_axis />
</actual>
<ipo_cycle>4294967018</ipo_cycle>
</value>
<value>
<planned>
<robot_axis a1="85.103210" a2="-72.723480" a3="107.666458" a4="-180.088669" a5="-54.995487" a6="-53.209393" />
<external_axis />
</planned>
<actual>
<robot_axis a1="85.341293" a2="-72.649300" a3="107.647957" a4="-180.093628" a5="-54.938644" a6="-53.342796" />
<external_axis />
</actual>
<ipo_cycle>4294967024</ipo_cycle>
</value>
<value>
<planned>
<robot_axis a1="84.594223" a2="-72.880203" a3="107.707169" a4="-180.079178" a5="-55.116505" a6="-52.922028" />
<external_axis />
</planned>
<actual>
<robot_axis a1="84.832413" a2="-72.807053" a3="107.688301" a4="-180.085007" a5="-55.058777" a6="-53.055592" />
<external_axis />
</actual>
<ipo_cycle>4294967030</ipo_cycle>
</value>
<value>
<planned>
<robot_axis a1="84.085342" a2="-73.036919" a3="107.747978" a4="-180.069672" a5="-55.237522" a6="-52.634495" />
<external_axis />
</planned>
<actual>
<robot_axis a1="84.323128" a2="-72.963585" a3="107.729668" a4="-180.076904" a5="-55.180470" a6="-52.768414" />
<external_axis />
</actual>
<ipo_cycle>4294967036</ipo_cycle>
</value>
<value>
<planned>
<robot_axis a1="83.576363" a2="-73.193642" a3="107.788788" a4="-180.060074" a5="-55.358543" a6="-52.347130" />
<external_axis />
</planned>
<actual>
<robot_axis a1="83.814247" a2="-73.119926" a3="107.770103" a4="-180.067413" a5="-55.301712" a6="-52.480724" />
<external_axis />
</actual>
<ipo_cycle>4294967042</ipo_cycle>
</value>
<value>
<planned>
<robot_axis a1="83.067474" a2="-73.350357" a3="107.829506" a4="-180.050583" a5="-55.479561" a6="-52.059601" />
<external_axis />
</planned>
<actual>
<robot_axis a1="83.305565" a2="-73.277397" a3="107.810539" a4="-180.056946" a5="-55.422726" a6="-52.193676" />
<external_axis />
</actual>
<ipo_cycle>4294967048</ipo_cycle>
</value>
<value>
<planned>
<robot_axis a1="82.558495" a2="-73.507080" a3="107.870316" a4="-180.041077" a5="-55.600578" a6="-51.772068" />
<external_axis />
</planned>
<actual>
<robot_axis a1="82.796783" a2="-73.432617" a3="107.852097" a4="-180.045609" a5="-55.543179" a6="-51.905300" />
<external_axis />
</actual>
<ipo_cycle>4294967054</ipo_cycle>
</value>
<value>
<planned>
<robot_axis a1="82.049614" a2="-73.663803" a3="107.911125" a4="-180.031586" a5="-55.721600" a6="-51.484703" />
<external_axis />
</planned>
<actual>
<robot_axis a1="82.287598" a2="-73.590744" a3="107.891792" a4="-180.035690" a5="-55.663754" a6="-51.618416" />
<external_axis />
</actual>
<ipo_cycle>4294967060</ipo_cycle>
</value>
<value>
<planned>
<robot_axis a1="81.540627" a2="-73.820518" a3="107.951935" a4="-180.022095" a5="-55.842617" a6="-51.197174" />
<external_axis />
</planned>
<actual>
<robot_axis a1="81.778618" a2="-73.746529" a3="107.932877" a4="-180.026733" a5="-55.786438" a6="-51.330914" />
<external_axis />
</actual>
<ipo_cycle>4294967066</ipo_cycle>
</value>
<value>
<planned>
<robot_axis a1="81.031746" a2="-73.977242" a3="107.992653" a4="-180.012589" a5="-55.963638" a6="-50.909645" />
<external_axis />
</planned>
<actual>
<robot_axis a1="81.270035" a2="-73.903618" a3="107.974060" a4="-180.017776" a5="-55.906574" a6="-51.043213" />
<external_axis />
</actual>
<ipo_cycle>4294967072</ipo_cycle>
</value>
<value>
<planned>
<robot_axis a1="80.522758" a2="-74.133957" a3="108.033463" a4="-180.003098" a5="-56.084656" a6="-50.622276" />
<external_axis />
</planned>
<actual>
<robot_axis a1="80.761047" a2="-74.060432" a3="108.014122" a4="-180.009140" a5="-56.026707" a6="-50.755844" />
<external_axis />
</actual>
<ipo_cycle>4294967078</ipo_cycle>
</value>
<value>
<planned>
<robot_axis a1="80.013878" a2="-74.290680" a3="108.074272" a4="-179.993500" a5="-56.205673" a6="-50.334747" />
<external_axis />
</planned>
<actual>
<robot_axis a1="80.251762" a2="-74.216118" a3="108.055771" a4="-180.000290" a5="-56.149063" a6="-50.468666" />
<external_axis />
</actual>
<ipo_cycle>4294967084</ipo_cycle>
</value>
<value>
<planned>
<robot_axis a1="79.504898" a2="-74.447395" a3="108.115074" a4="-179.983994" a5="-56.326694" a6="-50.047379" />
<external_axis />
</planned>
<actual>
<robot_axis a1="79.742882" a2="-74.374344" a3="108.096581" a4="-179.990692" a5="-56.269749" a6="-50.181622" />
<external_axis />
</actual>
<ipo_cycle>4294967090</ipo_cycle>
</value>
<value>
<planned>
<robot_axis a1="78.996010" a2="-74.604118" a3="108.155792" a4="-179.974503" a5="-56.447823" a6="-49.759853" />
<external_axis />
</planned>
<actual>
<robot_axis a1="79.233902" a2="-74.530029" a3="108.136734" a4="-179.980225" a5="-56.390762" a6="-49.892933" />
<external_axis />
</actual>
<ipo_cycle>4294967096</ipo_cycle>
</value>
<value>
<planned>
<robot_axis a1="78.487030" a2="-74.760834" a3="108.196602" a4="-179.965012" a5="-56.568840" a6="-49.472321" />
<external_axis />
</planned>
<actual>
<robot_axis a1="78.725220" a2="-74.687408" a3="108.178383" a4="-179.968994" a5="-56.511326" a6="-49.606037" />
<external_axis />
</actual>
<ipo_cycle>4294967102</ipo_cycle>
</value>
<value>
<planned>
<robot_axis a1="77.978149" a2="-74.917557" a3="108.237411" a4="-179.955505" a5="-56.689861" a6="-49.184956" />
<external_axis />
</planned>
<actual>
<robot_axis a1="78.216232" a2="-74.844032" a3="108.218445" a4="-179.958969" a5="-56.632900" a6="-49.318344" />
<external_axis />
</actual>
<ipo_cycle>4294967108</ipo_cycle>
</value>
<value>
<planned>
<robot_axis a1="77.469162" a2="-75.074272" a3="108.278221" a4="-179.946014" a5="-56.810879" a6="-48.897427" />
<external_axis />
</planned>
<actual>
<robot_axis a1="77.706947" a2="-75.000000" a3="108.259254" a4="-179.950119" a5="-56.754143" a6="-49.030659" />
<external_axis />
</actual>
<ipo_cycle>4294967114</ipo_cycle>
</value>
<value>
<planned>
<robot_axis a1="76.960281" a2="-75.230995" a3="108.318939" a4="-179.936523" a5="-56.931900" a6="-48.609898" />
<external_axis />
</planned>
<actual>
<robot_axis a1="77.198372" a2="-75.157944" a3="108.300438" a4="-179.941803" a5="-56.874168" a6="-48.743950" />
<external_axis />
</actual>
<ipo_cycle>4294967120</ipo_cycle>
</value>
<value>
<planned>
<robot_axis a1="76.451302" a2="-75.387711" a3="108.359749" a4="-179.926910" a5="-57.052917" a6="-48.322529" />
<external_axis />
</planned>
<actual>
<robot_axis a1="76.689484" a2="-75.313629" a3="108.340599" a4="-179.933289" a5="-56.995415" a6="-48.455940" />
<external_axis />
</actual>
<ipo_cycle>4294967126</ipo_cycle>
</value>
<value>
<planned>
<robot_axis a1="75.942413" a2="-75.544434" a3="108.400558" a4="-179.917419" a5="-57.173935" a6="-48.035000" />
<external_axis />
</planned>
<actual>
<robot_axis a1="76.180702" a2="-75.471191" a3="108.381035" a4="-179.924438" a5="-57.117546" a6="-48.169907" />
<external_axis />
</actual>
<ipo_cycle>4294967132</ipo_cycle>
</value>
<value>
<planned>
<robot_axis a1="75.433434" a2="-75.701157" a3="108.441368" a4="-179.907928" a5="-57.294956" a6="-47.747631" />
<external_axis />
</planned>
<actual>
<robot_axis a1="75.671524" a2="-75.627914" a3="108.423141" a4="-179.914398" a5="-57.238342" a6="-47.881222" />
<external_axis />
</actual>
<ipo_cycle>4294967138</ipo_cycle>
</value>
<value>
<planned>
<robot_axis a1="74.924553" a2="-75.857872" a3="108.482079" a4="-179.898422" a5="-57.415974" a6="-47.460102" />
<external_axis />
</planned>
<actual>
<robot_axis a1="75.162735" a2="-75.783691" a3="108.463211" a4="-179.903290" a5="-57.358242" a6="-47.593822" />
<external_axis />
</actual>
<ipo_cycle>4294967144</ipo_cycle>
</value>
<value>
<planned>
<robot_axis a1="74.415565" a2="-76.014595" a3="108.522888" a4="-179.888931" a5="-57.536991" a6="-47.172573" />
<external_axis />
</planned>
<actual>
<robot_axis a1="74.653954" a2="-75.941635" a3="108.503929" a4="-179.892700" a5="-57.479698" a6="-47.306614" />
<external_axis />
</actual>
<ipo_cycle>4294967150</ipo_cycle>
</value>
<value>
<planned>
<robot_axis a1="73.906685" a2="-76.171310" a3="108.563698" a4="-179.879440" a5="-57.658012" a6="-46.885208" />
<external_axis />
</planned>
<actual>
<robot_axis a1="74.144974" a2="-76.097412" a3="108.545662" a4="-179.883316" a5="-57.601940" a6="-47.018448" />
<external_axis />
</actual>
<ipo_cycle>4294967156</ipo_cycle>
</value>
<value>
<planned>
<robot_axis a1="73.397804" a2="-76.328033" a3="108.604507" a4="-179.869934" a5="-57.779030" a6="-46.597675" />
<external_axis />
</planned>
<actual>
<robot_axis a1="73.635590" a2="-76.254883" a3="108.585449" a4="-179.874359" a5="-57.721851" a6="-46.732056" />
<external_axis />
</actual>
<ipo_cycle>4294967162</ipo_cycle>
</value>
<value>
<planned>
<robot_axis a1="72.888817" a2="-76.484749" a3="108.645226" a4="-179.860336" a5="-57.900047" a6="-46.310146" />
<external_axis />
</planned>
<actual>
<robot_axis a1="73.126709" a2="-76.411507" a3="108.626259" a4="-179.866058" a5="-57.842766" a6="-46.443554" />
<external_axis />
</actual>
<ipo_cycle>4294967168</ipo_cycle>
</value>
<value>
<planned>
<robot_axis a1="72.379936" a2="-76.641472" a3="108.686035" a4="-179.850845" a5="-58.021069" a6="-46.022781" />
<external_axis />
</planned>
<actual>
<robot_axis a1="72.618027" a2="-76.567474" a3="108.667625" a4="-179.857101" a5="-57.964344" a6="-46.156857" />
<external_axis />
</actual>
<ipo_cycle>4294967174</ipo_cycle>
</value>
<value>
<planned>
<robot_axis a1="71.870956" a2="-76.798187" a3="108.726845" a4="-179.841339" a5="-58.142086" a6="-45.735249" />
<external_axis />
</planned>
<actual>
<robot_axis a1="72.109138" a2="-76.725136" a3="108.707413" a4="-179.847702" a5="-58.085472" a6="-45.868999" />
<external_axis />
</actual>
<ipo_cycle>4294967180</ipo_cycle>
</value>
<value>
<planned>
<robot_axis a1="71.362068" a2="-76.954910" a3="108.767563" a4="-179.831848" a5="-58.263107" a6="-45.447884" />
<external_axis />
</planned>
<actual>
<robot_axis a1="71.599754" a2="-76.880356" a3="108.748779" a4="-179.837677" a5="-58.206711" a6="-45.581139" />
<external_axis />
</actual>
<ipo_cycle>4294967186</ipo_cycle>
</value>
<value>
<planned>
<robot_axis a1="70.853088" a2="-77.111626" a3="108.808372" a4="-179.822357" a5="-58.384125" a6="-45.160355" />
<external_axis />
</planned>
<actual>
<robot_axis a1="71.091072" a2="-77.038383" a3="108.789497" a4="-179.826782" a5="-58.326500" a6="-45.294235" />
<external_axis />
</actual>
<ipo_cycle>4294967192</ipo_cycle>
</value>
<value>
<planned>
<robot_axis a1="70.344208" a2="-77.268349" a3="108.849174" a4="-179.812851" a5="-58.505142" a6="-44.872826" />
<external_axis />
</planned>
<actual>
<robot_axis a1="70.582092" a2="-77.194633" a3="108.830215" a4="-179.815872" a5="-58.448734" a6="-45.006050" />
<external_axis />
</actual>
<ipo_cycle>4294967198</ipo_cycle>
</value>
<value>
<planned>
<robot_axis a1="69.835220" a2="-77.425064" a3="108.889984" a4="-179.803360" a5="-58.626163" a6="-44.585457" />
<external_axis />
</planned>
<actual>
<robot_axis a1="70.073608" a2="-77.350883" a3="108.871765" a4="-179.806595" a5="-58.569534" a6="-44.719341" />
<external_axis />
</actual>
<ipo_cycle>4294967204</ipo_cycle>
</value>
<value>
<planned>
<robot_axis a1="69.326340" a2="-77.581787" a3="108.930702" a4="-179.793762" a5="-58.747181" a6="-44.297928" />
<external_axis />
</planned>
<actual>
<robot_axis a1="69.564323" a2="-77.508263" a3="108.911743" a4="-179.798508" a5="-58.689449" a6="-44.431644" />
<external_axis />
</actual>
<ipo_cycle>4294967210</ipo_cycle>
</value>
<value>
<planned>
<robot_axis a1="68.817352" a2="-77.738510" a3="108.971512" a4="-179.784256" a5="-58.868309" a6="-44.010399" />
<external_axis />
</planned>
<actual>
<robot_axis a1="69.055443" a2="-77.663666" a3="108.952736" a4="-179.790405" a5="-58.811031" a6="-44.144466" />
<external_axis />
</actual>
<ipo_cycle>4294967216</ipo_cycle>
</value>
<value>
<planned>
<robot_axis a1="68.308472" a2="-77.895226" a3="109.012321" a4="-179.774765" a5="-58.989330" a6="-43.723034" />
<external_axis />
</planned>
<actual>
<robot_axis a1="68.546463" a2="-77.821983" a3="108.994011" a4="-179.781448" a5="-58.932606" a6="-43.856129" />
<external_axis />
</actual>
<ipo_cycle>4294967222</ipo_cycle>
</value>
<value>
<planned>
<robot_axis a1="67.799492" a2="-78.051949" a3="109.053131" a4="-179.765274" a5="-59.110348" a6="-43.435501" />
<external_axis />
</planned>
<actual>
<robot_axis a1="68.037781" a2="-77.977951" a3="109.033890" a4="-179.771957" a5="-59.053181" a6="-43.569084" />
<external_axis />
</actual>
<ipo_cycle>4294967228</ipo_cycle>
</value>
<value>
<planned>
<robot_axis a1="67.290611" a2="-78.208664" a3="109.093849" a4="-179.755768" a5="-59.231369" a6="-43.148136" />
<external_axis />
</planned>
<actual>
<robot_axis a1="67.528595" a2="-78.134956" a3="109.074974" a4="-179.761703" a5="-59.173862" a6="-43.282528" />
<external_axis />
</actual>
<ipo_cycle>4294967234</ipo_cycle>
</value>
<value>
<planned>
<robot_axis a1="66.781624" a2="-78.365387" a3="109.134659" a4="-179.746277" a5="-59.352386" a6="-42.860607" />
<external_axis />
</planned>
<actual>
<robot_axis a1="67.019615" a2="-78.292145" a3="109.115875" a4="-179.750702" a5="-59.294651" a6="-42.993668" />
<external_axis />
</actual>
<ipo_cycle>4294967240</ipo_cycle>
</value>
<value>
<planned>
<robot_axis a1="66.272743" a2="-78.522102" a3="109.175468" a4="-179.736786" a5="-59.473404" a6="-42.573078" />
<external_axis />
</planned>
<actual>
<robot_axis a1="66.510727" a2="-78.447639" a3="109.156319" a4="-179.740875" a5="-59.417004" a6="-42.707298" />
<external_axis />
</actual>
<ipo_cycle>4294967246</ipo_cycle>
</value>
<value>
<planned>
<robot_axis a1="65.763756" a2="-78.678825" a3="109.216278" a4="-179.727173" a5="-59.594425" a6="-42.285709" />
<external_axis />
</planned>
<actual>
<robot_axis a1="66.002144" a2="-78.605957" a3="109.197495" a4="-179.732025" a5="-59.537357" a6="-42.419109" />
<external_axis />
</actual>
<ipo_cycle>4294967252</ipo_cycle>
</value>
<value>
<planned>
<robot_axis a1="65.254875" a2="-78.835541" a3="109.256989" a4="-179.717682" a5="-59.715443" a6="-41.998180" />
<external_axis />
</planned>
<actual>
<robot_axis a1="65.492867" a2="-78.761459" a3="109.238396" a4="-179.723404" a5="-59.657715" a6="-42.131908" />
<external_axis />
</actual>
<ipo_cycle>4294967258</ipo_cycle>
</value>
<value>
<planned>
<robot_axis a1="64.745895" a2="-78.992264" a3="109.297798" a4="-179.708176" a5="-59.836460" a6="-41.710812" />
<external_axis />
</planned>
<actual>
<robot_axis a1="64.983879" a2="-78.919304" a3="109.278839" a4="-179.714554" a5="-59.779404" a6="-41.844559" />
<external_axis />
</actual>
<ipo_cycle>4294967264</ipo_cycle>
</value>
<value>
<planned>
<robot_axis a1="64.237007" a2="-79.148979" a3="109.338608" a4="-179.698685" a5="-59.957481" a6="-41.423283" />
<external_axis />
</planned>
<actual>
<robot_axis a1="64.474899" a2="-79.076019" a3="109.320107" a4="-179.705154" a5="-59.900867" a6="-41.556545" />
<external_axis />
</actual>
<ipo_cycle>4294967270</ipo_cycle>
</value>
<value>
<planned>
<robot_axis a1="63.728027" a2="-79.305702" a3="109.379417" a4="-179.689194" a5="-60.078499" a6="-41.135754" />
<external_axis />
</planned>
<actual>
<robot_axis a1="63.966515" a2="-79.231987" a3="109.360641" a4="-179.695770" a5="-60.021553" a6="-41.270485" />
<external_axis />
</actual>
<ipo_cycle>4294967276</ipo_cycle>
</value>
<value>
<planned>
<robot_axis a1="63.219143" a2="-79.462418" a3="109.420135" a4="-179.679688" a5="-60.199520" a6="-40.848389" />
<external_axis />
</planned>
<actual>
<robot_axis a1="63.457333" a2="-79.389458" a3="109.400986" a4="-179.685623" a5="-60.141682" a6="-40.981789" />
<external_axis />
</actual>
<ipo_cycle>4294967282</ipo_cycle>
</value>
<value>
<planned>
<robot_axis a1="62.715279" a2="-79.617546" a3="109.460571" a4="-179.670197" a5="-60.319317" a6="-40.563793" />
<external_axis />
</planned>
<actual>
<robot_axis a1="62.951057" a2="-79.545052" a3="109.442818" a4="-179.674301" a5="-60.264023" a6="-40.696388" />
<external_axis />
</actual>
<ipo_cycle>4294967288</ipo_cycle>
</value>
<value>
<planned>
<robot_axis a1="62.169575" a2="-79.785629" a3="109.504265" a4="-179.660049" a5="-60.449104" a6="-40.255550" />
<external_axis />
</planned>
<actual>
<robot_axis a1="62.386692" a2="-79.720177" a3="109.488274" a4="-179.662857" a5="-60.399139" a6="-40.376728" />
<external_axis />
</actual>
<ipo_cycle>4294967295</ipo_cycle>
</value>
</poslog>
