<?xml:stylesheet href="poslog.xsl" type="text/xsl"?>
<poslog serialno="917921" trafo="#KR2210_2 S C2 FLR ZH210" date="11-28-2019" time="09:00:37" tick="4228554048" timestamp="41085386" trigger="ENABLING SWITCH">
<syn_motion>
<program>DEJAR_DARSENA1</program>
<line>59</line>
<name>XAPROXIMACION_DEJADA</name>
<base>
<pos x="0.000000" y="0.000000" z="0.000000" a="0.000000" b="0.000000" c="0.000000" /></base>
<tool>
<pos x="0.000000" y="0.000000" z="0.000000" a="0.000000" b="0.000000" c="0.000000" /></tool>
<ipo_mode>tool</ipo_mode>
<load>
<mass>220.000000</mass>
</load>
<bco_motion>false</bco_motion>
<interrupt>false</interrupt>
<ipo_cycle>4294966970</ipo_cycle>
</syn_motion>
<value>
<planned>
<robot_axis a1="104.413162" a2="-79.260628" a3="84.428200" a4="-180.195175" a5="-85.038834" a6="-75.613953" />
<external_axis />
</planned>
<actual>
<robot_axis a1="102.172752" a2="-80.057182" a3="85.279144" a4="-180.237473" a5="-85.068703" a6="-77.726326" />
<external_axis />
</actual>
<ipo_cycle>4294966987</ipo_cycle>
</value>
<value>
<planned>
<robot_axis a1="105.127319" a2="-78.954330" a3="84.187988" a4="-180.185028" a5="-84.975250" a6="-74.903748" />
<external_axis />
</planned>
<actual>
<robot_axis a1="102.962860" a2="-79.771072" a3="84.997849" a4="-180.227005" a5="-85.073097" a6="-76.935051" />
<external_axis />
</actual>
<ipo_cycle>4294966988</ipo_cycle>
</value>
<value>
<planned>
<robot_axis a1="105.813690" a2="-78.638069" a3="83.964050" a4="-180.175323" a5="-84.885239" a6="-74.221222" />
<external_axis />
</planned>
<actual>
<robot_axis a1="103.725182" a2="-79.477631" a3="84.731430" a4="-180.217407" a5="-85.053833" a6="-76.172157" />
<external_axis />
</actual>
<ipo_cycle>4294966989</ipo_cycle>
</value>
<value>
<planned>
<robot_axis a1="106.472466" a2="-78.311203" a3="83.756660" a4="-180.166046" a5="-84.768120" a6="-73.565887" />
<external_axis />
</planned>
<actual>
<robot_axis a1="104.459717" a2="-79.175743" a3="84.480530" a4="-180.208237" a5="-85.012245" a6="-75.436348" />
<external_axis />
</actual>
<ipo_cycle>4294966990</ipo_cycle>
</value>
<value>
<planned>
<robot_axis a1="107.103859" a2="-77.973160" a3="83.565811" a4="-180.157196" a5="-84.623131" a6="-72.937729" />
<external_axis />
</planned>
<actual>
<robot_axis a1="105.167656" a2="-78.864838" a3="84.242836" a4="-180.198410" a5="-84.944221" a6="-74.730011" />
<external_axis />
</actual>
<ipo_cycle>4294966991</ipo_cycle>
</value>
<value>
<planned>
<robot_axis a1="107.708359" a2="-77.623573" a3="83.391518" a4="-180.148666" a5="-84.449814" a6="-72.336571" />
<external_axis />
</planned>
<actual>
<robot_axis a1="105.848602" a2="-78.544075" a3="84.025871" a4="-180.188919" a5="-84.851761" a6="-74.050087" />
<external_axis />
</actual>
<ipo_cycle>4294966992</ipo_cycle>
</value>
<value>
<planned>
<robot_axis a1="108.286163" a2="-77.261772" a3="83.233673" a4="-180.140579" a5="-84.247849" a6="-71.761765" />
<external_axis />
</planned>
<actual>
<robot_axis a1="106.501366" a2="-78.213364" a3="83.823402" a4="-180.179092" a5="-84.730759" a6="-73.398460" />
<external_axis />
</actual>
<ipo_cycle>4294966993</ipo_cycle>
</value>
<value>
<planned>
<robot_axis a1="108.837593" a2="-76.887489" a3="83.092369" a4="-180.132919" a5="-84.016670" a6="-71.212967" />
<external_axis />
</planned>
<actual>
<robot_axis a1="107.127434" a2="-77.871185" a3="83.637115" a4="-180.169601" a5="-84.581650" a6="-72.773026" />
<external_axis />
</actual>
<ipo_cycle>4294966994</ipo_cycle>
</value>
<value>
<planned>
<robot_axis a1="109.363228" a2="-76.500244" a3="82.967529" a4="-180.125687" a5="-83.756287" a6="-70.690178" />
<external_axis />
</planned>
<actual>
<robot_axis a1="107.727516" a2="-77.516434" a3="83.466812" a4="-180.160858" a5="-84.403786" a6="-72.175583" />
<external_axis />
</actual>
<ipo_cycle>4294966995</ipo_cycle>
</value>
<value>
<planned>
<robot_axis a1="109.863182" a2="-76.099945" a3="82.858948" a4="-180.118774" a5="-83.466133" a6="-70.192574" />
<external_axis />
</planned>
<actual>
<robot_axis a1="108.301117" a2="-77.150314" a3="83.313339" a4="-180.152771" a5="-84.197151" a6="-71.605301" />
<external_axis />
</actual>
<ipo_cycle>4294966996</ipo_cycle>
</value>
<value>
<planned>
<robot_axis a1="110.338150" a2="-75.686127" a3="82.766640" a4="-180.112198" a5="-83.146217" a6="-69.719986" />
<external_axis />
</planned>
<actual>
<robot_axis a1="108.848427" a2="-76.771614" a3="83.176224" a4="-180.144562" a5="-83.958305" a6="-71.061150" />
<external_axis />
</actual>
<ipo_cycle>4294966997</ipo_cycle>
</value>
<value>
<planned>
<robot_axis a1="110.788239" a2="-75.258598" a3="82.690506" a4="-180.106049" a5="-82.796425" a6="-69.271919" />
<external_axis />
</planned>
<actual>
<robot_axis a1="109.369751" a2="-76.380524" a3="83.054909" a4="-180.136795" a5="-83.695923" a6="-70.541443" />
<external_axis />
</actual>
<ipo_cycle>4294966998</ipo_cycle>
</value>
<value>
<planned>
<robot_axis a1="111.615974" a2="-74.361664" a3="82.586021" a4="-180.094818" a5="-82.006767" a6="-68.448051" />
<external_axis />
</planned>
<actual>
<robot_axis a1="110.335541" a2="-75.560211" a3="82.862206" a4="-180.121475" a5="-83.076515" a6="-69.579956" />
<external_axis />
</actual>
<ipo_cycle>4294967000</ipo_cycle>
</value>
<value>
<planned>
<robot_axis a1="112.349602" a2="-73.408203" a3="82.544281" a4="-180.085007" a5="-81.097496" a6="-67.717529" />
<external_axis />
</planned>
<actual>
<robot_axis a1="111.202209" a2="-74.685532" a3="82.732155" a4="-180.108307" a5="-82.336830" a6="-68.717720" />
<external_axis />
</actual>
<ipo_cycle>4294967002</ipo_cycle>
</value>
<value>
<planned>
<robot_axis a1="112.992432" a2="-72.398491" a3="82.563622" a4="-180.076584" a5="-80.070602" a6="-67.077103" />
<external_axis />
</planned>
<actual>
<robot_axis a1="111.974365" a2="-73.755447" a3="82.665405" a4="-180.096649" a5="-81.477196" a6="-67.950127" />
<external_axis />
</actual>
<ipo_cycle>4294967004</ipo_cycle>
</value>
<value>
<planned>
<robot_axis a1="113.280983" a2="-71.873123" a3="82.595505" a4="-180.072922" a5="-79.514236" a6="-66.789604" />
<external_axis />
</planned>
<actual>
<robot_axis a1="112.325722" a2="-73.268852" a3="82.656670" a4="-180.091583" a5="-81.002121" a6="-67.601402" />
<external_axis />
</actual>
<ipo_cycle>4294967005</ipo_cycle>
</value>
<value>
<planned>
<robot_axis a1="113.548065" a2="-71.335075" a3="82.641609" a4="-180.069565" a5="-78.931099" a6="-66.523392" />
<external_axis />
</planned>
<actual>
<robot_axis a1="112.654816" a2="-72.769028" a3="82.667267" a4="-180.086517" a5="-80.498169" a6="-67.275398" />
<external_axis />
</actual>
<ipo_cycle>4294967006</ipo_cycle>
</value>
<value>
<planned>
<robot_axis a1="113.794182" a2="-70.785660" a3="82.701195" a4="-180.066437" a5="-78.322861" a6="-66.277992" />
<external_axis />
</planned>
<actual>
<robot_axis a1="112.961426" a2="-72.256233" a3="82.691063" a4="-180.081879" a5="-79.964447" a6="-66.971306" />
<external_axis />
</actual>
<ipo_cycle>4294967007</ipo_cycle>
</value>
<value>
<planned>
<robot_axis a1="114.019928" a2="-70.226112" a3="82.773796" a4="-180.063736" a5="-77.691406" a6="-66.052788" />
<external_axis />
</planned>
<actual>
<robot_axis a1="113.246773" a2="-71.731430" a3="82.723694" a4="-180.077881" a5="-79.403748" a6="-66.689156" />
<external_axis />
</actual>
<ipo_cycle>4294967008</ipo_cycle>
</value>
<value>
<planned>
<robot_axis a1="114.225906" a2="-69.658112" a3="82.858482" a4="-180.061264" a5="-77.039413" a6="-65.847305" />
<external_axis />
</planned>
<actual>
<robot_axis a1="113.510544" a2="-71.194878" a3="82.768318" a4="-180.074432" a5="-78.810829" a6="-66.427727" />
<external_axis />
</actual>
<ipo_cycle>4294967009</ipo_cycle>
</value>
<value>
<planned>
<robot_axis a1="114.412827" a2="-69.083725" a3="82.954323" a4="-180.059097" a5="-76.369759" a6="-65.660774" />
<external_axis />
</planned>
<actual>
<robot_axis a1="113.754044" a2="-70.647911" a3="82.823624" a4="-180.071304" a5="-78.206367" a6="-66.187134" />
<external_axis />
</actual>
<ipo_cycle>4294967010</ipo_cycle>
</value>
<value>
<planned>
<robot_axis a1="114.581482" a2="-68.504730" a3="83.060204" a4="-180.057159" a5="-75.685333" a6="-65.492416" />
<external_axis />
</planned>
<actual>
<robot_axis a1="113.977585" a2="-70.092400" a3="82.889717" a4="-180.068497" a5="-77.573029" a6="-65.967308" />
<external_axis />
</actual>
<ipo_cycle>4294967011</ipo_cycle>
</value>
<value>
<planned>
<robot_axis a1="114.732681" a2="-67.922928" a3="83.175293" a4="-180.055435" a5="-74.989021" a6="-65.341278" />
<external_axis />
</planned>
<actual>
<robot_axis a1="114.182060" a2="-69.528809" a3="82.967621" a4="-180.064926" a5="-76.918922" a6="-65.768021" />
<external_axis />
</actual>
<ipo_cycle>4294967012</ipo_cycle>
</value>
<value>
<planned>
<robot_axis a1="114.867531" a2="-67.340370" a3="83.298370" a4="-180.054031" a5="-74.283714" a6="-65.206421" />
<external_axis />
</planned>
<actual>
<robot_axis a1="114.367874" a2="-68.960434" a3="83.055092" a4="-180.060944" a5="-76.246696" a6="-65.586685" />
<external_axis />
</actual>
<ipo_cycle>4294967013</ipo_cycle>
</value>
<value>
<planned>
<robot_axis a1="114.987122" a2="-66.758751" a3="83.428421" a4="-180.052841" a5="-73.572411" a6="-65.086723" />
<external_axis />
</planned>
<actual>
<robot_axis a1="114.536331" a2="-68.387924" a3="83.150749" a4="-180.056305" a5="-75.559708" a6="-65.423180" />
<external_axis />
</actual>
<ipo_cycle>4294967014</ipo_cycle>
</value>
<value>
<planned>
<robot_axis a1="115.092476" a2="-66.179764" a3="83.564323" a4="-180.051880" a5="-72.857780" a6="-64.981255" />
<external_axis />
</planned>
<actual>
<robot_axis a1="114.687737" a2="-67.812874" a3="83.254868" a4="-180.052628" a5="-74.854942" a6="-65.276993" />
<external_axis />
</actual>
<ipo_cycle>4294967015</ipo_cycle>
</value>
<value>
<planned>
<robot_axis a1="115.184677" a2="-65.605095" a3="83.705063" a4="-180.051117" a5="-72.142700" a6="-64.888901" />
<external_axis />
</planned>
<actual>
<robot_axis a1="114.823280" a2="-67.237358" a3="83.368645" a4="-180.049713" a5="-74.155632" a6="-65.146782" />
<external_axis />
</actual>
<ipo_cycle>4294967016</ipo_cycle>
</value>
<value>
<planned>
<robot_axis a1="115.264946" a2="-65.036430" a3="83.849525" a4="-180.050476" a5="-71.429741" a6="-64.808212" />
<external_axis />
</planned>
<actual>
<robot_axis a1="114.944786" a2="-66.661469" a3="83.489960" a4="-180.047562" a5="-73.443985" a6="-65.031342" />
<external_axis />
</actual>
<ipo_cycle>4294967017</ipo_cycle>
</value>
<value>
<planned>
<robot_axis a1="115.334572" a2="-64.475189" a3="83.996773" a4="-180.049927" a5="-70.721550" a6="-64.738411" />
<external_axis />
</planned>
<actual>
<robot_axis a1="115.052742" a2="-66.088120" a3="83.617126" a4="-180.045837" a5="-72.729355" a6="-64.929474" />
<external_axis />
</actual>
<ipo_cycle>4294967018</ipo_cycle>
</value>
<value>
<planned>
<robot_axis a1="115.394569" a2="-63.922775" a3="84.145599" a4="-180.049606" a5="-70.020363" a6="-64.677887" />
<external_axis />
</planned>
<actual>
<robot_axis a1="115.147652" a2="-65.519455" a3="83.749405" a4="-180.043564" a5="-72.015160" a6="-64.839737" />
<external_axis />
</actual>
<ipo_cycle>4294967019</ipo_cycle>
</value>
<value>
<planned>
<robot_axis a1="115.446342" a2="-63.379375" a3="84.295547" a4="-180.049393" a5="-69.327164" a6="-64.625671" />
<external_axis />
</planned>
<actual>
<robot_axis a1="115.231636" a2="-64.956146" a3="83.885597" a4="-180.040543" a5="-71.303627" a6="-64.762321" />
<external_axis />
</actual>
<ipo_cycle>4294967020</ipo_cycle>
</value>
<syn_motion>
<program>DEJAR_DARSENA1</program>
<line>59</line>
<name>XAPROXIMACION_DEJADA</name>
<base>
<pos x="-248.523102" y="-1156.965942" z="-595.421875" a="179.909500" b="0.141500" c="-0.202500" /></base>
<tool>
<pos x="0.000000" y="-140.000000" z="549.000000" a="0.000000" b="0.000000" c="0.000000" /></tool>
<ipo_mode>base</ipo_mode>
<load>
<mass>220.000000</mass>
</load>
<bco_motion>false</bco_motion>
<interrupt>false</interrupt>
<ipo_cycle>4294967020</ipo_cycle>
</syn_motion>
<value>
<planned>
<robot_axis a1="115.491089" a2="-62.844894" a3="84.445862" a4="-180.049179" a5="-68.642525" a6="-64.580452" />
<external_axis />
</planned>
<actual>
<robot_axis a1="115.305176" a2="-64.399040" a3="84.024101" a4="-180.038391" a5="-70.589203" a6="-64.695206" />
<external_axis />
</actual>
<ipo_cycle>4294967021</ipo_cycle>
</value>
<value>
<planned>
<robot_axis a1="115.529922" a2="-62.318398" a3="84.596451" a4="-180.049179" a5="-67.965439" a6="-64.541077" />
<external_axis />
</planned>
<actual>
<robot_axis a1="115.369888" a2="-63.849159" a3="84.168839" a4="-180.036880" a5="-69.896339" a6="-64.636749" />
<external_axis />
</actual>
<ipo_cycle>4294967022</ipo_cycle>
</value>
<value>
<planned>
<robot_axis a1="115.564133" a2="-61.797249" a3="84.747513" a4="-180.049072" a5="-67.293243" a6="-64.506355" />
<external_axis />
</planned>
<actual>
<robot_axis a1="115.426880" a2="-63.306229" a3="84.316277" a4="-180.037094" a5="-69.203041" a6="-64.587151" />
<external_axis />
</actual>
<ipo_cycle>4294967023</ipo_cycle>
</value>
<value>
<planned>
<robot_axis a1="115.594635" a2="-61.278641" a3="84.899597" a4="-180.049179" a5="-66.622711" a6="-64.475426" />
<external_axis />
</planned>
<actual>
<robot_axis a1="115.476440" a2="-62.770622" a3="84.468636" a4="-180.037201" a5="-68.517845" a6="-64.543411" />
<external_axis />
</actual>
<ipo_cycle>4294967024</ipo_cycle>
</value>
<value>
<planned>
<robot_axis a1="115.622322" a2="-60.760124" a3="85.052887" a4="-180.049286" a5="-65.950844" a6="-64.447105" />
<external_axis />
</planned>
<actual>
<robot_axis a1="115.520287" a2="-62.238770" a3="84.627785" a4="-180.037521" a5="-67.839760" a6="-64.505005" />
<external_axis />
</actual>
<ipo_cycle>4294967025</ipo_cycle>
</value>
<value>
<planned>
<robot_axis a1="115.647911" a2="-60.239914" a3="85.207756" a4="-180.049393" a5="-65.275871" a6="-64.421036" />
<external_axis />
</planned>
<actual>
<robot_axis a1="115.558914" a2="-61.711239" a3="84.788696" a4="-180.038162" a5="-67.165565" a6="-64.472069" />
<external_axis />
</actual>
<ipo_cycle>4294967026</ipo_cycle>
</value>
<value>
<planned>
<robot_axis a1="115.671890" a2="-59.717922" a3="85.363930" a4="-180.049500" a5="-64.597786" a6="-64.396400" />
<external_axis />
</planned>
<actual>
<robot_axis a1="115.593124" a2="-61.186619" a3="84.951561" a4="-180.039459" a5="-66.486267" a6="-64.442184" />
<external_axis />
</actual>
<ipo_cycle>4294967027</ipo_cycle>
</value>
<value>
<planned>
<robot_axis a1="115.694763" a2="-59.194149" a3="85.521309" a4="-180.049606" a5="-63.916698" a6="-64.373039" />
<external_axis />
</planned>
<actual>
<robot_axis a1="115.623726" a2="-60.663406" a3="85.113586" a4="-180.040863" a5="-65.821068" a6="-64.414948" />
<external_axis />
</actual>
<ipo_cycle>4294967028</ipo_cycle>
</value>
<value>
<planned>
<robot_axis a1="115.716934" a2="-58.668495" a3="85.679520" a4="-180.049820" a5="-63.232727" a6="-64.350296" />
<external_axis />
</planned>
<actual>
<robot_axis a1="115.651825" a2="-60.141319" a3="85.271156" a4="-180.042694" a5="-65.146660" a6="-64.388741" />
<external_axis />
</actual>
<ipo_cycle>4294967029</ipo_cycle>
</value>
<value>
<planned>
<robot_axis a1="115.738510" a2="-58.141056" a3="85.838577" a4="-180.050034" a5="-62.546200" a6="-64.328178" />
<external_axis />
</planned>
<actual>
<robot_axis a1="115.677910" a2="-59.617825" a3="85.428627" a4="-180.043884" a5="-64.469688" a6="-64.364136" />
<external_axis />
</actual>
<ipo_cycle>4294967030</ipo_cycle>
</value>
<value>
<planned>
<robot_axis a1="115.759880" a2="-57.611740" a3="85.998375" a4="-180.050140" a5="-61.857121" a6="-64.306183" />
<external_axis />
</planned>
<actual>
<robot_axis a1="115.702888" a2="-59.091984" a3="85.586563" a4="-180.044968" a5="-63.788723" a6="-64.341934" />
<external_axis />
</actual>
<ipo_cycle>4294967031</ipo_cycle>
</value>
<value>
<planned>
<robot_axis a1="115.781052" a2="-57.080734" a3="86.158821" a4="-180.050369" a5="-61.165707" a6="-64.284325" />
<external_axis />
</planned>
<actual>
<robot_axis a1="115.726471" a2="-58.563984" a3="85.744873" a4="-180.045181" a5="-63.103527" a6="-64.320648" />
<external_axis />
</actual>
<ipo_cycle>4294967032</ipo_cycle>
</value>
<value>
<planned>
<robot_axis a1="115.802322" a2="-56.548038" a3="86.319733" a4="-180.050583" a5="-60.472073" a6="-64.262596" />
<external_axis />
</planned>
<actual>
<robot_axis a1="115.749146" a2="-58.035233" a3="85.902718" a4="-180.045074" a5="-62.407227" a6="-64.299866" />
<external_axis />
</actual>
<ipo_cycle>4294967033</ipo_cycle>
</value>
<value>
<planned>
<robot_axis a1="115.823593" a2="-56.014217" a3="86.481018" a4="-180.050797" a5="-59.777103" a6="-64.240692" />
<external_axis />
</planned>
<actual>
<robot_axis a1="115.771118" a2="-57.504509" a3="86.061310" a4="-180.045288" a5="-61.721699" a6="-64.280052" />
<external_axis />
</actual>
<ipo_cycle>4294967034</ipo_cycle>
</value>
<value>
<planned>
<robot_axis a1="115.844864" a2="-55.480019" a3="86.642395" a4="-180.050903" a5="-59.081470" a6="-64.218773" />
<external_axis />
</planned>
<actual>
<robot_axis a1="115.792786" a2="-56.973595" a3="86.219986" a4="-180.045288" a5="-61.028286" a6="-64.260300" />
<external_axis />
</actual>
<ipo_cycle>4294967035</ipo_cycle>
</value>
<value>
<planned>
<robot_axis a1="115.866028" a2="-54.947041" a3="86.803497" a4="-180.051117" a5="-58.387501" a6="-64.197044" />
<external_axis />
</planned>
<actual>
<robot_axis a1="115.814262" a2="-56.442871" a3="86.377930" a4="-180.046371" a5="-60.333992" a6="-64.239883" />
<external_axis />
</actual>
<ipo_cycle>4294967036</ipo_cycle>
</value>
<value>
<planned>
<robot_axis a1="115.887100" a2="-54.417912" a3="86.963387" a4="-180.051331" a5="-57.698532" a6="-64.175385" />
<external_axis />
</planned>
<actual>
<robot_axis a1="115.835732" a2="-55.912052" a3="86.536797" a4="-180.047226" a5="-59.638580" a6="-64.219124" />
<external_axis />
</actual>
<ipo_cycle>4294967037</ipo_cycle>
</value>
<value>
<planned>
<robot_axis a1="115.907967" a2="-53.895359" a3="87.121231" a4="-180.051544" a5="-57.018005" a6="-64.153831" />
<external_axis />
</planned>
<actual>
<robot_axis a1="115.856400" a2="-55.383488" a3="86.691017" a4="-180.047668" a5="-58.946281" a6="-64.196930" />
<external_axis />
</actual>
<ipo_cycle>4294967038</ipo_cycle>
</value>
<value>
<planned>
<robot_axis a1="115.928436" a2="-53.381817" a3="87.276382" a4="-180.051651" a5="-56.349361" a6="-64.132927" />
<external_axis />
</planned>
<actual>
<robot_axis a1="115.876869" a2="-54.859619" a3="86.841240" a4="-180.047668" a5="-58.248093" a6="-64.175140" />
<external_axis />
</actual>
<ipo_cycle>4294967039</ipo_cycle>
</value>
<value>
<planned>
<robot_axis a1="115.948402" a2="-52.878983" a3="87.428368" a4="-180.051880" a5="-55.694599" a6="-64.112213" />
<external_axis />
</planned>
<actual>
<robot_axis a1="115.897232" a2="-54.340069" a3="86.987648" a4="-180.047226" a5="-57.569893" a6="-64.154274" />
<external_axis />
</actual>
<ipo_cycle>4294967040</ipo_cycle>
</value>
<value>
<planned>
<robot_axis a1="115.967964" a2="-52.387039" a3="87.577011" a4="-180.052094" a5="-55.054058" a6="-64.092186" />
<external_axis />
</planned>
<actual>
<robot_axis a1="115.917000" a2="-53.825027" a3="87.131454" a4="-180.047012" a5="-56.892250" a6="-64.134392" />
<external_axis />
</actual>
<ipo_cycle>4294967041</ipo_cycle>
</value>
<value>
<planned>
<robot_axis a1="115.987129" a2="-51.906082" a3="87.722305" a4="-180.052200" a5="-54.427731" a6="-64.072502" />
<external_axis />
</planned>
<actual>
<robot_axis a1="115.936462" a2="-53.317776" a3="87.276474" a4="-180.046692" a5="-56.224491" a6="-64.114975" />
<external_axis />
</actual>
<ipo_cycle>4294967042</ipo_cycle>
</value>
<value>
<planned>
<robot_axis a1="116.005890" a2="-51.436111" a3="87.864250" a4="-180.052414" a5="-53.815845" a6="-64.053185" />
<external_axis />
</planned>
<actual>
<robot_axis a1="115.955826" a2="-52.817287" a3="87.422508" a4="-180.046585" a5="-55.568508" a6="-64.096375" />
<external_axis />
</actual>
<ipo_cycle>4294967043</ipo_cycle>
</value>
<value>
<planned>
<robot_axis a1="116.024155" a2="-50.977314" a3="88.002953" a4="-180.052521" a5="-53.218395" a6="-64.034386" />
<external_axis />
</planned>
<actual>
<robot_axis a1="115.975494" a2="-52.326565" a3="87.568459" a4="-180.046692" a5="-54.927078" a6="-64.077148" />
<external_axis />
</actual>
<ipo_cycle>4294967044</ipo_cycle>
</value>
<value>
<planned>
<robot_axis a1="116.041908" a2="-50.529690" a3="88.138115" a4="-180.052734" a5="-52.635498" a6="-64.016106" />
<external_axis />
</planned>
<actual>
<robot_axis a1="115.994057" a2="-51.847206" a3="87.711800" a4="-180.046799" a5="-54.294640" a6="-64.058868" />
<external_axis />
</actual>
<ipo_cycle>4294967045</ipo_cycle>
</value>
<value>
<planned>
<robot_axis a1="116.059372" a2="-50.093338" a3="88.269928" a4="-180.052841" a5="-52.067375" a6="-63.998184" />
<external_axis />
</planned>
<actual>
<robot_axis a1="116.012413" a2="-51.379581" a3="87.852539" a4="-180.046906" a5="-53.692307" a6="-64.040001" />
<external_axis />
</actual>
<ipo_cycle>4294967046</ipo_cycle>
</value>
<value>
<planned>
<robot_axis a1="116.076225" a2="-49.668438" a3="88.398399" a4="-180.053055" a5="-51.514133" a6="-63.980797" />
<external_axis />
</planned>
<actual>
<robot_axis a1="116.030174" a2="-50.923416" a3="87.991333" a4="-180.047012" a5="-53.099968" a6="-64.020775" />
<external_axis />
</actual>
<ipo_cycle>4294967047</ipo_cycle>
</value>
<value>
<planned>
<robot_axis a1="116.092682" a2="-49.254997" a3="88.523239" a4="-180.053162" a5="-50.975773" a6="-63.963932" />
<external_axis />
</planned>
<actual>
<robot_axis a1="116.047729" a2="-50.478420" a3="88.127052" a4="-180.047119" a5="-52.522289" a6="-64.002235" />
<external_axis />
</actual>
<ipo_cycle>4294967048</ipo_cycle>
</value>
<value>
<planned>
<robot_axis a1="116.108734" a2="-48.853008" a3="88.644737" a4="-180.053284" a5="-50.452297" a6="-63.947430" />
<external_axis />
</planned>
<actual>
<robot_axis a1="116.064384" a2="-50.044228" a3="88.258957" a4="-180.047455" a5="-51.959496" a6="-63.983734" />
<external_axis />
</actual>
<ipo_cycle>4294967049</ipo_cycle>
</value>
<value>
<planned>
<robot_axis a1="116.124283" a2="-48.462666" a3="88.762703" a4="-180.053497" a5="-49.944153" a6="-63.931461" />
<external_axis />
</planned>
<actual>
<robot_axis a1="116.080841" a2="-49.620926" a3="88.386314" a4="-180.047882" a5="-51.409588" a6="-63.965736" />
<external_axis />
</actual>
<ipo_cycle>4294967050</ipo_cycle>
</value>
<value>
<planned>
<robot_axis a1="116.139336" a2="-48.084061" a3="88.877045" a4="-180.053604" a5="-49.451111" a6="-63.916023" />
<external_axis />
</planned>
<actual>
<robot_axis a1="116.097198" a2="-49.208889" a3="88.508553" a4="-180.048309" a5="-50.866676" a6="-63.949142" />
<external_axis />
</actual>
<ipo_cycle>4294967051</ipo_cycle>
</value>
<value>
<planned>
<robot_axis a1="116.153984" a2="-47.717190" a3="88.987946" a4="-180.053711" a5="-48.973396" a6="-63.900951" />
<external_axis />
</planned>
<actual>
<robot_axis a1="116.112946" a2="-48.808407" a3="88.626610" a4="-180.048630" a5="-50.349869" a6="-63.933716" />
<external_axis />
</actual>
<ipo_cycle>4294967052</ipo_cycle>
</value>
<value>
<planned>
<robot_axis a1="116.168129" a2="-47.362156" a3="89.095222" a4="-180.053818" a5="-48.511009" a6="-63.886414" />
<external_axis />
</planned>
<actual>
<robot_axis a1="116.127899" a2="-48.419659" a3="88.741417" a4="-180.048859" a5="-49.842499" a6="-63.918903" />
<external_axis />
</actual>
<ipo_cycle>4294967053</ipo_cycle>
</value>
<syn_motion>
<program>DEJAR_DARSENA1</program>
<line>69</line>
<name>XDEJADA</name>
<base>
<pos x="0.000000" y="0.000000" z="0.000000" a="0.000000" b="0.000000" c="0.000000" /></base>
<tool>
<pos x="0.000000" y="0.000000" z="0.000000" a="0.000000" b="0.000000" c="0.000000" /></tool>
<ipo_mode>tool</ipo_mode>
<load>
<mass>220.000000</mass>
</load>
<bco_motion>false</bco_motion>
<interrupt>false</interrupt>
<ipo_cycle>4294967053</ipo_cycle>
</syn_motion>
<value>
<planned>
<robot_axis a1="116.195015" a2="-46.687576" a3="89.298431" a4="-180.054138" a5="-47.632778" a6="-63.858780" />
<external_axis />
</planned>
<actual>
<robot_axis a1="116.157494" a2="-47.678410" a3="88.961922" a4="-180.049072" a5="-48.874187" a6="-63.890560" />
<external_axis />
</actual>
<ipo_cycle>4294967055</ipo_cycle>
</value>
<value>
<planned>
<robot_axis a1="116.220406" a2="-46.059853" a3="89.483795" a4="-180.054352" a5="-46.815300" a6="-63.832615" />
<external_axis />
</planned>
<actual>
<robot_axis a1="116.185585" a2="-46.984863" a3="89.170242" a4="-180.050034" a5="-47.966522" a6="-63.863686" />
<external_axis />
</actual>
<ipo_cycle>4294967057</ipo_cycle>
</value>
<value>
<planned>
<robot_axis a1="116.244583" a2="-45.478046" a3="89.648239" a4="-180.054565" a5="-46.057575" a6="-63.807899" />
<external_axis />
</planned>
<actual>
<robot_axis a1="116.211670" a2="-46.338264" a3="89.358665" a4="-180.051651" a5="-47.131725" a6="-63.837631" />
<external_axis />
</actual>
<ipo_cycle>4294967059</ipo_cycle>
</value>
<value>
<planned>
<robot_axis a1="116.268059" a2="-44.940842" a3="89.788513" a4="-180.054672" a5="-45.358166" a6="-63.784130" />
<external_axis />
</planned>
<actual>
<robot_axis a1="116.236252" a2="-45.736553" a3="89.527390" a4="-180.052200" a5="-46.348347" a6="-63.812088" />
<external_axis />
</actual>
<ipo_cycle>4294967061</ipo_cycle>
</value>
<value>
<planned>
<robot_axis a1="116.291039" a2="-44.443264" a3="89.901367" a4="-180.054901" a5="-44.715733" a6="-63.761120" />
<external_axis />
</planned>
<actual>
<robot_axis a1="116.260132" a2="-45.179726" a3="89.673798" a4="-180.052307" a5="-45.622391" a6="-63.787308" />
<external_axis />
</actual>
<ipo_cycle>4294967063</ipo_cycle>
</value>
<value>
<planned>
<robot_axis a1="116.313911" a2="-43.978458" a3="89.983635" a4="-180.055008" a5="-44.128616" a6="-63.738194" />
<external_axis />
</planned>
<actual>
<robot_axis a1="116.283508" a2="-44.663181" a3="89.800873" a4="-180.052948" a5="-44.956635" a6="-63.764156" />
<external_axis />
</actual>
<ipo_cycle>4294967065</ipo_cycle>
</value>
<value>
<planned>
<robot_axis a1="116.337189" a2="-43.539474" a3="90.032158" a4="-180.055115" a5="-43.595367" a6="-63.714840" />
<external_axis />
</planned>
<actual>
<robot_axis a1="116.306992" a2="-44.182880" a3="89.900253" a4="-180.054352" a5="-44.350864" a6="-63.743126" />
<external_axis />
</actual>
<ipo_cycle>4294967067</ipo_cycle>
</value>
<value>
<planned>
<robot_axis a1="116.361069" a2="-43.119461" a3="90.044426" a4="-180.055222" a5="-43.114429" a6="-63.690544" />
<external_axis />
</planned>
<actual>
<robot_axis a1="116.330162" a2="-43.729813" a3="89.967270" a4="-180.055435" a5="-43.799625" a6="-63.721508" />
<external_axis />
</actual>
<ipo_cycle>4294967069</ipo_cycle>
</value>
<value>
<planned>
<robot_axis a1="116.385948" a2="-42.712402" a3="90.019981" a4="-180.055222" a5="-42.685589" a6="-63.664814" />
<external_axis />
</planned>
<actual>
<robot_axis a1="116.353943" a2="-43.297493" a3="89.999626" a4="-180.056076" a5="-43.299034" a6="-63.699089" />
<external_axis />
</actual>
<ipo_cycle>4294967071</ipo_cycle>
</value>
<value>
<planned>
<robot_axis a1="116.425781" a2="-42.113693" a3="89.914474" a4="-180.055222" a5="-42.140121" a6="-63.623589" />
<external_axis />
</planned>
<actual>
<robot_axis a1="116.391968" a2="-42.676815" a3="89.975082" a4="-180.057159" a5="-42.642834" a6="-63.662788" />
<external_axis />
</actual>
<ipo_cycle>4294967074</ipo_cycle>
</value>
<value>
<planned>
<robot_axis a1="116.469627" a2="-41.516960" a3="89.726227" a4="-180.055222" a5="-41.711834" a6="-63.577862" />
<external_axis />
</planned>
<actual>
<robot_axis a1="116.433708" a2="-42.074257" a3="89.873573" a4="-180.057922" a5="-42.109035" a6="-63.620907" />
<external_axis />
</actual>
<ipo_cycle>4294967077</ipo_cycle>
</value>
<value>
<planned>
<robot_axis a1="116.518387" a2="-40.920128" a3="89.455345" a4="-180.055115" a5="-41.400833" a6="-63.527473" />
<external_axis />
</planned>
<actual>
<robot_axis a1="116.478760" a2="-41.477989" a3="89.681427" a4="-180.057693" a5="-41.687519" a6="-63.577236" />
<external_axis />
</actual>
<ipo_cycle>4294967080</ipo_cycle>
</value>
<value>
<planned>
<robot_axis a1="116.573067" a2="-40.317196" a3="89.101730" a4="-180.054901" a5="-41.200352" a6="-63.472164" />
<external_axis />
</planned>
<actual>
<robot_axis a1="116.528320" a2="-40.878342" a3="89.407936" a4="-180.057587" a5="-41.383076" a6="-63.528900" />
<external_axis />
</actual>
<ipo_cycle>4294967083</ipo_cycle>
</value>
<value>
<planned>
<robot_axis a1="116.634171" a2="-39.690128" a3="88.665565" a4="-180.054672" a5="-41.081505" a6="-63.411716" />
<external_axis />
</planned>
<actual>
<robot_axis a1="116.583000" a2="-40.269119" a3="89.056923" a4="-180.057693" a5="-41.186813" a6="-63.471848" />
<external_axis />
</actual>
<ipo_cycle>4294967086</ipo_cycle>
</value>
<syn_motion>
<program>DEJAR_DARSENA1</program>
<line>69</line>
<name>XDEJADA</name>
<base>
<pos x="-248.523102" y="-1156.965942" z="-595.421875" a="179.909500" b="0.141500" c="-0.202500" /></base>
<tool>
<pos x="0.000000" y="-140.000000" z="549.000000" a="0.000000" b="0.000000" c="0.000000" /></tool>
<ipo_mode>base</ipo_mode>
<load>
<mass>220.000000</mass>
</load>
<bco_motion>false</bco_motion>
<interrupt>false</interrupt>
<ipo_cycle>4294967087</ipo_cycle>
</syn_motion>
<value>
<planned>
<robot_axis a1="116.701591" a2="-39.020058" a3="88.149826" a4="-180.054459" a5="-40.998531" a6="-63.345352" />
<external_axis />
</planned>
<actual>
<robot_axis a1="116.644302" a2="-39.636795" a3="88.619736" a4="-180.057587" a5="-41.070412" a6="-63.412582" />
<external_axis />
</actual>
<ipo_cycle>4294967089</ipo_cycle>
</value>
<value>
<planned>
<robot_axis a1="116.775337" a2="-38.290733" a3="87.560181" a4="-180.054138" a5="-40.918118" a6="-63.272957" />
<external_axis />
</planned>
<actual>
<robot_axis a1="116.712532" a2="-38.958366" a3="88.107346" a4="-180.057480" a5="-40.983887" a6="-63.343056" />
<external_axis />
</actual>
<ipo_cycle>4294967092</ipo_cycle>
</value>
<value>
<planned>
<robot_axis a1="116.828011" a2="-37.763485" a3="87.126434" a4="-180.053925" a5="-40.854027" a6="-63.220943" />
<external_axis />
</planned>
<actual>
<robot_axis a1="116.761589" a2="-38.472527" a3="87.724167" a4="-180.057266" a5="-40.931572" a6="-63.296612" />
<external_axis />
</actual>
<ipo_cycle>4294967094</ipo_cycle>
</value>
<value>
<planned>
<robot_axis a1="116.883095" a2="-37.204121" a3="86.663589" a4="-180.053604" a5="-40.776276" a6="-63.166290" />
<external_axis />
</planned>
<actual>
<robot_axis a1="116.813560" a2="-37.956448" a3="87.308914" a4="-180.057266" a5="-40.875259" a6="-63.244053" />
<external_axis />
</actual>
<ipo_cycle>4294967096</ipo_cycle>
</value>
<value>
<planned>
<robot_axis a1="116.939682" a2="-36.622501" a3="86.179367" a4="-180.053391" a5="-40.686642" a6="-63.110004" />
<external_axis />
</planned>
<actual>
<robot_axis a1="116.866440" a2="-37.414268" a3="86.856758" a4="-180.057159" a5="-40.806061" a6="-63.191483" />
<external_axis />
</actual>
<ipo_cycle>4294967098</ipo_cycle>
</value>
<value>
<planned>
<robot_axis a1="116.996971" a2="-36.028957" a3="85.682129" a4="-180.053055" a5="-40.591454" a6="-63.052818" />
<external_axis />
</planned>
<actual>
<robot_axis a1="116.920815" a2="-36.846359" a3="86.379227" a4="-180.056625" a5="-40.722534" a6="-63.134781" />
<external_axis />
</actual>
<ipo_cycle>4294967100</ipo_cycle>
</value>
<value>
<planned>
<robot_axis a1="117.054062" a2="-35.434006" a3="85.179123" a4="-180.052841" a5="-40.499485" a6="-62.996010" />
<external_axis />
</planned>
<actual>
<robot_axis a1="116.975098" a2="-36.261833" a3="85.886917" a4="-180.055969" a5="-40.628010" a6="-63.079571" />
<external_axis />
</actual>
<ipo_cycle>4294967102</ipo_cycle>
</value>
<value>
<planned>
<robot_axis a1="117.110046" a2="-34.846943" a3="84.676491" a4="-180.052521" a5="-40.415180" a6="-62.940121" />
<external_axis />
</planned>
<actual>
<robot_axis a1="117.030479" a2="-35.672890" a3="85.382614" a4="-180.055542" a5="-40.533932" a6="-63.022240" />
<external_axis />
</actual>
<ipo_cycle>4294967104</ipo_cycle>
</value>
<value>
<planned>
<robot_axis a1="117.163925" a2="-34.277439" a3="84.182602" a4="-180.052307" a5="-40.339428" a6="-62.886478" />
<external_axis />
</planned>
<actual>
<robot_axis a1="117.086365" a2="-35.087421" a3="84.877281" a4="-180.054794" a5="-40.448402" a6="-62.966984" />
<external_axis />
</actual>
<ipo_cycle>4294967106</ipo_cycle>
</value>
<value>
<planned>
<robot_axis a1="117.214989" a2="-33.734787" a3="83.706276" a4="-180.051987" a5="-40.273342" a6="-62.835423" />
<external_axis />
</planned>
<actual>
<robot_axis a1="117.140244" a2="-34.515476" a3="84.377350" a4="-180.054031" a5="-40.369873" a6="-62.911003" />
<external_axis />
</actual>
<ipo_cycle>4294967108</ipo_cycle>
</value>
<value>
<planned>
<robot_axis a1="117.262749" a2="-33.224911" a3="83.253189" a4="-180.051773" a5="-40.216473" a6="-62.787933" />
<external_axis />
</planned>
<actual>
<robot_axis a1="117.191513" a2="-33.966251" a3="83.890518" a4="-180.052841" a5="-40.297558" a6="-62.859692" />
<external_axis />
</actual>
<ipo_cycle>4294967110</ipo_cycle>
</value>
<value>
<planned>
<robot_axis a1="117.307098" a2="-32.748085" a3="82.824646" a4="-180.051544" a5="-40.168156" a6="-62.743675" />
<external_axis />
</planned>
<actual>
<robot_axis a1="117.240074" a2="-33.443417" a3="83.427025" a4="-180.052200" a5="-40.235802" a6="-62.809509" />
<external_axis />
</actual>
<ipo_cycle>4294967112</ipo_cycle>
</value>
<value>
<planned>
<robot_axis a1="117.367493" a2="-32.094913" a3="82.230263" a4="-180.051117" a5="-40.109398" a6="-62.683537" />
<external_axis />
</planned>
<actual>
<robot_axis a1="117.306793" a2="-32.721512" a3="82.779381" a4="-180.052094" a5="-40.162605" a6="-62.742622" />
<external_axis />
</actual>
<ipo_cycle>4294967115</ipo_cycle>
</value>
<value>
<planned>
<robot_axis a1="117.420570" a2="-31.516396" a3="81.696678" a4="-180.050903" a5="-40.064632" a6="-62.630634" />
<external_axis />
</planned>
<actual>
<robot_axis a1="117.365585" a2="-32.073223" a3="82.188995" a4="-180.051987" a5="-40.108513" a6="-62.679600" />
<external_axis />
</actual>
<ipo_cycle>4294967118</ipo_cycle>
</value>
<value>
<planned>
<robot_axis a1="117.466423" a2="-31.012808" a3="81.226585" a4="-180.050583" a5="-40.031200" a6="-62.584934" />
<external_axis />
</planned>
<actual>
<robot_axis a1="117.418060" a2="-31.499775" a3="81.659035" a4="-180.051880" a5="-40.063972" a6="-62.628014" />
<external_axis />
</actual>
<ipo_cycle>4294967121</ipo_cycle>
</value>
<value>
<planned>
<robot_axis a1="117.516685" a2="-30.458233" a3="80.702942" a4="-180.050247" a5="-40.000210" a6="-62.535004" />
<external_axis />
</planned>
<actual>
<robot_axis a1="117.478561" a2="-30.852520" a3="81.051727" a4="-180.051651" a5="-40.021873" a6="-62.565639" />
<external_axis />
</actual>
<ipo_cycle>4294967125</ipo_cycle>
</value>
<value>
<planned>
<robot_axis a1="117.554611" a2="-30.037373" a3="80.301453" a4="-180.050034" a5="-39.980881" a6="-62.497200" />
<external_axis />
</planned>
<actual>
<robot_axis a1="117.525314" a2="-30.337477" a3="80.563690" a4="-180.051331" a5="-39.996326" a6="-62.521683" />
<external_axis />
</actual>
<ipo_cycle>4294967129</ipo_cycle>
</value>
<value>
<planned>
<robot_axis a1="117.588829" a2="-29.656420" a3="79.934822" a4="-180.049820" a5="-39.966553" a6="-62.463230" />
<external_axis />
</planned>
<actual>
<robot_axis a1="117.570564" a2="-29.815767" a3="80.064217" a4="-180.051224" a5="-39.974556" a6="-62.471386" />
<external_axis />
</actual>
<ipo_cycle>4294967135</ipo_cycle>
</value>
<syn_motion>
<program>DEJAR_DARSENA1</program>
<line>85</line>
<name>XSalida_DEJADA</name>
<base>
<pos x="-248.523102" y="-1156.965942" z="-595.421875" a="179.909500" b="0.141500" c="-0.202500" /></base>
<tool>
<pos x="0.000000" y="-140.000000" z="549.000000" a="0.000000" b="0.000000" c="0.000000" /></tool>
<ipo_mode>base</ipo_mode>
<load>
<mass>220.000000</mass>
</load>
<bco_motion>false</bco_motion>
<interrupt>false</interrupt>
<ipo_cycle>4294967264</ipo_cycle>
</syn_motion>
<value>
<planned>
<robot_axis a1="117.602776" a2="-30.181978" a3="79.977585" a4="-180.049286" a5="-40.449265" a6="-62.450001" />
<external_axis />
</planned>
<actual>
<robot_axis a1="117.603172" a2="-29.967886" a3="79.894478" a4="-180.047562" a5="-40.280315" a6="-62.452808" />
<external_axis />
</actual>
<ipo_cycle>4294967284</ipo_cycle>
</value>
<value>
<planned>
<robot_axis a1="117.602974" a2="-30.725380" a3="80.120926" a4="-180.048859" a5="-40.849449" a6="-62.450260" />
<external_axis />
</planned>
<actual>
<robot_axis a1="117.603073" a2="-30.416542" a3="80.016907" a4="-180.047226" a5="-40.609417" a6="-62.453430" />
<external_axis />
</actual>
<ipo_cycle>4294967289</ipo_cycle>
</value>
<value>
<planned>
<robot_axis a1="117.603172" a2="-31.279110" a3="80.258041" a4="-180.048416" a5="-41.265961" a6="-62.450573" />
<external_axis />
</planned>
<actual>
<robot_axis a1="117.603073" a2="-30.896559" a3="80.138962" a4="-180.047348" a5="-40.962734" a6="-62.453232" />
<external_axis />
</actual>
<ipo_cycle>4294967293</ipo_cycle>
</value>
<syn_motion>
<program>DEJAR_DARSENA1</program>
<line>96</line>
<name>XENTRADA_DEJADA_DARS1</name>
<base>
<pos x="0.000000" y="0.000000" z="0.000000" a="0.000000" b="0.000000" c="0.000000" /></base>
<tool>
<pos x="0.000000" y="0.000000" z="0.000000" a="0.000000" b="0.000000" c="0.000000" /></tool>
<ipo_mode>tool</ipo_mode>
<load>
<mass>220.000000</mass>
</load>
<bco_motion>false</bco_motion>
<interrupt>false</interrupt>
<ipo_cycle>4294967294</ipo_cycle>
</syn_motion>
<value>
<planned>
<robot_axis a1="117.603378" a2="-31.763165" a3="80.370239" a4="-180.048096" a5="-41.638378" a6="-62.450954" />
<external_axis />
</planned>
<actual>
<robot_axis a1="117.603073" a2="-31.478647" a3="80.281837" a4="-180.047119" a5="-41.405682" a6="-62.454067" />
<external_axis />
</actual>
<ipo_cycle>1</ipo_cycle>
</value>
</poslog>
