<?xml:stylesheet href="poslog.xsl" type="text/xsl"?>
<poslog serialno="917921" trafo="#KR2210_2 S C2 FLR ZH210" date="11-28-2019" time="08:52:49" tick="4228320144" timestamp="40617578" trigger="ERROR STOP">
<move>
<key_image k1="+1" />
<mouse_override m1="0.000000" m2="0.000000" m3="0.000000" m4="0.000000" m5="0.000000" m6="0.000000" />
<mode>BASE</mode>
<base>
<pos x="0.000000" y="0.000000" z="0.000000" a="0.000000" b="0.000000" c="0.000000" /></base>
<tool>
<pos x="0.000000" y="0.000000" z="0.000000" a="0.000000" b="0.000000" c="0.000000" /></tool>
<ipo_mode>tool</ipo_mode>
<ipo_cycle>4294897539</ipo_cycle>
</move>
<value>
<planned>
<robot_axis a1="72.549599" a2="-68.329048" a3="102.369537" a4="-179.421799" a5="-55.905560" a6="-15.933153" />
<external_axis />
</planned>
<actual>
<robot_axis a1="72.615417" a2="-68.353462" a3="102.405235" a4="-179.421463" a5="-55.893005" a6="-15.867565" />
<external_axis />
</actual>
<ipo_cycle>4294897967</ipo_cycle>
</value>
<value>
<planned>
<robot_axis a1="72.041214" a2="-68.135986" a3="102.084991" a4="-179.421799" a5="-56.001411" a6="-16.440878" />
<external_axis />
</planned>
<actual>
<robot_axis a1="72.106033" a2="-68.161148" a3="102.122269" a4="-179.421463" a5="-55.989304" a6="-16.374475" />
<external_axis />
</actual>
<ipo_cycle>4294897989</ipo_cycle>
</value>
<value>
<planned>
<robot_axis a1="71.535744" a2="-67.937950" a3="101.791893" a4="-179.422012" a5="-56.100601" a6="-16.945370" />
<external_axis />
</planned>
<actual>
<robot_axis a1="71.599358" a2="-67.963676" a3="101.829353" a4="-179.421677" a5="-56.087715" a6="-16.882236" />
<external_axis />
</actual>
<ipo_cycle>4294898011</ipo_cycle>
</value>
<value>
<planned>
<robot_axis a1="71.033287" a2="-67.734940" a3="101.490517" a4="-179.422226" a5="-56.203232" a6="-17.446793" />
<external_axis />
</planned>
<actual>
<robot_axis a1="71.096992" a2="-67.761230" a3="101.529091" a4="-179.421799" a5="-56.189678" a6="-17.382996" />
<external_axis />
</actual>
<ipo_cycle>4294898033</ipo_cycle>
</value>
<value>
<planned>
<robot_axis a1="70.511360" a2="-67.517464" a3="101.166367" a4="-179.422546" a5="-56.314304" a6="-17.967678" />
<external_axis />
</planned>
<actual>
<robot_axis a1="70.575371" a2="-67.544510" a3="101.206429" a4="-179.421906" a5="-56.300415" a6="-17.904200" />
<external_axis />
</actual>
<ipo_cycle>4294898056</ipo_cycle>
</value>
<value>
<planned>
<robot_axis a1="69.992943" a2="-67.294640" a3="100.833107" a4="-179.422867" a5="-56.429039" a6="-18.485003" />
<external_axis />
</planned>
<actual>
<robot_axis a1="70.056152" a2="-67.321968" a3="100.874191" a4="-179.422333" a5="-56.413155" a6="-18.421335" />
<external_axis />
</actual>
<ipo_cycle>4294898079</ipo_cycle>
</value>
<value>
<planned>
<robot_axis a1="69.477943" a2="-67.066559" a3="100.490646" a4="-179.423309" a5="-56.547775" a6="-18.998611" />
<external_axis />
</planned>
<actual>
<robot_axis a1="69.540146" a2="-67.095291" a3="100.533409" a4="-179.422867" a5="-56.533890" a6="-18.935793" />
<external_axis />
</actual>
<ipo_cycle>4294898102</ipo_cycle>
</value>
<value>
<planned>
<robot_axis a1="68.966553" a2="-66.833122" a3="100.138977" a4="-179.423843" a5="-56.670292" a6="-19.508831" />
<external_axis />
</planned>
<actual>
<robot_axis a1="69.028854" a2="-66.861763" a3="100.182945" a4="-179.423187" a5="-56.654961" a6="-19.447464" />
<external_axis />
</actual>
<ipo_cycle>4294898125</ipo_cycle>
</value>
<value>
<planned>
<robot_axis a1="68.458672" a2="-66.594521" a3="99.778206" a4="-179.424484" a5="-56.796692" a6="-20.015331" />
<external_axis />
</planned>
<actual>
<robot_axis a1="68.520973" a2="-66.624474" a3="99.823479" a4="-179.423843" a5="-56.780361" a6="-19.952641" />
<external_axis />
</actual>
<ipo_cycle>4294898148</ipo_cycle>
</value>
<value>
<planned>
<robot_axis a1="67.954506" a2="-66.350845" a3="99.408318" a4="-179.425140" a5="-56.927204" a6="-20.518114" />
<external_axis />
</planned>
<actual>
<robot_axis a1="68.015907" a2="-66.381180" a3="99.454521" a4="-179.424377" a5="-56.911427" a6="-20.457069" />
<external_axis />
</actual>
<ipo_cycle>4294898171</ipo_cycle>
</value>
<value>
<planned>
<robot_axis a1="67.453949" a2="-66.101921" a3="99.029228" a4="-179.425781" a5="-57.061604" a6="-21.017015" />
<external_axis />
</planned>
<actual>
<robot_axis a1="67.514244" a2="-66.132904" a3="99.076454" a4="-179.425140" a5="-57.045494" a6="-20.956789" />
<external_axis />
</actual>
<ipo_cycle>4294898194</ipo_cycle>
</value>
<value>
<planned>
<robot_axis a1="66.935631" a2="-65.836838" a3="98.623924" a4="-179.426651" a5="-57.206108" a6="-21.533762" />
<external_axis />
</planned>
<actual>
<robot_axis a1="66.995735" a2="-65.868950" a3="98.672638" a4="-179.425995" a5="-57.188000" a6="-21.474655" />
<external_axis />
</actual>
<ipo_cycle>4294898218</ipo_cycle>
</value>
<value>
<planned>
<robot_axis a1="66.421333" a2="-65.566315" a3="98.208588" a4="-179.427505" a5="-57.355171" a6="-22.046305" />
<external_axis />
</planned>
<actual>
<robot_axis a1="66.482033" a2="-65.598801" a3="98.258224" a4="-179.427078" a5="-57.335953" a6="-21.984726" />
<external_axis />
</actual>
<ipo_cycle>4294898242</ipo_cycle>
</value>
<value>
<planned>
<robot_axis a1="65.911148" a2="-65.290245" a3="97.783386" a4="-179.428482" a5="-57.508675" a6="-22.554647" />
<external_axis />
</planned>
<actual>
<robot_axis a1="65.970642" a2="-65.323013" a3="97.833588" a4="-179.427948" a5="-57.489902" a6="-22.495205" />
<external_axis />
</actual>
<ipo_cycle>4294898266</ipo_cycle>
</value>
<value>
<planned>
<robot_axis a1="65.405174" a2="-65.008827" a3="97.348152" a4="-179.429565" a5="-57.666733" a6="-23.058788" />
<external_axis />
</planned>
<actual>
<robot_axis a1="65.463768" a2="-65.042160" a3="97.399651" a4="-179.429016" a5="-57.647514" a6="-22.999174" />
<external_axis />
</actual>
<ipo_cycle>4294898290</ipo_cycle>
</value>
<value>
<planned>
<robot_axis a1="64.903313" a2="-64.722054" a3="96.902969" a4="-179.430634" a5="-57.829346" a6="-23.558727" />
<external_axis />
</planned>
<actual>
<robot_axis a1="64.961609" a2="-64.756516" a3="96.955589" a4="-179.430099" a5="-57.810238" a6="-23.502394" />
<external_axis />
</actual>
<ipo_cycle>4294898314</ipo_cycle>
</value>
<value>
<planned>
<robot_axis a1="64.385002" a2="-64.417633" a3="96.428596" a4="-179.431824" a5="-58.003624" a6="-24.075054" />
<external_axis />
</planned>
<actual>
<robot_axis a1="64.443291" a2="-64.452560" a3="96.482796" a4="-179.431396" a5="-57.983959" a6="-24.016256" />
<external_axis />
</actual>
<ipo_cycle>4294898339</ipo_cycle>
</value>
<value>
<planned>
<robot_axis a1="63.871201" a2="-64.107475" a3="95.943352" a4="-179.433121" a5="-58.183006" a6="-24.586531" />
<external_axis />
</planned>
<actual>
<robot_axis a1="63.928490" a2="-64.142593" a3="95.998756" a4="-179.432587" a5="-58.162014" a6="-24.529190" />
<external_axis />
</actual>
<ipo_cycle>4294898364</ipo_cycle>
</value>
<value>
<planned>
<robot_axis a1="63.362118" a2="-63.791691" a3="95.447227" a4="-179.434418" a5="-58.367615" a6="-25.093489" />
<external_axis />
</planned>
<actual>
<robot_axis a1="63.418903" a2="-63.827656" a3="95.503563" a4="-179.433990" a5="-58.347507" a6="-25.035339" />
<external_axis />
</actual>
<ipo_cycle>4294898389</ipo_cycle>
</value>
<value>
<planned>
<robot_axis a1="62.857548" a2="-63.470177" a3="94.940224" a4="-179.435822" a5="-58.557327" a6="-25.595760" />
<external_axis />
</planned>
<actual>
<robot_axis a1="62.914135" a2="-63.506798" a3="94.997772" a4="-179.435501" a5="-58.533890" a6="-25.540520" />
<external_axis />
</actual>
<ipo_cycle>4294898414</ipo_cycle>
</value>
<value>
<planned>
<robot_axis a1="62.357597" a2="-63.143028" a3="94.422256" a4="-179.437332" a5="-58.752377" a6="-26.093349" />
<external_axis />
</planned>
<actual>
<robot_axis a1="62.413479" a2="-63.180779" a3="94.481750" a4="-179.436798" a5="-58.730602" a6="-26.037146" />
<external_axis />
</actual>
<ipo_cycle>4294898439</ipo_cycle>
</value>
<value>
<planned>
<robot_axis a1="61.882023" a2="-62.823673" a3="93.914795" a4="-179.438736" a5="-58.944534" a6="-26.566471" />
<external_axis />
</planned>
<actual>
<robot_axis a1="61.937508" a2="-62.862080" a3="93.974655" a4="-179.438309" a5="-58.921543" a6="-26.510416" />
<external_axis />
</actual>
<ipo_cycle>4294898463</ipo_cycle>
</value>
<value>
<planned>
<robot_axis a1="61.410767" a2="-62.499249" a3="93.397102" a4="-179.440247" a5="-59.141693" a6="-27.035397" />
<external_axis />
</planned>
<actual>
<robot_axis a1="61.465748" a2="-62.538029" a3="93.458176" a4="-179.439819" a5="-59.118366" a6="-26.981632" />
<external_axis />
</actual>
<ipo_cycle>4294898487</ipo_cycle>
</value>
<value>
<planned>
<robot_axis a1="60.963184" a2="-62.183464" a3="92.891403" a4="-179.441757" a5="-59.335297" a6="-27.480667" />
<external_axis />
</planned>
<actual>
<robot_axis a1="61.017563" a2="-62.222805" a3="92.954247" a4="-179.441208" a5="-59.310860" a6="-27.426395" />
<external_axis />
</actual>
<ipo_cycle>4294898510</ipo_cycle>
</value>
<value>
<planned>
<robot_axis a1="60.519417" a2="-61.862980" a3="92.376411" a4="-179.443268" a5="-59.533566" a6="-27.921900" />
<external_axis />
</planned>
<actual>
<robot_axis a1="60.572994" a2="-61.902229" a3="92.439995" a4="-179.442719" a5="-59.508572" a6="-27.867620" />
<external_axis />
</actual>
<ipo_cycle>4294898533</ipo_cycle>
</value>
<value>
<planned>
<robot_axis a1="60.098728" a2="-61.552170" a3="91.874985" a4="-179.444778" a5="-59.727615" a6="-28.340288" />
<external_axis />
</planned>
<actual>
<robot_axis a1="60.152103" a2="-61.592171" a3="91.939217" a4="-179.444229" a5="-59.702286" a6="-28.286987" />
<external_axis />
</actual>
<ipo_cycle>4294898555</ipo_cycle>
</value>
<value>
<planned>
<robot_axis a1="59.681648" a2="-61.236946" a3="91.364914" a4="-179.446289" a5="-59.925995" a6="-28.754963" />
<external_axis />
</planned>
<actual>
<robot_axis a1="59.734623" a2="-61.278172" a3="91.431015" a4="-179.445755" a5="-59.899223" a6="-28.702135" />
<external_axis />
</actual>
<ipo_cycle>4294898577</ipo_cycle>
</value>
<value>
<planned>
<robot_axis a1="59.268181" a2="-60.917500" a3="90.846107" a4="-179.447906" a5="-60.128704" a6="-29.165926" />
<external_axis />
</planned>
<actual>
<robot_axis a1="59.320251" a2="-60.958817" a3="90.912949" a4="-179.447372" a5="-60.102825" a6="-29.114094" />
<external_axis />
</actual>
<ipo_cycle>4294898599</ipo_cycle>
</value>
<value>
<planned>
<robot_axis a1="58.876785" a2="-60.608662" a3="90.342827" a4="-179.449417" a5="-60.326420" a6="-29.554852" />
<external_axis />
</planned>
<actual>
<robot_axis a1="58.928558" a2="-60.650166" a3="90.410408" a4="-179.448990" a5="-60.300095" a6="-29.503180" />
<external_axis />
</actual>
<ipo_cycle>4294898620</ipo_cycle>
</value>
<value>
<planned>
<robot_axis a1="58.488701" a2="-60.295879" a3="89.831459" a4="-179.451035" a5="-60.528244" a6="-29.940556" />
<external_axis />
</planned>
<actual>
<robot_axis a1="58.540474" a2="-60.338230" a3="89.900711" a4="-179.450500" a5="-60.500137" a6="-29.887547" />
<external_axis />
</actual>
<ipo_cycle>4294898641</ipo_cycle>
</value>
<value>
<planned>
<robot_axis a1="58.103931" a2="-59.979153" a3="89.312096" a4="-179.452652" a5="-60.734177" a6="-30.322870" />
<external_axis />
</planned>
<actual>
<robot_axis a1="58.155300" a2="-60.021877" a3="89.382095" a4="-179.452225" a5="-60.707405" a6="-30.273159" />
<external_axis />
</actual>
<ipo_cycle>4294898662</ipo_cycle>
</value>
<value>
<planned>
<robot_axis a1="57.740429" a2="-59.673977" a3="88.809929" a4="-179.454163" a5="-60.934109" a6="-30.683954" />
<external_axis />
</planned>
<actual>
<robot_axis a1="57.791496" a2="-59.717548" a3="88.880859" a4="-179.453842" a5="-60.905563" a6="-30.632416" />
<external_axis />
</actual>
<ipo_cycle>4294898682</ipo_cycle>
</value>
<move>
<key_image k2="+1" />
<mouse_override m1="0.000000" m2="0.000000" m3="0.000000" m4="0.000000" m5="0.000000" m6="0.000000" />
<mode>BASE</mode>
<base>
<pos x="0.000000" y="0.000000" z="0.000000" a="0.000000" b="0.000000" c="0.000000" /></base>
<tool>
<pos x="0.000000" y="0.000000" z="0.000000" a="0.000000" b="0.000000" c="0.000000" /></tool>
<ipo_mode>tool</ipo_mode>
<ipo_cycle>4294898712</ipo_cycle>
</move>
<value>
<planned>
<robot_axis a1="57.803738" a2="-59.366081" a3="88.295029" a4="-179.455246" a5="-61.140594" a6="-30.618357" />
<external_axis />
</planned>
<actual>
<robot_axis a1="57.780861" a2="-59.417725" a3="88.381760" a4="-179.455032" a5="-61.103275" a6="-30.648678" />
<external_axis />
</actual>
<ipo_cycle>4294898748</ipo_cycle>
</value>
<value>
<planned>
<robot_axis a1="57.953934" a2="-59.059025" a3="87.778641" a4="-179.456100" a5="-61.348747" a6="-30.466049" />
<external_axis />
</planned>
<actual>
<robot_axis a1="57.921829" a2="-59.124756" a3="87.890373" a4="-179.455032" a5="-61.302315" a6="-30.499683" />
<external_axis />
</actual>
<ipo_cycle>4294898761</ipo_cycle>
</value>
<value>
<planned>
<robot_axis a1="58.103027" a2="-58.750374" a3="87.258255" a4="-179.456970" a5="-61.559231" a6="-30.314756" />
<external_axis />
</planned>
<actual>
<robot_axis a1="58.071220" a2="-58.816105" a3="87.369804" a4="-179.455460" a5="-61.513016" a6="-30.348881" />
<external_axis />
</actual>
<ipo_cycle>4294898774</ipo_cycle>
</value>
<value>
<planned>
<robot_axis a1="58.250916" a2="-58.440598" a3="86.734428" a4="-179.457840" a5="-61.772045" a6="-30.164642" />
<external_axis />
</planned>
<actual>
<robot_axis a1="58.219711" a2="-58.507175" a3="86.847466" a4="-179.456436" a5="-61.724945" a6="-30.196297" />
<external_axis />
</actual>
<ipo_cycle>4294898787</ipo_cycle>
</value>
<value>
<planned>
<robot_axis a1="58.397602" a2="-58.129601" a3="86.207069" a4="-179.458801" a5="-61.987083" a6="-30.015709" />
<external_axis />
</planned>
<actual>
<robot_axis a1="58.366299" a2="-58.197021" a3="86.320572" a4="-179.457947" a5="-61.940319" a6="-30.046553" />
<external_axis />
</actual>
<ipo_cycle>4294898800</ipo_cycle>
</value>
<value>
<planned>
<robot_axis a1="58.543083" a2="-57.817383" a3="85.676270" a4="-179.459671" a5="-62.204453" a6="-29.867950" />
<external_axis />
</planned>
<actual>
<robot_axis a1="58.511478" a2="-57.885460" a3="85.791077" a4="-179.459351" a5="-62.157578" a6="-29.901258" />
<external_axis />
</actual>
<ipo_cycle>4294898813</ipo_cycle>
</value>
<value>
<planned>
<robot_axis a1="58.687359" a2="-57.503849" a3="85.141846" a4="-179.460632" a5="-62.424152" a6="-29.721373" />
<external_axis />
</planned>
<actual>
<robot_axis a1="58.656456" a2="-57.571739" a3="85.257393" a4="-179.460312" a5="-62.376171" a6="-29.753027" />
<external_axis />
</actual>
<ipo_cycle>4294898826</ipo_cycle>
</value>
<value>
<planned>
<robot_axis a1="58.830532" a2="-57.189003" a3="84.603706" a4="-179.461502" a5="-62.646187" a6="-29.575974" />
<external_axis />
</planned>
<actual>
<robot_axis a1="58.799530" a2="-57.256706" a3="84.719994" a4="-179.461288" a5="-62.598427" a6="-29.607468" />
<external_axis />
</actual>
<ipo_cycle>4294898839</ipo_cycle>
</value>
<value>
<planned>
<robot_axis a1="58.972603" a2="-56.872841" a3="84.061935" a4="-179.462479" a5="-62.870556" a6="-29.431589" />
<external_axis />
</planned>
<actual>
<robot_axis a1="58.941799" a2="-56.941483" a3="84.179527" a4="-179.462143" a5="-62.822018" a6="-29.464876" />
<external_axis />
</actual>
<ipo_cycle>4294898852</ipo_cycle>
</value>
<value>
<planned>
<robot_axis a1="59.102734" a2="-56.579777" a3="83.558563" a4="-179.463333" a5="-63.079819" a6="-29.299463" />
<external_axis />
</planned>
<actual>
<robot_axis a1="59.072632" a2="-56.649265" a3="83.676529" a4="-179.463013" a5="-63.031055" a6="-29.330450" />
<external_axis />
</actual>
<ipo_cycle>4294898864</ipo_cycle>
</value>
<value>
<planned>
<robot_axis a1="59.231861" a2="-56.285496" a3="83.051842" a4="-179.464096" a5="-63.291187" a6="-29.168182" />
<external_axis />
</planned>
<actual>
<robot_axis a1="59.201561" a2="-56.355076" a3="83.170364" a4="-179.463989" a5="-63.240097" a6="-29.198158" />
<external_axis />
</actual>
<ipo_cycle>4294898876</ipo_cycle>
</value>
<value>
<planned>
<robot_axis a1="59.359985" a2="-55.989990" a3="82.541862" a4="-179.464951" a5="-63.504559" a6="-29.037750" />
<external_axis />
</planned>
<actual>
<robot_axis a1="59.329685" a2="-56.059570" a3="82.661781" a4="-179.464630" a5="-63.454689" a6="-29.068560" />
<external_axis />
</actual>
<ipo_cycle>4294898888</ipo_cycle>
</value>
<value>
<planned>
<robot_axis a1="59.487305" a2="-55.693264" a3="82.028641" a4="-179.465820" a5="-63.720150" a6="-28.908333" />
<external_axis />
</planned>
<actual>
<robot_axis a1="59.457306" a2="-55.762753" a3="82.148834" a4="-179.465607" a5="-63.669834" a6="-28.939137" />
<external_axis />
</actual>
<ipo_cycle>4294898900</ipo_cycle>
</value>
<value>
<planned>
<robot_axis a1="59.613621" a2="-55.395321" a3="81.511879" a4="-179.466675" a5="-63.937744" a6="-28.779760" />
<external_axis />
</planned>
<actual>
<robot_axis a1="59.583725" a2="-55.465557" a3="81.633095" a4="-179.466461" a5="-63.886871" a6="-28.811049" />
<external_axis />
</actual>
<ipo_cycle>4294898912</ipo_cycle>
</value>
<value>
<planned>
<robot_axis a1="59.738937" a2="-55.096062" a3="80.991768" a4="-179.467545" a5="-64.157555" a6="-28.652201" />
<external_axis />
</planned>
<actual>
<robot_axis a1="59.709137" a2="-55.166580" a3="81.114014" a4="-179.467331" a5="-64.105133" a6="-28.682486" />
<external_axis />
</actual>
<ipo_cycle>4294898924</ipo_cycle>
</value>
<value>
<planned>
<robot_axis a1="59.863449" a2="-54.795391" a3="80.468132" a4="-179.468414" a5="-64.379478" a6="-28.525490" />
<external_axis />
</planned>
<actual>
<robot_axis a1="59.834351" a2="-54.866287" a3="80.590927" a4="-179.468307" a5="-64.327606" a6="-28.554308" />
<external_axis />
</actual>
<ipo_cycle>4294898936</ipo_cycle>
</value>
<value>
<planned>
<robot_axis a1="59.987057" a2="-54.493504" a3="79.940956" a4="-179.469376" a5="-64.603737" a6="-28.399632" />
<external_axis />
</planned>
<actual>
<robot_axis a1="59.958462" a2="-54.564396" a3="80.064781" a4="-179.469162" a5="-64.550308" a6="-28.428263" />
<external_axis />
</actual>
<ipo_cycle>4294898948</ipo_cycle>
</value>
<value>
<planned>
<robot_axis a1="60.109661" a2="-54.190109" a3="79.410156" a4="-179.470245" a5="-64.830101" a6="-28.274620" />
<external_axis />
</planned>
<actual>
<robot_axis a1="60.081070" a2="-54.261757" a3="79.535187" a4="-179.469925" a5="-64.777008" a6="-28.302925" />
<external_axis />
</actual>
<ipo_cycle>4294898960</ipo_cycle>
</value>
<value>
<planned>
<robot_axis a1="60.231464" a2="-53.885403" a3="78.875732" a4="-179.471100" a5="-65.058800" a6="-28.150621" />
<external_axis />
</planned>
<actual>
<robot_axis a1="60.202869" a2="-53.957520" a3="79.000954" a4="-179.470886" a5="-65.003929" a6="-28.180054" />
<external_axis />
</actual>
<ipo_cycle>4294898972</ipo_cycle>
</value>
<value>
<planned>
<robot_axis a1="60.352467" a2="-53.579197" a3="78.337593" a4="-179.471970" a5="-65.289833" a6="-28.027475" />
<external_axis />
</planned>
<actual>
<robot_axis a1="60.324272" a2="-53.651592" a3="78.464577" a4="-179.471649" a5="-65.235962" a6="-28.056755" />
<external_axis />
</actual>
<ipo_cycle>4294898984</ipo_cycle>
</value>
<value>
<planned>
<robot_axis a1="60.472462" a2="-53.271580" a3="77.795547" a4="-179.472839" a5="-65.523087" a6="-27.905016" />
<external_axis />
</planned>
<actual>
<robot_axis a1="60.443970" a2="-53.344162" a3="77.922623" a4="-179.472504" a5="-65.467880" a6="-27.935425" />
<external_axis />
</actual>
<ipo_cycle>4294898996</ipo_cycle>
</value>
<value>
<planned>
<robot_axis a1="60.581722" a2="-52.988186" a3="77.295334" a4="-179.473587" a5="-65.739006" a6="-27.793634" />
<external_axis />
</planned>
<actual>
<robot_axis a1="60.553532" a2="-53.060959" a3="77.423615" a4="-179.473267" a5="-65.683029" a6="-27.825182" />
<external_axis />
</actual>
<ipo_cycle>4294899007</ipo_cycle>
</value>
<value>
<planned>
<robot_axis a1="60.690281" a2="-52.703575" a3="76.791862" a4="-179.474457" a5="-65.957047" a6="-27.682940" />
<external_axis />
</planned>
<actual>
<robot_axis a1="60.662590" a2="-52.776913" a3="76.920891" a4="-179.474121" a5="-65.900177" a6="-27.713982" />
<external_axis />
</actual>
<ipo_cycle>4294899018</ipo_cycle>
</value>
<value>
<planned>
<robot_axis a1="60.798138" a2="-52.417557" a3="76.284958" a4="-179.475204" a5="-66.176971" a6="-27.572924" />
<external_axis />
</planned>
<actual>
<robot_axis a1="60.771049" a2="-52.491455" a3="76.414543" a4="-179.474991" a5="-66.121101" a6="-27.603325" />
<external_axis />
</actual>
<ipo_cycle>4294899029</ipo_cycle>
</value>
<value>
<planned>
<robot_axis a1="60.905293" a2="-52.130314" a3="75.774704" a4="-179.476074" a5="-66.399002" a6="-27.463428" />
<external_axis />
</planned>
<actual>
<robot_axis a1="60.877903" a2="-52.204216" a3="75.905312" a4="-179.475754" a5="-66.341026" a6="-27.492817" />
<external_axis />
</actual>
<ipo_cycle>4294899040</ipo_cycle>
</value>
<value>
<planned>
<robot_axis a1="61.011745" a2="-51.841572" a3="75.260918" a4="-179.476822" a5="-66.623146" a6="-27.354780" />
<external_axis />
</planned>
<actual>
<robot_axis a1="60.984657" a2="-51.915565" a3="75.392731" a4="-179.476395" a5="-66.565720" a6="-27.383520" />
<external_axis />
</actual>
<ipo_cycle>4294899051</ipo_cycle>
</value>
<value>
<planned>
<robot_axis a1="61.117496" a2="-51.551418" a3="74.743599" a4="-179.477692" a5="-66.849518" a6="-27.246819" />
<external_axis />
</planned>
<actual>
<robot_axis a1="61.091007" a2="-51.626259" a3="74.876068" a4="-179.477371" a5="-66.791420" a6="-27.275715" />
<external_axis />
</actual>
<ipo_cycle>4294899062</ipo_cycle>
</value>
<value>
<planned>
<robot_axis a1="61.222641" a2="-51.259861" a3="74.222748" a4="-179.478439" a5="-67.077881" a6="-27.139540" />
<external_axis />
</planned>
<actual>
<robot_axis a1="61.196255" a2="-51.334885" a3="74.356049" a4="-179.478119" a5="-67.019119" a6="-27.169409" />
<external_axis />
</actual>
<ipo_cycle>4294899073</ipo_cycle>
</value>
<value>
<planned>
<robot_axis a1="61.326988" a2="-50.966797" a3="73.698181" a4="-179.479309" a5="-67.308578" a6="-27.032948" />
<external_axis />
</planned>
<actual>
<robot_axis a1="61.300499" a2="-51.042198" a3="73.832787" a4="-179.478775" a5="-67.248711" a6="-27.061981" />
<external_axis />
</actual>
<ipo_cycle>4294899084</ipo_cycle>
</value>
<value>
<planned>
<robot_axis a1="61.430733" a2="-50.672234" a3="73.169891" a4="-179.480057" a5="-67.541382" a6="-26.926874" />
<external_axis />
</planned>
<actual>
<robot_axis a1="61.403843" a2="-50.748291" a3="73.304863" a4="-179.479736" a5="-67.481850" a6="-26.955259" />
<external_axis />
</actual>
<ipo_cycle>4294899095</ipo_cycle>
</value>
<value>
<planned>
<robot_axis a1="61.533772" a2="-50.376163" a3="72.637787" a4="-179.480820" a5="-67.776527" a6="-26.821653" />
<external_axis />
</planned>
<actual>
<robot_axis a1="61.507584" a2="-50.452507" a3="72.774162" a4="-179.480392" a5="-67.715324" a6="-26.849358" />
<external_axis />
</actual>
<ipo_cycle>4294899106</ipo_cycle>
</value>
<value>
<planned>
<robot_axis a1="61.636108" a2="-50.078499" a3="72.101784" a4="-179.481674" a5="-68.013885" a6="-26.716953" />
<external_axis />
</planned>
<actual>
<robot_axis a1="61.610226" a2="-50.155403" a3="72.239090" a4="-179.481247" a5="-67.952904" a6="-26.744007" />
<external_axis />
</actual>
<ipo_cycle>4294899117</ipo_cycle>
</value>
<value>
<planned>
<robot_axis a1="61.737846" a2="-49.779148" a3="71.561882" a4="-179.482437" a5="-68.253693" a6="-26.612942" />
<external_axis />
</planned>
<actual>
<robot_axis a1="61.711861" a2="-49.856239" a3="71.700020" a4="-179.482224" a5="-68.191490" a6="-26.640636" />
<external_axis />
</actual>
<ipo_cycle>4294899128</ipo_cycle>
</value>
<value>
<planned>
<robot_axis a1="61.838982" a2="-49.478195" a3="71.017883" a4="-179.483307" a5="-68.495827" a6="-26.509455" />
<external_axis />
</planned>
<actual>
<robot_axis a1="61.812893" a2="-49.555759" a3="71.157600" a4="-179.482864" a5="-68.435074" a6="-26.537001" />
<external_axis />
</actual>
<ipo_cycle>4294899139</ipo_cycle>
</value>
<value>
<planned>
<robot_axis a1="61.939411" a2="-49.175461" a3="70.469795" a4="-179.484055" a5="-68.740410" a6="-26.406654" />
<external_axis />
</planned>
<actual>
<robot_axis a1="61.914028" a2="-49.253586" a3="70.610069" a4="-179.483734" a5="-68.677322" a6="-26.434336" />
<external_axis />
</actual>
<ipo_cycle>4294899150</ipo_cycle>
</value>
<value>
<planned>
<robot_axis a1="62.030113" a2="-48.898739" a3="69.967812" a4="-179.484818" a5="-68.964775" a6="-26.313747" />
<external_axis />
</planned>
<actual>
<robot_axis a1="62.005131" a2="-48.977615" a3="70.109200" a4="-179.484375" a5="-68.901802" a6="-26.339626" />
<external_axis />
</actual>
<ipo_cycle>4294899160</ipo_cycle>
</value>
<value>
<planned>
<robot_axis a1="62.120312" a2="-48.620605" a3="69.462395" a4="-179.485565" a5="-69.191368" a6="-26.221529" />
<external_axis />
</planned>
<actual>
<robot_axis a1="62.094929" a2="-48.699577" a3="69.605179" a4="-179.485138" a5="-69.127945" a6="-26.246416" />
<external_axis />
</actual>
<ipo_cycle>4294899170</ipo_cycle>
</value>
<value>
<planned>
<robot_axis a1="62.210007" a2="-48.340969" a3="68.953346" a4="-179.486206" a5="-69.419952" a6="-26.129498" />
<external_axis />
</planned>
<actual>
<robot_axis a1="62.184826" a2="-48.419754" a3="69.096687" a4="-179.485779" a5="-69.356415" a6="-26.154385" />
<external_axis />
</actual>
<ipo_cycle>4294899180</ipo_cycle>
</value>
<value>
<planned>
<robot_axis a1="62.299202" a2="-48.059738" a3="68.440582" a4="-179.486969" a5="-69.650764" a6="-26.038153" />
<external_axis />
</planned>
<actual>
<robot_axis a1="62.274120" a2="-48.138992" a3="68.584946" a4="-179.486649" a5="-69.584892" a6="-26.064814" />
<external_axis />
</actual>
<ipo_cycle>4294899190</ipo_cycle>
</value>
<value>
<planned>
<robot_axis a1="62.387897" a2="-47.776913" a3="67.924004" a4="-179.487717" a5="-69.883682" a6="-25.947330" />
<external_axis />
</planned>
<actual>
<robot_axis a1="62.362915" a2="-47.857010" a3="68.069862" a4="-179.487289" a5="-69.819366" a6="-25.974829" />
<external_axis />
</actual>
<ipo_cycle>4294899200</ipo_cycle>
</value>
<value>
<planned>
<robot_axis a1="62.475986" a2="-47.492489" a3="67.403717" a4="-179.488373" a5="-70.118927" a6="-25.857027" />
<external_axis />
</planned>
<actual>
<robot_axis a1="62.450905" a2="-47.572773" a3="67.550591" a4="-179.487946" a5="-70.052284" a6="-25.884169" />
<external_axis />
</actual>
<ipo_cycle>4294899210</ipo_cycle>
</value>
<value>
<planned>
<robot_axis a1="62.563679" a2="-47.206375" a3="66.879425" a4="-179.489120" a5="-70.356293" a6="-25.767082" />
<external_axis />
</planned>
<actual>
<robot_axis a1="62.538696" a2="-47.287033" a3="67.027229" a4="-179.488586" a5="-70.289093" a6="-25.793560" />
<external_axis />
</actual>
<ipo_cycle>4294899220</ipo_cycle>
</value>
<value>
<planned>
<robot_axis a1="62.650864" a2="-46.918571" a3="66.351135" a4="-179.489777" a5="-70.596100" a6="-25.677662" />
<external_axis />
</planned>
<actual>
<robot_axis a1="62.625481" a2="-47.000450" a3="66.499779" a4="-179.489456" a5="-70.527901" a6="-25.702160" />
<external_axis />
</actual>
<ipo_cycle>4294899230</ipo_cycle>
</value>
<value>
<planned>
<robot_axis a1="62.737453" a2="-46.629074" a3="65.818756" a4="-179.490524" a5="-70.838234" a6="-25.588764" />
<external_axis />
</planned>
<actual>
<robot_axis a1="62.713070" a2="-46.711330" a3="65.969070" a4="-179.490097" a5="-70.770256" a6="-25.613100" />
<external_axis />
</actual>
<ipo_cycle>4294899240</ipo_cycle>
</value>
<value>
<planned>
<robot_axis a1="62.823635" a2="-46.337704" a3="65.282196" a4="-179.491287" a5="-71.082703" a6="-25.500225" />
<external_axis />
</planned>
<actual>
<robot_axis a1="62.799557" a2="-46.419960" a3="65.433624" a4="-179.490860" a5="-71.012947" a6="-25.526014" />
<external_axis />
</actual>
<ipo_cycle>4294899250</ipo_cycle>
</value>
<value>
<planned>
<robot_axis a1="62.909321" a2="-46.044548" a3="64.741356" a4="-179.491928" a5="-71.329620" a6="-25.412374" />
<external_axis />
</planned>
<actual>
<robot_axis a1="62.884941" a2="-46.127274" a3="64.893532" a4="-179.491608" a5="-71.260864" a6="-25.438505" />
<external_axis />
</actual>
<ipo_cycle>4294899260</ipo_cycle>
</value>
<value>
<planned>
<robot_axis a1="62.994503" a2="-45.749512" a3="64.196152" a4="-179.492691" a5="-71.579086" a6="-25.324888" />
<external_axis />
</planned>
<actual>
<robot_axis a1="62.970421" a2="-45.833553" a3="64.349998" a4="-179.492142" a5="-71.507553" a6="-25.350487" />
<external_axis />
</actual>
<ipo_cycle>4294899270</ipo_cycle>
</value>
<value>
<planned>
<robot_axis a1="63.079182" a2="-45.452507" a3="63.646481" a4="-179.493332" a5="-71.830994" a6="-25.237759" />
<external_axis />
</planned>
<actual>
<robot_axis a1="63.055103" a2="-45.536736" a3="63.801445" a4="-179.493011" a5="-71.759911" a6="-25.261562" />
<external_axis />
</actual>
<ipo_cycle>4294899280</ipo_cycle>
</value>
<value>
<planned>
<robot_axis a1="63.163361" a2="-45.153526" a3="63.092167" a4="-179.493988" a5="-72.085686" a6="-25.151159" />
<external_axis />
</planned>
<actual>
<robot_axis a1="63.139782" a2="-45.238037" a3="63.248989" a4="-179.493546" a5="-72.013931" a6="-25.174625" />
<external_axis />
</actual>
<ipo_cycle>4294899290</ipo_cycle>
</value>
<value>
<planned>
<robot_axis a1="63.238811" a2="-44.882717" a3="62.589348" a4="-179.494629" a5="-72.317047" a6="-25.073593" />
<external_axis />
</planned>
<actual>
<robot_axis a1="63.215836" a2="-44.968166" a3="62.746727" a4="-179.494202" a5="-72.243965" a6="-25.099009" />
<external_axis />
</actual>
<ipo_cycle>4294899299</ipo_cycle>
</value>
<value>
<planned>
<robot_axis a1="63.313759" a2="-44.610222" a3="62.082535" a4="-179.495285" a5="-72.550636" a6="-24.996550" />
<external_axis />
</planned>
<actual>
<robot_axis a1="63.290279" a2="-44.696140" a3="62.240936" a4="-179.494843" a5="-72.478104" a6="-25.021481" />
<external_axis />
</actual>
<ipo_cycle>4294899308</ipo_cycle>
</value>
<value>
<planned>
<robot_axis a1="63.388405" a2="-44.336033" a3="61.571815" a4="-179.495926" a5="-72.786552" a6="-24.919701" />
<external_axis />
</planned>
<actual>
<robot_axis a1="63.365227" a2="-44.421856" a3="61.732170" a4="-179.495499" a5="-72.711906" a6="-24.942635" />
<external_axis />
</actual>
<ipo_cycle>4294899317</ipo_cycle>
</value>
<value>
<planned>
<robot_axis a1="63.462650" a2="-44.060059" a3="61.057007" a4="-179.496460" a5="-73.024689" a6="-24.843208" />
<external_axis />
</planned>
<actual>
<robot_axis a1="63.439171" a2="-44.146729" a3="61.218292" a4="-179.496033" a5="-72.949936" a6="-24.865650" />
<external_axis />
</actual>
<ipo_cycle>4294899326</ipo_cycle>
</value>
<value>
<planned>
<robot_axis a1="63.536594" a2="-43.782207" a3="60.538109" a4="-179.497116" a5="-73.265160" a6="-24.767239" />
<external_axis />
</planned>
<actual>
<robot_axis a1="63.513821" a2="-43.870003" a3="60.700508" a4="-179.496796" a5="-73.189522" a6="-24.791801" />
<external_axis />
</actual>
<ipo_cycle>4294899335</ipo_cycle>
</value>
<value>
<planned>
<robot_axis a1="63.610039" a2="-43.502480" a3="60.014839" a4="-179.497757" a5="-73.508072" a6="-24.691467" />
<external_axis />
</planned>
<actual>
<robot_axis a1="63.587162" a2="-43.590557" a3="60.178913" a4="-179.497330" a5="-73.431541" a6="-24.715361" />
<external_axis />
</actual>
<ipo_cycle>4294899344</ipo_cycle>
</value>
<value>
<planned>
<robot_axis a1="63.683178" a2="-43.220871" a3="59.487202" a4="-179.498306" a5="-73.753433" a6="-24.616055" />
<external_axis />
</planned>
<actual>
<robot_axis a1="63.660706" a2="-43.309608" a3="59.652206" a4="-179.497971" a5="-73.676567" a6="-24.637978" />
<external_axis />
</actual>
<ipo_cycle>4294899353</ipo_cycle>
</value>
<value>
<planned>
<robot_axis a1="63.756020" a2="-42.937199" a3="58.955196" a4="-179.498947" a5="-74.001343" a6="-24.541004" />
<external_axis />
</planned>
<actual>
<robot_axis a1="63.733044" a2="-43.026688" a3="59.121593" a4="-179.498627" a5="-73.924149" a6="-24.566694" />
<external_axis />
</actual>
<ipo_cycle>4294899362</ipo_cycle>
</value>
<value>
<planned>
<robot_axis a1="63.828358" a2="-42.651649" a3="58.418449" a4="-179.499481" a5="-74.251701" a6="-24.466314" />
<external_axis />
</planned>
<actual>
<robot_axis a1="63.805683" a2="-42.741604" a3="58.586517" a4="-179.499054" a5="-74.172279" a6="-24.491482" />
<external_axis />
</actual>
<ipo_cycle>4294899371</ipo_cycle>
</value>
<value>
<planned>
<robot_axis a1="63.900497" a2="-42.363937" a3="57.877052" a4="-179.500137" a5="-74.504837" a6="-24.391991" />
<external_axis />
</planned>
<actual>
<robot_axis a1="63.877823" a2="-42.454647" a3="58.046612" a4="-179.499817" a5="-74.426414" a6="-24.414221" />
<external_axis />
</actual>
<ipo_cycle>4294899380</ipo_cycle>
</value>
<value>
<planned>
<robot_axis a1="63.972134" a2="-42.074070" a3="57.330917" a4="-179.500671" a5="-74.760521" a6="-24.318027" />
<external_axis />
</planned>
<actual>
<robot_axis a1="63.950062" a2="-42.165245" a3="57.502426" a4="-179.500351" a5="-74.679550" a6="-24.342028" />
<external_axis />
</actual>
<ipo_cycle>4294899389</ipo_cycle>
</value>
<value>
<planned>
<robot_axis a1="64.043373" a2="-41.782322" a3="56.780411" a4="-179.501328" a5="-75.018654" a6="-24.244427" />
<external_axis />
</planned>
<actual>
<robot_axis a1="64.021599" a2="-41.874249" a3="56.952202" a4="-179.500992" a5="-74.937683" a6="-24.269245" />
<external_axis />
</actual>
<ipo_cycle>4294899398</ipo_cycle>
</value>
<value>
<planned>
<robot_axis a1="64.113701" a2="-41.490761" a3="56.229347" a4="-179.501862" a5="-75.277557" a6="-24.171818" />
<external_axis />
</planned>
<actual>
<robot_axis a1="64.092033" a2="-41.582405" a3="56.401508" a4="-179.501541" a5="-75.197029" a6="-24.193529" />
<external_axis />
</actual>
<ipo_cycle>4294899407</ipo_cycle>
</value>
<value>
<planned>
<robot_axis a1="64.183029" a2="-41.199669" a3="55.678284" a4="-179.502502" a5="-75.536911" a6="-24.100201" />
<external_axis />
</planned>
<actual>
<robot_axis a1="64.161163" a2="-41.291222" a3="55.850262" a4="-179.502075" a5="-75.455276" a6="-24.122387" />
<external_axis />
</actual>
<ipo_cycle>4294899416</ipo_cycle>
</value>
<value>
<planned>
<robot_axis a1="64.251358" a2="-40.908955" a3="55.127316" a4="-179.503052" a5="-75.796600" a6="-24.029570" />
<external_axis />
</planned>
<actual>
<robot_axis a1="64.229584" a2="-41.000130" a3="55.299477" a4="-179.502716" a5="-75.715851" a6="-24.053574" />
<external_axis />
</actual>
<ipo_cycle>4294899425</ipo_cycle>
</value>
<value>
<planned>
<robot_axis a1="64.318077" a2="-40.621712" a3="54.582108" a4="-179.503586" a5="-76.053955" a6="-23.960548" />
<external_axis />
</planned>
<actual>
<robot_axis a1="64.297012" a2="-40.709602" a3="54.748413" a4="-179.503265" a5="-75.974754" a6="-23.980801" />
<external_axis />
</actual>
<ipo_cycle>4294899434</ipo_cycle>
</value>
<syn_motion>
<program>CELL</program>
<line>31</line>
<name>XHOME</name>
<base>
<pos x="0.000000" y="0.000000" z="0.000000" a="0.000000" b="0.000000" c="0.000000" /></base>
<tool>
<pos x="0.000000" y="-140.000000" z="549.000000" a="0.000000" b="0.000000" c="0.000000" /></tool>
<ipo_mode>base</ipo_mode>
<load>
<mass>220.000000</mass>
</load>
<bco_motion>true</bco_motion>
<interrupt>false</interrupt>
<ipo_cycle>4294966928</ipo_cycle>
</syn_motion>
<value>
<planned>
<robot_axis a1="64.479111" a2="-40.959099" a3="54.673672" a4="-179.501434" a5="-76.299629" a6="-24.464022" />
<external_axis />
</planned>
<actual>
<robot_axis a1="64.474899" a2="-40.948582" a3="54.668003" a4="-179.501862" a5="-76.294075" a6="-24.447886" />
<external_axis />
</actual>
<ipo_cycle>4294967134</ipo_cycle>
</value>
<value>
<planned>
<robot_axis a1="64.617767" a2="-41.354042" a3="54.895290" a4="-179.499268" a5="-76.473000" a6="-24.965382" />
<external_axis />
</planned>
<actual>
<robot_axis a1="64.611847" a2="-41.338642" a3="54.885899" a4="-179.499924" a5="-76.465897" a6="-24.944963" />
<external_axis />
</actual>
<ipo_cycle>4294967214</ipo_cycle>
</value>
<value>
<planned>
<robot_axis a1="64.757233" a2="-41.751522" a3="55.118393" a4="-179.497116" a5="-76.647369" a6="-25.469870" />
<external_axis />
</planned>
<actual>
<robot_axis a1="64.751007" a2="-41.734245" a3="55.109375" a4="-179.497437" a5="-76.639816" a6="-25.448786" />
<external_axis />
</actual>
<ipo_cycle>4294967279</ipo_cycle>
</value>
</poslog>
